{"type":"FeatureCollection","_meta":{"sources":["https://data.dontgetflocked.com/cameras.geojson.gz","https://flocksurveillance.org/data/cameras.tsv"],"asOf":"2026-10-01T19:01:18.026Z","region":"wasatch-front","count":1803},"features":[{"type":"Feature","geometry":{"type":"Point","coordinates":[-111.9595026,41.2182377]},"properties":{"brand":"Flock Safety","operator":"Flock Safety","surveillanceZone":"traffic","osmId":12332700153,"direction":155,"source":"deflock"}},{"type":"Feature","geometry":{"type":"Point","coordinates":[-111.9736149,41.2028655]},"properties":{"brand":"Flock Safety","operator":"Flock Safety","surveillanceZone":"traffic","osmId":12332988574,"direction":325,"source":"deflock"}},{"type":"Feature","geometry":{"type":"Point","coordinates":[-113.6230677,37.1409466]},"properties":{"brand":"Motorola Solutions","operator":"","surveillanceZone":"traffic","osmId":12363567930,"direction":200,"source":"deflock"}},{"type":"Feature","geometry":{"type":"Point","coordinates":[-109.5804479,38.6060377]},"properties":{"brand":"Flock Safety","operator":"","surveillanceZone":"traffic","osmId":12391337156,"direction":95,"source":"deflock"}},{"type":"Feature","geometry":{"type":"Point","coordinates":[-112.5088885,40.6261354]},"properties":{"brand":"Flock Safety","operator":"","surveillanceZone":"traffic","osmId":12402630951,"direction":120,"source":"deflock"}},{"type":"Feature","geometry":{"type":"Point","coordinates":[-112.3711533,40.6130056]},"properties":{"brand":"Flock Safety","operator":"","surveillanceZone":"traffic","osmId":12402630952,"direction":155,"source":"deflock"}},{"type":"Feature","geometry":{"type":"Point","coordinates":[-112.3698407,40.567844]},"properties":{"brand":"Flock Safety","operator":"","surveillanceZone":"traffic","osmId":12402630953,"direction":90,"source":"deflock"}},{"type":"Feature","geometry":{"type":"Point","coordinates":[-112.3536762,40.5607403]},"properties":{"brand":"Flock Safety","operator":"","surveillanceZone":"traffic","osmId":12402630954,"direction":285,"source":"deflock"}},{"type":"Feature","geometry":{"type":"Point","coordinates":[-112.274325,40.5574951]},"properties":{"brand":"Flock Safety","operator":"","surveillanceZone":"traffic","osmId":12402709186,"direction":335,"source":"deflock"}},{"type":"Feature","geometry":{"type":"Point","coordinates":[-111.8854633,40.9111857]},"properties":{"brand":"Flock Safety","operator":"","surveillanceZone":"traffic","osmId":12408479294,"direction":330,"source":"deflock"}},{"type":"Feature","geometry":{"type":"Point","coordinates":[-111.7972789,40.4472369]},"properties":{"brand":"Flock Safety","operator":"Lone Peak Police Department","surveillanceZone":"","osmId":12557429646,"direction":345,"source":"deflock"}},{"type":"Feature","geometry":{"type":"Point","coordinates":[-111.7972873,40.4472077]},"properties":{"brand":"Flock Safety","operator":"Lone Peak Police Department","surveillanceZone":"","osmId":12557429647,"direction":245,"source":"deflock"}},{"type":"Feature","geometry":{"type":"Point","coordinates":[-111.7842363,40.4406885]},"properties":{"brand":"Flock Safety","operator":"Lone Peak Police Department","surveillanceZone":"","osmId":12557429648,"direction":345,"source":"deflock"}},{"type":"Feature","geometry":{"type":"Point","coordinates":[-111.7844225,40.4413246]},"properties":{"brand":"Flock Safety","operator":"Lone Peak Police Department","surveillanceZone":"","osmId":12557429649,"direction":157,"source":"deflock"}},{"type":"Feature","geometry":{"type":"Point","coordinates":[-111.7734025,40.43926]},"properties":{"brand":"Flock Safety","operator":"Lone Peak Police Department","surveillanceZone":"","osmId":12557429650,"direction":195,"source":"deflock"}},{"type":"Feature","geometry":{"type":"Point","coordinates":[-111.8640508,39.7099736]},"properties":{"brand":"","operator":"Flock Safety","surveillanceZone":"traffic","osmId":12623472372,"direction":90,"source":"deflock"}},{"type":"Feature","geometry":{"type":"Point","coordinates":[-113.9994598,40.7464749]},"properties":{"brand":"","operator":"Utah Department of Transportation","surveillanceZone":"traffic","osmId":12634043576,"direction":180,"source":"deflock"}},{"type":"Feature","geometry":{"type":"Point","coordinates":[-111.6769319,40.233658]},"properties":{"brand":"Flock Safety","operator":"","surveillanceZone":"traffic","osmId":12639805139,"direction":30,"source":"deflock"}},{"type":"Feature","geometry":{"type":"Point","coordinates":[-111.8103797,40.7198272]},"properties":{"brand":"Flock Safety","operator":"","surveillanceZone":"traffic","osmId":12643683585,"direction":300,"source":"deflock"}},{"type":"Feature","geometry":{"type":"Point","coordinates":[-111.9209295,40.6094861]},"properties":{"brand":"Motorola Solutions","operator":"","surveillanceZone":"traffic","osmId":12643711957,"direction":40,"source":"deflock"}},{"type":"Feature","geometry":{"type":"Point","coordinates":[-111.9663935,40.6677334]},"properties":{"brand":"Motorola Solutions","operator":"","surveillanceZone":"traffic","osmId":12644422526,"direction":240,"source":"deflock"}},{"type":"Feature","geometry":{"type":"Point","coordinates":[-112.0246975,40.6971375]},"properties":{"brand":"Flock Safety","operator":"","surveillanceZone":"traffic","osmId":12644459259,"direction":330,"source":"deflock"}},{"type":"Feature","geometry":{"type":"Point","coordinates":[-111.9392726,40.6465827]},"properties":{"brand":"","operator":"","surveillanceZone":"traffic","osmId":12644492217,"direction":245,"source":"deflock"}},{"type":"Feature","geometry":{"type":"Point","coordinates":[-111.9347346,40.8360237]},"properties":{"brand":"Flock Safety","operator":"","surveillanceZone":"traffic","osmId":12646600775,"direction":350,"source":"deflock"}},{"type":"Feature","geometry":{"type":"Point","coordinates":[-111.9084071,40.861696]},"properties":{"brand":"Flock Safety","operator":"","surveillanceZone":"traffic","osmId":12646600776,"direction":240,"source":"deflock"}},{"type":"Feature","geometry":{"type":"Point","coordinates":[-111.9401679,40.6677795]},"properties":{"brand":"Motorola Solutions","operator":"","surveillanceZone":"traffic","osmId":12647153795,"direction":250,"source":"deflock"}},{"type":"Feature","geometry":{"type":"Point","coordinates":[-112.0246866,40.7006991]},"properties":{"brand":"Motorola Solutions","operator":"","surveillanceZone":"traffic","osmId":12647153796,"direction":330,"source":"deflock"}},{"type":"Feature","geometry":{"type":"Point","coordinates":[-111.9788922,40.6822408]},"properties":{"brand":"","operator":"","surveillanceZone":"traffic","osmId":12647153797,"direction":245,"source":"deflock"}},{"type":"Feature","geometry":{"type":"Point","coordinates":[-111.9508577,40.6822908]},"properties":{"brand":"","operator":"","surveillanceZone":"traffic","osmId":12648537874,"direction":255,"source":"deflock"}},{"type":"Feature","geometry":{"type":"Point","coordinates":[-111.9390936,40.6973395]},"properties":{"brand":"","operator":"","surveillanceZone":"traffic","osmId":12648537875,"direction":155,"source":"deflock"}},{"type":"Feature","geometry":{"type":"Point","coordinates":[-111.9386685,40.6621941]},"properties":{"brand":"Flock Safety","operator":"","surveillanceZone":"traffic","osmId":12648559438,"direction":325,"source":"deflock"}},{"type":"Feature","geometry":{"type":"Point","coordinates":[-111.9386543,40.6481371]},"properties":{"brand":"","operator":"","surveillanceZone":"traffic","osmId":12648559439,"direction":325,"source":"deflock"}},{"type":"Feature","geometry":{"type":"Point","coordinates":[-111.939065,40.6832926]},"properties":{"brand":"","operator":"","surveillanceZone":"traffic","osmId":12648559440,"direction":155,"source":"deflock"}},{"type":"Feature","geometry":{"type":"Point","coordinates":[-111.9424435,40.6964866]},"properties":{"brand":"Motorola Solutions","operator":"","surveillanceZone":"traffic","osmId":12648559441,"direction":35,"source":"deflock"}},{"type":"Feature","geometry":{"type":"Point","coordinates":[-111.8654984,40.375544]},"properties":{"brand":"","operator":"Shiny Shell Carwash","surveillanceZone":"entrance","osmId":12650349471,"direction":240,"source":"deflock"}},{"type":"Feature","geometry":{"type":"Point","coordinates":[-111.8654995,40.3755127]},"properties":{"brand":"","operator":"Shiny Shell Carwash","surveillanceZone":"entrance","osmId":12650349473,"direction":240,"source":"deflock"}},{"type":"Feature","geometry":{"type":"Point","coordinates":[-111.9297996,40.6532686]},"properties":{"brand":"","operator":"","surveillanceZone":"traffic","osmId":12650495997,"direction":315,"source":"deflock"}},{"type":"Feature","geometry":{"type":"Point","coordinates":[-111.967311,40.6532845]},"properties":{"brand":"","operator":"","surveillanceZone":"traffic","osmId":12650495998,"direction":320,"source":"deflock"}},{"type":"Feature","geometry":{"type":"Point","coordinates":[-111.9675702,40.6698474]},"properties":{"brand":"","operator":"","surveillanceZone":"traffic","osmId":12650495999,"direction":155,"source":"deflock"}},{"type":"Feature","geometry":{"type":"Point","coordinates":[-111.9497602,40.6532113]},"properties":{"brand":"Motorola Solutions","operator":"","surveillanceZone":"traffic","osmId":12650496000,"direction":245,"source":"deflock"}},{"type":"Feature","geometry":{"type":"Point","coordinates":[-111.9455593,40.6675175]},"properties":{"brand":"","operator":"","surveillanceZone":"traffic","osmId":12651077118,"direction":60,"source":"deflock"}},{"type":"Feature","geometry":{"type":"Point","coordinates":[-111.9230323,40.6531799]},"properties":{"brand":"Motorola Solutions","operator":"","surveillanceZone":"traffic","osmId":12651077119,"direction":245,"source":"deflock"}},{"type":"Feature","geometry":{"type":"Point","coordinates":[-111.8884345,40.7303798]},"properties":{"brand":"Motorola Solutions","operator":"","surveillanceZone":"traffic","osmId":12651077120,"direction":150,"source":"deflock"}},{"type":"Feature","geometry":{"type":"Point","coordinates":[-111.8880364,40.7379223]},"properties":{"brand":"","operator":"","surveillanceZone":"traffic","osmId":12651077121,"direction":325,"source":"deflock"}},{"type":"Feature","geometry":{"type":"Point","coordinates":[-111.8910232,40.593874]},"properties":{"brand":"Flock Safety","operator":"","surveillanceZone":"traffic","osmId":12651077123,"direction":155,"source":"deflock"}},{"type":"Feature","geometry":{"type":"Point","coordinates":[-111.9836833,40.667372]},"properties":{"brand":"","operator":"","surveillanceZone":"traffic","osmId":12654101965,"direction":160,"source":"deflock"}},{"type":"Feature","geometry":{"type":"Point","coordinates":[-111.977168,40.6852062]},"properties":{"brand":"Motorola Solutions","operator":"","surveillanceZone":"traffic","osmId":12654101966,"direction":160,"source":"deflock"}},{"type":"Feature","geometry":{"type":"Point","coordinates":[-111.9729472,40.6967902]},"properties":{"brand":"Motorola Solutions","operator":"","surveillanceZone":"traffic","osmId":12657755280,"direction":245,"source":"deflock"}},{"type":"Feature","geometry":{"type":"Point","coordinates":[-112.004788,40.6966841]},"properties":{"brand":"Motorola Solutions","operator":"","surveillanceZone":"traffic","osmId":12657755281,"direction":255,"source":"deflock"}},{"type":"Feature","geometry":{"type":"Point","coordinates":[-112.0293951,40.6819477]},"properties":{"brand":"Flock Safety","operator":"","surveillanceZone":"traffic","osmId":12657755283,"direction":55,"source":"deflock"}},{"type":"Feature","geometry":{"type":"Point","coordinates":[-111.8714565,40.7203954]},"properties":{"brand":"Motorola Solutions","operator":"","surveillanceZone":"traffic","osmId":12657755284,"direction":140,"source":"deflock"}},{"type":"Feature","geometry":{"type":"Point","coordinates":[-112.0486443,40.5661588]},"properties":{"brand":"Flock Safety","operator":"","surveillanceZone":"traffic","osmId":12669081785,"direction":20,"source":"deflock"}},{"type":"Feature","geometry":{"type":"Point","coordinates":[-112.0617187,40.565922]},"properties":{"brand":"Flock Safety","operator":"","surveillanceZone":"traffic","osmId":12669084807,"direction":70,"source":"deflock"}},{"type":"Feature","geometry":{"type":"Point","coordinates":[-112.0619182,40.5731378]},"properties":{"brand":"Flock Safety","operator":"","surveillanceZone":"traffic","osmId":12669088100,"direction":55,"source":"deflock"}},{"type":"Feature","geometry":{"type":"Point","coordinates":[-111.939565,40.6494879]},"properties":{"brand":"","operator":"","surveillanceZone":"traffic","osmId":12672389950,"direction":230,"source":"deflock"}},{"type":"Feature","geometry":{"type":"Point","coordinates":[-111.872365,40.6106397]},"properties":{"brand":"Motorola Solutions","operator":"","surveillanceZone":"traffic","osmId":12672389952,"direction":140,"source":"deflock"}},{"type":"Feature","geometry":{"type":"Point","coordinates":[-111.90712,40.6672548]},"properties":{"brand":"Motorola Solutions","operator":"","surveillanceZone":"traffic","osmId":12673200763,"direction":225,"source":"deflock"}},{"type":"Feature","geometry":{"type":"Point","coordinates":[-113.0817139,37.6809578]},"properties":{"brand":"Flock Safety","operator":"","surveillanceZone":"traffic","osmId":12680427740,"direction":240,"source":"deflock"}},{"type":"Feature","geometry":{"type":"Point","coordinates":[-111.9343634,40.6523105]},"properties":{"brand":"Motorola Solutions","operator":"","surveillanceZone":"traffic","osmId":12706064022,"direction":250,"source":"deflock"}},{"type":"Feature","geometry":{"type":"Point","coordinates":[-111.9380698,40.6514233]},"properties":{"brand":"Motorola Solutions","operator":"","surveillanceZone":"traffic","osmId":12706064023,"direction":120,"source":"deflock"}},{"type":"Feature","geometry":{"type":"Point","coordinates":[-111.8901459,40.6279266]},"properties":{"brand":"Flock Safety","operator":"","surveillanceZone":"traffic","osmId":12706093248,"direction":160,"source":"deflock"}},{"type":"Feature","geometry":{"type":"Point","coordinates":[-111.9549383,40.6968414]},"properties":{"brand":"Flock Safety","operator":"","surveillanceZone":"traffic","osmId":12706093249,"direction":240,"source":"deflock"}},{"type":"Feature","geometry":{"type":"Point","coordinates":[-111.8905687,40.5701707]},"properties":{"brand":"Motorola Solutions","operator":"","surveillanceZone":"traffic","osmId":12708591706,"direction":334,"source":"deflock"}},{"type":"Feature","geometry":{"type":"Point","coordinates":[-111.8906745,40.5962312]},"properties":{"brand":"Flock Safety","operator":"","surveillanceZone":"traffic","osmId":12708605477,"direction":340,"source":"deflock"}},{"type":"Feature","geometry":{"type":"Point","coordinates":[-111.9071131,40.6672551]},"properties":{"brand":"Motorola Solutions","operator":"","surveillanceZone":"traffic","osmId":12708756730,"direction":110,"source":"deflock"}},{"type":"Feature","geometry":{"type":"Point","coordinates":[-111.9987529,40.7037867]},"properties":{"brand":"Flock Safety","operator":"","surveillanceZone":"traffic","osmId":12709667847,"direction":75,"source":"deflock"}},{"type":"Feature","geometry":{"type":"Point","coordinates":[-111.9771268,40.6699335]},"properties":{"brand":"Motorola Solutions","operator":"","surveillanceZone":"traffic","osmId":12717074948,"direction":150,"source":"deflock"}},{"type":"Feature","geometry":{"type":"Point","coordinates":[-111.9723811,40.6674095]},"properties":{"brand":"Motorola Solutions","operator":"","surveillanceZone":"traffic","osmId":12717074950,"direction":155,"source":"deflock"}},{"type":"Feature","geometry":{"type":"Point","coordinates":[-111.9058355,40.7585651]},"properties":{"brand":"Motorola Solutions","operator":"","surveillanceZone":"traffic","osmId":12726297027,"direction":250,"source":"deflock"}},{"type":"Feature","geometry":{"type":"Point","coordinates":[-111.4655492,40.6814864]},"properties":{"brand":"Motorola Solutions","operator":"","surveillanceZone":"traffic","osmId":12779086893,"direction":204,"source":"deflock"}},{"type":"Feature","geometry":{"type":"Point","coordinates":[-111.4949064,40.6460637]},"properties":{"brand":"Flock Safety","operator":"","surveillanceZone":"traffic","osmId":12779115628,"direction":307,"source":"deflock"}},{"type":"Feature","geometry":{"type":"Point","coordinates":[-111.4974153,40.6482745]},"properties":{"brand":"Flock Safety","operator":"","surveillanceZone":"traffic","osmId":12779115629,"direction":139,"source":"deflock"}},{"type":"Feature","geometry":{"type":"Point","coordinates":[-111.4876295,40.6681905]},"properties":{"brand":"Flock Safety","operator":"","surveillanceZone":"traffic","osmId":12779115630,"direction":76,"source":"deflock"}},{"type":"Feature","geometry":{"type":"Point","coordinates":[-111.4923009,40.6206105]},"properties":{"brand":"Flock Safety","operator":"","surveillanceZone":"traffic","osmId":12779115824,"direction":265,"source":"deflock"}},{"type":"Feature","geometry":{"type":"Point","coordinates":[-111.5357927,40.6829546]},"properties":{"brand":"Flock Safety","operator":"","surveillanceZone":"traffic","osmId":12783977497,"direction":300,"source":"deflock"}},{"type":"Feature","geometry":{"type":"Point","coordinates":[-111.5317672,40.680745]},"properties":{"brand":"Flock Safety","operator":"","surveillanceZone":"traffic","osmId":12783977498,"direction":114,"source":"deflock"}},{"type":"Feature","geometry":{"type":"Point","coordinates":[-111.9392256,40.728321]},"properties":{"brand":"Motorola Solutions","operator":"","surveillanceZone":"traffic","osmId":12798481425,"direction":145,"source":"deflock"}},{"type":"Feature","geometry":{"type":"Point","coordinates":[-111.9390626,40.6715164]},"properties":{"brand":"Motorola Solutions","operator":"","surveillanceZone":"traffic","osmId":12798481426,"direction":135,"source":"deflock"}},{"type":"Feature","geometry":{"type":"Point","coordinates":[-111.9862021,40.6100625]},"properties":{"brand":"Flock Safety","operator":"","surveillanceZone":"traffic","osmId":12798481427,"direction":325,"source":"deflock"}},{"type":"Feature","geometry":{"type":"Point","coordinates":[-111.9791982,40.6200929]},"properties":{"brand":"Flock Safety","operator":"","surveillanceZone":"traffic","osmId":12798481428,"direction":215,"source":"deflock"}},{"type":"Feature","geometry":{"type":"Point","coordinates":[-112.0249255,40.6774336]},"properties":{"brand":"Flock Safety","operator":"","surveillanceZone":"traffic","osmId":12798481429,"direction":145,"source":"deflock"}},{"type":"Feature","geometry":{"type":"Point","coordinates":[-111.9751139,40.6093404]},"properties":{"brand":"Flock Safety","operator":"","surveillanceZone":"traffic","osmId":12798481430,"direction":50,"source":"deflock"}},{"type":"Feature","geometry":{"type":"Point","coordinates":[-111.9594974,40.6529566]},"properties":{"brand":"Motorola Solutions","operator":"","surveillanceZone":"traffic","osmId":12798481431,"direction":65,"source":"deflock"}},{"type":"Feature","geometry":{"type":"Point","coordinates":[-111.9431173,40.6529528]},"properties":{"brand":"","operator":"","surveillanceZone":"traffic","osmId":12798481432,"direction":160,"source":"deflock"}},{"type":"Feature","geometry":{"type":"Point","coordinates":[-111.9918752,40.6375762]},"properties":{"brand":"Flock Safety","operator":"","surveillanceZone":"traffic","osmId":12806553824,"direction":155,"source":"deflock"}},{"type":"Feature","geometry":{"type":"Point","coordinates":[-111.891938,40.5463468]},"properties":{"brand":"Flock Surveillance","operator":"","surveillanceZone":"traffic","osmId":12812222437,"direction":255,"source":"deflock"}},{"type":"Feature","geometry":{"type":"Point","coordinates":[-111.8927139,40.5474507]},"properties":{"brand":"Flock Surveillance","operator":"","surveillanceZone":"traffic","osmId":12812222438,"direction":208,"source":"deflock"}},{"type":"Feature","geometry":{"type":"Point","coordinates":[-111.9427363,40.6387132]},"properties":{"brand":"Flock Safety","operator":"","surveillanceZone":"traffic","osmId":12849758304,"direction":230,"source":"deflock"}},{"type":"Feature","geometry":{"type":"Point","coordinates":[-111.9679713,40.7254203]},"properties":{"brand":"Flock Safety","operator":"","surveillanceZone":"","osmId":12878472459,"direction":145,"source":"deflock"}},{"type":"Feature","geometry":{"type":"Point","coordinates":[-111.9454444,40.682048]},"properties":{"brand":"Motorola Solutions","operator":"","surveillanceZone":"","osmId":12878472460,"direction":60,"source":"deflock"}},{"type":"Feature","geometry":{"type":"Point","coordinates":[-111.9581531,40.677344]},"properties":{"brand":"Motorola Solutions","operator":"","surveillanceZone":"","osmId":12878615500,"direction":160,"source":"deflock"}},{"type":"Feature","geometry":{"type":"Point","coordinates":[-111.905673,40.674734]},"properties":{"brand":"Motorola Solutions","operator":"","surveillanceZone":"","osmId":12880426012,"direction":250,"source":"deflock"}},{"type":"Feature","geometry":{"type":"Point","coordinates":[-111.8911268,40.6822487]},"properties":{"brand":"Motorola Solutions","operator":"","surveillanceZone":"","osmId":12880426013,"direction":335,"source":"deflock"}},{"type":"Feature","geometry":{"type":"Point","coordinates":[-111.9165867,40.7605432]},"properties":{"brand":"Motorola Solutions","operator":"","surveillanceZone":"","osmId":12880426014,"direction":60,"source":"deflock"}},{"type":"Feature","geometry":{"type":"Point","coordinates":[-111.9376191,40.7605449]},"properties":{"brand":"Motorola Solutions","operator":"","surveillanceZone":"","osmId":12880426015,"direction":65,"source":"deflock"}},{"type":"Feature","geometry":{"type":"Point","coordinates":[-111.8884309,40.7477773]},"properties":{"brand":"Motorola Solutions","operator":"","surveillanceZone":"","osmId":12880426016,"direction":160,"source":"deflock"}},{"type":"Feature","geometry":{"type":"Point","coordinates":[-111.8826794,40.6869722]},"properties":{"brand":"Motorola Solutions","operator":"","surveillanceZone":"","osmId":12880426017,"direction":55,"source":"deflock"}},{"type":"Feature","geometry":{"type":"Point","coordinates":[-111.9110236,40.686896]},"properties":{"brand":"Motorola Solutions","operator":"","surveillanceZone":"","osmId":12880426018,"direction":60,"source":"deflock"}},{"type":"Feature","geometry":{"type":"Point","coordinates":[-111.9779636,40.6096575]},"properties":{"brand":"","operator":"","surveillanceZone":"","osmId":12880426019,"direction":250,"source":"deflock"}},{"type":"Feature","geometry":{"type":"Point","coordinates":[-111.9864953,40.6688372]},"properties":{"brand":"Motorola Solutions","operator":"","surveillanceZone":"","osmId":12883916871,"direction":335,"source":"deflock"}},{"type":"Feature","geometry":{"type":"Point","coordinates":[-111.9387201,40.6848361]},"properties":{"brand":"Motorola Solutions","operator":"","surveillanceZone":"","osmId":12883916872,"direction":335,"source":"deflock"}},{"type":"Feature","geometry":{"type":"Point","coordinates":[-111.9675646,40.6663526]},"properties":{"brand":"Motorola Solutions","operator":"","surveillanceZone":"","osmId":12883916873,"direction":160,"source":"deflock"}},{"type":"Feature","geometry":{"type":"Point","coordinates":[-111.6355166,40.1345704]},"properties":{"brand":"Flock Safety","operator":"Spanish Fork Police Department","surveillanceZone":"traffic","osmId":12884440033,"direction":340,"source":"deflock"}},{"type":"Feature","geometry":{"type":"Point","coordinates":[-111.7668589,40.3512361]},"properties":{"brand":"Flock Safety","operator":"","surveillanceZone":"traffic","osmId":12908024634,"direction":10,"source":"deflock"}},{"type":"Feature","geometry":{"type":"Point","coordinates":[-111.7731613,40.4083263]},"properties":{"brand":"Flock Safety","operator":"","surveillanceZone":"traffic","osmId":12908024635,"direction":330,"source":"deflock"}},{"type":"Feature","geometry":{"type":"Point","coordinates":[-111.7526609,40.4321775]},"properties":{"brand":"Flock Safety","operator":"","surveillanceZone":"traffic","osmId":12908024636,"direction":220,"source":"deflock"}},{"type":"Feature","geometry":{"type":"Point","coordinates":[-111.7405429,40.355046]},"properties":{"brand":"Flock Safety","operator":"","surveillanceZone":"traffic","osmId":12908024637,"direction":330,"source":"deflock"}},{"type":"Feature","geometry":{"type":"Point","coordinates":[-111.7408597,40.3518799]},"properties":{"brand":"Flock Safety","operator":"","surveillanceZone":"traffic","osmId":12908024638,"direction":150,"source":"deflock"}},{"type":"Feature","geometry":{"type":"Point","coordinates":[-111.7413947,40.3508739]},"properties":{"brand":"Flock Safety","operator":"","surveillanceZone":"traffic","osmId":12908024639,"direction":240,"source":"deflock"}},{"type":"Feature","geometry":{"type":"Point","coordinates":[-111.7373493,40.3274858]},"properties":{"brand":"Flock Safety","operator":"","surveillanceZone":"traffic","osmId":12908024640,"direction":300,"source":"deflock"}},{"type":"Feature","geometry":{"type":"Point","coordinates":[-111.8981029,40.7000314]},"properties":{"brand":"Flock Safety","operator":"","surveillanceZone":"traffic","osmId":12915979480,"direction":230,"source":"deflock"}},{"type":"Feature","geometry":{"type":"Point","coordinates":[-111.894426,40.7607991]},"properties":{"brand":"Flock Safety","operator":"","surveillanceZone":"traffic","osmId":12915979481,"direction":230,"source":"deflock"}},{"type":"Feature","geometry":{"type":"Point","coordinates":[-111.6623547,40.2308068]},"properties":{"brand":"Flock Safety","operator":"","surveillanceZone":"traffic","osmId":12978247650,"direction":145,"source":"deflock"}},{"type":"Feature","geometry":{"type":"Point","coordinates":[-111.6682429,40.2339141]},"properties":{"brand":"Flock Safety","operator":"","surveillanceZone":"traffic","osmId":12978247652,"direction":230,"source":"deflock"}},{"type":"Feature","geometry":{"type":"Point","coordinates":[-113.0847819,37.6494734]},"properties":{"brand":"Flock Safety","operator":"Cedar City Police Department","surveillanceZone":"traffic","osmId":12995945536,"direction":20,"source":"deflock"}},{"type":"Feature","geometry":{"type":"Point","coordinates":[-113.0505495,37.7264929]},"properties":{"brand":"Flock Safety","operator":"Cedar City Police Department","surveillanceZone":"traffic","osmId":12999874462,"direction":120,"source":"deflock"}},{"type":"Feature","geometry":{"type":"Point","coordinates":[-113.076091,37.6946232]},"properties":{"brand":"Flock Safety","operator":"Cedar City Police Department","surveillanceZone":"traffic","osmId":12999874464,"direction":80,"source":"deflock"}},{"type":"Feature","geometry":{"type":"Point","coordinates":[-113.0489904,37.732432]},"properties":{"brand":"Flock Safety","operator":"Cedar City Police Department","surveillanceZone":"traffic","osmId":12999874465,"direction":180,"source":"deflock"}},{"type":"Feature","geometry":{"type":"Point","coordinates":[-112.0349484,41.2696479]},"properties":{"brand":"Flock Safety","operator":"","surveillanceZone":"","osmId":13003363612,"direction":275,"source":"deflock"}},{"type":"Feature","geometry":{"type":"Point","coordinates":[-111.9060897,40.7607503]},"properties":{"brand":"unknown","operator":"","surveillanceZone":"","osmId":13003385309,"direction":260,"source":"deflock"}},{"type":"Feature","geometry":{"type":"Point","coordinates":[-111.9508118,41.0446417]},"properties":{"brand":"Flock Safety","operator":"","surveillanceZone":"street","osmId":13004698339,"direction":176,"source":"deflock"}},{"type":"Feature","geometry":{"type":"Point","coordinates":[-111.915756,40.8218596]},"properties":{"brand":"Flock","operator":"","surveillanceZone":"traffic","osmId":13005500847,"direction":340,"source":"deflock"}},{"type":"Feature","geometry":{"type":"Point","coordinates":[-111.9513734,41.0382951]},"properties":{"brand":"Flock Safety","operator":"","surveillanceZone":"","osmId":13007768363,"direction":260,"source":"deflock"}},{"type":"Feature","geometry":{"type":"Point","coordinates":[-112.5212018,40.6384296]},"properties":{"brand":"Flock Safety","operator":"","surveillanceZone":"","osmId":13039714179,"direction":90,"source":"deflock"}},{"type":"Feature","geometry":{"type":"Point","coordinates":[-112.3627094,40.4517601]},"properties":{"brand":"Flock Safety","operator":"","surveillanceZone":"","osmId":13039743622,"direction":185,"source":"deflock"}},{"type":"Feature","geometry":{"type":"Point","coordinates":[-112.3627786,40.4512527]},"properties":{"brand":"Flock Safety","operator":"","surveillanceZone":"","osmId":13039770641,"direction":0,"source":"deflock"}},{"type":"Feature","geometry":{"type":"Point","coordinates":[-112.2949728,40.5744958]},"properties":{"brand":"Flock Safety","operator":"","surveillanceZone":"","osmId":13040288955,"direction":175,"source":"deflock"}},{"type":"Feature","geometry":{"type":"Point","coordinates":[-112.422087,40.5996777]},"properties":{"brand":"Flock Safety","operator":"","surveillanceZone":"","osmId":13040382847,"direction":250,"source":"deflock"}},{"type":"Feature","geometry":{"type":"Point","coordinates":[-112.3378227,40.5428231]},"properties":{"brand":"Flock Safety","operator":"","surveillanceZone":"","osmId":13040396756,"direction":109,"source":"deflock"}},{"type":"Feature","geometry":{"type":"Point","coordinates":[-112.4257737,40.5923097]},"properties":{"brand":"Flock Safety","operator":"","surveillanceZone":"","osmId":13040403532,"direction":235,"source":"deflock"}},{"type":"Feature","geometry":{"type":"Point","coordinates":[-112.4827518,40.6023004]},"properties":{"brand":"Flock Safety","operator":"","surveillanceZone":"","osmId":13040409463,"direction":45,"source":"deflock"}},{"type":"Feature","geometry":{"type":"Point","coordinates":[-112.3214894,40.5033246]},"properties":{"brand":"Flock Safety","operator":"","surveillanceZone":"","osmId":13040432643,"direction":10,"source":"deflock"}},{"type":"Feature","geometry":{"type":"Point","coordinates":[-112.4778407,40.5878047]},"properties":{"brand":"Flock Safety","operator":"","surveillanceZone":"","osmId":13040432763,"direction":5,"source":"deflock"}},{"type":"Feature","geometry":{"type":"Point","coordinates":[-111.9974307,41.236684]},"properties":{"brand":"Flock Safety","operator":"","surveillanceZone":"","osmId":13052420952,"direction":275,"source":"deflock"}},{"type":"Feature","geometry":{"type":"Point","coordinates":[-113.0563879,37.7314323]},"properties":{"brand":"Flock Safety","operator":"","surveillanceZone":"","osmId":13070053710,"direction":255,"source":"deflock"}},{"type":"Feature","geometry":{"type":"Point","coordinates":[-111.6865631,40.0616774]},"properties":{"brand":"Flock Safety","operator":"","surveillanceZone":"","osmId":13097436631,"direction":70,"source":"deflock"}},{"type":"Feature","geometry":{"type":"Point","coordinates":[-111.6585785,40.0808449]},"properties":{"brand":"Flock Safety","operator":"","surveillanceZone":"traffic","osmId":13097601374,"direction":355,"source":"deflock"}},{"type":"Feature","geometry":{"type":"Point","coordinates":[-111.6645119,40.2069614]},"properties":{"brand":"Flock Safety","operator":"","surveillanceZone":"","osmId":13097610238,"direction":300,"source":"deflock"}},{"type":"Feature","geometry":{"type":"Point","coordinates":[-111.8362081,39.7324564]},"properties":{"brand":"Flock Safety","operator":"","surveillanceZone":"","osmId":13099215862,"direction":160,"source":"deflock"}},{"type":"Feature","geometry":{"type":"Point","coordinates":[-111.8512796,40.6249457]},"properties":{"brand":"Flock Safety","operator":"","surveillanceZone":"","osmId":13104565312,"direction":180,"source":"deflock"}},{"type":"Feature","geometry":{"type":"Point","coordinates":[-113.0615823,37.6775107]},"properties":{"brand":"Flock Safety","operator":"","surveillanceZone":"traffic","osmId":13109855970,"direction":220,"source":"deflock"}},{"type":"Feature","geometry":{"type":"Point","coordinates":[-113.0619212,37.6772525]},"properties":{"brand":"Flock Safety","operator":"","surveillanceZone":"traffic","osmId":13109878227,"direction":155,"source":"deflock"}},{"type":"Feature","geometry":{"type":"Point","coordinates":[-113.0792796,37.6542212]},"properties":{"brand":"Flock Safety","operator":"","surveillanceZone":"traffic","osmId":13109890690,"direction":25,"source":"deflock"}},{"type":"Feature","geometry":{"type":"Point","coordinates":[-111.8909301,40.9485539]},"properties":{"brand":"Flock Safety","operator":"","surveillanceZone":"","osmId":13125698121,"direction":320,"source":"deflock"}},{"type":"Feature","geometry":{"type":"Point","coordinates":[-111.8912655,40.9485535]},"properties":{"brand":"Flock Safety","operator":"","surveillanceZone":"","osmId":13125698122,"direction":35,"source":"deflock"}},{"type":"Feature","geometry":{"type":"Point","coordinates":[-111.8724021,40.5925369]},"properties":{"brand":"Flock Safety","operator":"","surveillanceZone":"","osmId":13125715560,"direction":150,"source":"deflock"}},{"type":"Feature","geometry":{"type":"Point","coordinates":[-111.364348,40.5078707]},"properties":{"brand":"Flock Safety","operator":"","surveillanceZone":"","osmId":13126283560,"direction":240,"source":"deflock"}},{"type":"Feature","geometry":{"type":"Point","coordinates":[-113.2778376,37.1895891]},"properties":{"brand":"Motorola Solutions","operator":"","surveillanceZone":"","osmId":13131253193,"direction":350,"source":"deflock"}},{"type":"Feature","geometry":{"type":"Point","coordinates":[-111.7127347,40.2168849]},"properties":{"brand":"Flock Safety","operator":"","surveillanceZone":"traffic","osmId":13134763536,"direction":215,"source":"deflock"}},{"type":"Feature","geometry":{"type":"Point","coordinates":[-111.6885641,40.2339733]},"properties":{"brand":"Flock Safety","operator":"","surveillanceZone":"traffic","osmId":13134820018,"direction":240,"source":"deflock"}},{"type":"Feature","geometry":{"type":"Point","coordinates":[-111.8941948,40.7502294]},"properties":{"brand":"Flock Safety","operator":"","surveillanceZone":"traffic","osmId":13138314328,"direction":155,"source":"deflock"}},{"type":"Feature","geometry":{"type":"Point","coordinates":[-113.5965248,37.0762583]},"properties":{"brand":"Motorola Solutions","operator":"SGPD","surveillanceZone":"","osmId":13143513582,"direction":90,"source":"deflock"}},{"type":"Feature","geometry":{"type":"Point","coordinates":[-113.5550839,37.1080055]},"properties":{"brand":"Motorola Solutions","operator":"SGPD","surveillanceZone":"","osmId":13143552100,"direction":180,"source":"deflock"}},{"type":"Feature","geometry":{"type":"Point","coordinates":[-113.5647924,37.1098157]},"properties":{"brand":"Motorola Solutions","operator":"SGPD","surveillanceZone":"","osmId":13143596612,"direction":275,"source":"deflock"}},{"type":"Feature","geometry":{"type":"Point","coordinates":[-111.905898,40.7564014]},"properties":{"brand":"Motorola Solutions","operator":"","surveillanceZone":"traffic","osmId":13144708278,"direction":115,"source":"deflock"}},{"type":"Feature","geometry":{"type":"Point","coordinates":[-111.9389056,40.7626715]},"properties":{"brand":"Motorola Solutions","operator":"","surveillanceZone":"traffic","osmId":13144732677,"direction":320,"source":"deflock"}},{"type":"Feature","geometry":{"type":"Point","coordinates":[-111.9394015,40.7684321]},"properties":{"brand":"Motorola Solutions","operator":"","surveillanceZone":"traffic","osmId":13144732678,"direction":155,"source":"deflock"}},{"type":"Feature","geometry":{"type":"Point","coordinates":[-111.9163124,40.7713972]},"properties":{"brand":"Motorola Solutions","operator":"","surveillanceZone":"traffic","osmId":13144750997,"direction":70,"source":"deflock"}},{"type":"Feature","geometry":{"type":"Point","coordinates":[-111.9174165,40.7716838]},"properties":{"brand":"Motorola Solutions","operator":"","surveillanceZone":"traffic","osmId":13144750998,"direction":230,"source":"deflock"}},{"type":"Feature","geometry":{"type":"Point","coordinates":[-111.7618617,40.359913]},"properties":{"brand":"Flock Safety","operator":"","surveillanceZone":"traffic","osmId":13144764129,"direction":190,"source":"deflock"}},{"type":"Feature","geometry":{"type":"Point","coordinates":[-111.7426756,40.3597042]},"properties":{"brand":"Flock Safety","operator":"","surveillanceZone":"traffic","osmId":13144773982,"direction":242,"source":"deflock"}},{"type":"Feature","geometry":{"type":"Point","coordinates":[-111.7310962,40.3511184]},"properties":{"brand":"Flock Safety","operator":"","surveillanceZone":"traffic","osmId":13144780271,"direction":95,"source":"deflock"}},{"type":"Feature","geometry":{"type":"Point","coordinates":[-111.7497536,40.3712188]},"properties":{"brand":"Flock Safety","operator":"","surveillanceZone":"traffic","osmId":13144796002,"direction":155,"source":"deflock"}},{"type":"Feature","geometry":{"type":"Point","coordinates":[-111.749524,40.3686263]},"properties":{"brand":"Flock Safety","operator":"","surveillanceZone":"traffic","osmId":13144796003,"direction":325,"source":"deflock"}},{"type":"Feature","geometry":{"type":"Point","coordinates":[-111.7399718,40.3802643]},"properties":{"brand":"Flock Safety","operator":"","surveillanceZone":"traffic","osmId":13144797181,"direction":140,"source":"deflock"}},{"type":"Feature","geometry":{"type":"Point","coordinates":[-111.672307,40.2666369]},"properties":{"brand":"Flock Safety","operator":"","surveillanceZone":"traffic","osmId":13144995445,"direction":125,"source":"deflock"}},{"type":"Feature","geometry":{"type":"Point","coordinates":[-111.6727668,40.2721312]},"properties":{"brand":"Flock Safety","operator":"","surveillanceZone":"traffic","osmId":13144995446,"direction":290,"source":"deflock"}},{"type":"Feature","geometry":{"type":"Point","coordinates":[-111.6891794,40.2833057]},"properties":{"brand":"Flock Safety","operator":"","surveillanceZone":"traffic","osmId":13145014017,"direction":125,"source":"deflock"}},{"type":"Feature","geometry":{"type":"Point","coordinates":[-111.6604071,40.2506843]},"properties":{"brand":"Flock Safety","operator":"","surveillanceZone":"traffic","osmId":13145065065,"direction":245,"source":"deflock"}},{"type":"Feature","geometry":{"type":"Point","coordinates":[-111.6432866,40.2391254]},"properties":{"brand":"Flock Safety","operator":"","surveillanceZone":"traffic","osmId":13145068396,"direction":155,"source":"deflock"}},{"type":"Feature","geometry":{"type":"Point","coordinates":[-111.6429902,40.2456099]},"properties":{"brand":"Flock Safety","operator":"","surveillanceZone":"traffic","osmId":13145068397,"direction":330,"source":"deflock"}},{"type":"Feature","geometry":{"type":"Point","coordinates":[-111.6673239,40.2357501]},"properties":{"brand":"Flock Safety","operator":"","surveillanceZone":"traffic","osmId":13145080456,"direction":325,"source":"deflock"}},{"type":"Feature","geometry":{"type":"Point","coordinates":[-113.5926426,37.1099272]},"properties":{"brand":"Motorola Solutions","operator":"SGPD","surveillanceZone":"","osmId":13157261224,"direction":100,"source":"deflock"}},{"type":"Feature","geometry":{"type":"Point","coordinates":[-111.6508608,40.2297697]},"properties":{"brand":"Flock Safety","operator":"Provo PD","surveillanceZone":"traffic","osmId":13162963652,"direction":260,"source":"deflock"}},{"type":"Feature","geometry":{"type":"Point","coordinates":[-113.6222519,37.0000972]},"properties":{"brand":"Motorola Solutions","operator":"","surveillanceZone":"","osmId":13178166572,"direction":325,"source":"deflock"}},{"type":"Feature","geometry":{"type":"Point","coordinates":[-111.6466809,40.2480311]},"properties":{"brand":"Genetec","operator":"BYU PD","surveillanceZone":"traffic","osmId":13179088317,"direction":240,"source":"deflock"}},{"type":"Feature","geometry":{"type":"Point","coordinates":[-111.6465223,40.2478754]},"properties":{"brand":"Genetec","operator":"BYU PD","surveillanceZone":"traffic","osmId":13179091028,"direction":60,"source":"deflock"}},{"type":"Feature","geometry":{"type":"Point","coordinates":[-111.6456256,40.2460137]},"properties":{"brand":"Genetec","operator":"BYU PD","surveillanceZone":"traffic","osmId":13179430163,"direction":330,"source":"deflock"}},{"type":"Feature","geometry":{"type":"Point","coordinates":[-111.645907,40.2464639]},"properties":{"brand":"Genetec","operator":"BYU PD","surveillanceZone":"traffic","osmId":13179430164,"direction":225,"source":"deflock"}},{"type":"Feature","geometry":{"type":"Point","coordinates":[-111.6463051,40.2464786]},"properties":{"brand":"Genetec","operator":"BYU PD","surveillanceZone":"traffic","osmId":13179430165,"direction":130,"source":"deflock"}},{"type":"Feature","geometry":{"type":"Point","coordinates":[-111.6434647,40.2485763]},"properties":{"brand":"Genetec","operator":"BYU PD","surveillanceZone":"traffic","osmId":13179459036,"direction":240,"source":"deflock"}},{"type":"Feature","geometry":{"type":"Point","coordinates":[-111.6509191,40.2507577]},"properties":{"brand":"Genetec","operator":"BYU PD","surveillanceZone":"traffic","osmId":13179459037,"direction":270,"source":"deflock"}},{"type":"Feature","geometry":{"type":"Point","coordinates":[-111.6508029,40.2516103]},"properties":{"brand":"Genetec","operator":"BYU PD","surveillanceZone":"traffic","osmId":13179459038,"direction":330,"source":"deflock"}},{"type":"Feature","geometry":{"type":"Point","coordinates":[-111.6513443,40.2511493]},"properties":{"brand":"Genetec","operator":"BYU PD","surveillanceZone":"traffic","osmId":13179459039,"direction":200,"source":"deflock"}},{"type":"Feature","geometry":{"type":"Point","coordinates":[-111.6513714,40.2505116]},"properties":{"brand":"Genetec","operator":"BYU PD","surveillanceZone":"traffic","osmId":13179459040,"direction":80,"source":"deflock"}},{"type":"Feature","geometry":{"type":"Point","coordinates":[-111.6558766,40.2505543]},"properties":{"brand":"Genetec","operator":"BYU PD","surveillanceZone":"traffic","osmId":13179459041,"direction":60,"source":"deflock"}},{"type":"Feature","geometry":{"type":"Point","coordinates":[-111.6581339,40.2477928]},"properties":{"brand":"Genetec","operator":"BYU PD","surveillanceZone":"traffic","osmId":13179459042,"direction":60,"source":"deflock"}},{"type":"Feature","geometry":{"type":"Point","coordinates":[-111.6560394,40.2470074]},"properties":{"brand":"Genetec","operator":"BYU PD","surveillanceZone":"traffic","osmId":13179459043,"direction":340,"source":"deflock"}},{"type":"Feature","geometry":{"type":"Point","coordinates":[-113.2781646,37.189692]},"properties":{"brand":"Motorola Solutions","operator":"","surveillanceZone":"","osmId":13201706432,"direction":180,"source":"deflock"}},{"type":"Feature","geometry":{"type":"Point","coordinates":[-111.9895151,41.2595604]},"properties":{"brand":"Flock Safety","operator":"","surveillanceZone":"","osmId":13201856339,"direction":240,"source":"deflock"}},{"type":"Feature","geometry":{"type":"Point","coordinates":[-110.7053233,38.3742812]},"properties":{"brand":"Flock Safety","operator":"","surveillanceZone":"traffic","osmId":13202610558,"direction":55,"source":"deflock"}},{"type":"Feature","geometry":{"type":"Point","coordinates":[-113.3883584,37.1624921]},"properties":{"brand":"Motorola Solutions","operator":"","surveillanceZone":"","osmId":13204015443,"direction":200,"source":"deflock"}},{"type":"Feature","geometry":{"type":"Point","coordinates":[-111.8115024,40.4316701]},"properties":{"brand":"Flock Safety","operator":"","surveillanceZone":"traffic","osmId":13204142808,"direction":50,"source":"deflock"}},{"type":"Feature","geometry":{"type":"Point","coordinates":[-111.9001245,40.7255667]},"properties":{"brand":"Motorola Solutions","operator":"","surveillanceZone":"","osmId":13207934591,"direction":270,"source":"deflock"}},{"type":"Feature","geometry":{"type":"Point","coordinates":[-111.8713614,40.7432231]},"properties":{"brand":"Motorola Solutions","operator":"","surveillanceZone":"","osmId":13233071836,"direction":160,"source":"deflock"}},{"type":"Feature","geometry":{"type":"Point","coordinates":[-111.3769678,38.241148]},"properties":{"brand":"Flock Safety","operator":"","surveillanceZone":"","osmId":13234931702,"direction":300,"source":"deflock"}},{"type":"Feature","geometry":{"type":"Point","coordinates":[-111.6366727,38.3971576]},"properties":{"brand":"Flock Safety","operator":"","surveillanceZone":"","osmId":13234949757,"direction":260,"source":"deflock"}},{"type":"Feature","geometry":{"type":"Point","coordinates":[-111.538604,38.3373317]},"properties":{"brand":"Flock Safety","operator":"","surveillanceZone":"","osmId":13234955618,"direction":320,"source":"deflock"}},{"type":"Feature","geometry":{"type":"Point","coordinates":[-111.6429453,38.395535]},"properties":{"brand":"Flock Safety","operator":"","surveillanceZone":"","osmId":13234964126,"direction":180,"source":"deflock"}},{"type":"Feature","geometry":{"type":"Point","coordinates":[-111.4783963,38.3023882]},"properties":{"brand":"Flock Safety","operator":"","surveillanceZone":"","osmId":13234964228,"direction":175,"source":"deflock"}},{"type":"Feature","geometry":{"type":"Point","coordinates":[-111.8173644,38.4488327]},"properties":{"brand":"Flock Safety","operator":"","surveillanceZone":"","osmId":13234964824,"direction":95,"source":"deflock"}},{"type":"Feature","geometry":{"type":"Point","coordinates":[-111.5567576,38.3446598]},"properties":{"brand":"Flock Safety","operator":"","surveillanceZone":"","osmId":13234970964,"direction":95,"source":"deflock"}},{"type":"Feature","geometry":{"type":"Point","coordinates":[-113.6072935,37.0289045]},"properties":{"brand":"Flock Safety","operator":"","surveillanceZone":"traffic","osmId":13235602038,"direction":290.5,"source":"deflock"}},{"type":"Feature","geometry":{"type":"Point","coordinates":[-113.5631737,37.027054]},"properties":{"brand":"Motorola Solutions","operator":"","surveillanceZone":"","osmId":13235625013,"direction":340,"source":"deflock"}},{"type":"Feature","geometry":{"type":"Point","coordinates":[-111.9945353,41.2479587]},"properties":{"brand":"Flock Safety","operator":"","surveillanceZone":"traffic","osmId":13236644066,"direction":15,"source":"deflock"}},{"type":"Feature","geometry":{"type":"Point","coordinates":[-111.9904079,41.2449121]},"properties":{"brand":"Flock Safety","operator":"","surveillanceZone":"public","osmId":13236679760,"direction":180,"source":"deflock"}},{"type":"Feature","geometry":{"type":"Point","coordinates":[-111.994696,41.2484515]},"properties":{"brand":"Flock Safety","operator":"","surveillanceZone":"traffic","osmId":13236690139,"direction":155,"source":"deflock"}},{"type":"Feature","geometry":{"type":"Point","coordinates":[-111.9895852,41.2593289]},"properties":{"brand":"Flock Safety","operator":"","surveillanceZone":"","osmId":13236707614,"direction":75,"source":"deflock"}},{"type":"Feature","geometry":{"type":"Point","coordinates":[-113.06301,37.6952771]},"properties":{"brand":"Flock Safety","operator":"","surveillanceZone":"","osmId":13238476594,"direction":230,"source":"deflock"}},{"type":"Feature","geometry":{"type":"Point","coordinates":[-113.0616536,37.681056]},"properties":{"brand":"Flock Safety","operator":"","surveillanceZone":"traffic","osmId":13238480239,"direction":330,"source":"deflock"}},{"type":"Feature","geometry":{"type":"Point","coordinates":[-113.0787973,37.6806832]},"properties":{"brand":"Flock Safety","operator":"","surveillanceZone":"traffic","osmId":13238485444,"direction":50,"source":"deflock"}},{"type":"Feature","geometry":{"type":"Point","coordinates":[-113.064471,37.6659332]},"properties":{"brand":"Flock Safety","operator":"","surveillanceZone":"","osmId":13238492326,"direction":280,"source":"deflock"}},{"type":"Feature","geometry":{"type":"Point","coordinates":[-113.0836279,37.6550079]},"properties":{"brand":"Flock Safety","operator":"","surveillanceZone":"","osmId":13238495136,"direction":265,"source":"deflock"}},{"type":"Feature","geometry":{"type":"Point","coordinates":[-113.2860543,37.1750827]},"properties":{"brand":"Motorola Solutions","operator":"","surveillanceZone":"","osmId":13250956397,"direction":90,"source":"deflock"}},{"type":"Feature","geometry":{"type":"Point","coordinates":[-113.3883208,37.1619844]},"properties":{"brand":"Motorola Solutions","operator":"","surveillanceZone":"","osmId":13250956630,"direction":26,"source":"deflock"}},{"type":"Feature","geometry":{"type":"Point","coordinates":[-113.5553579,37.0477796]},"properties":{"brand":"Motorola Solutions","operator":"","surveillanceZone":"","osmId":13265870285,"direction":150,"source":"deflock"}},{"type":"Feature","geometry":{"type":"Point","coordinates":[-112.0590478,41.3051087]},"properties":{"brand":"Flock Safety","operator":"","surveillanceZone":"","osmId":13272737165,"direction":215,"source":"deflock"}},{"type":"Feature","geometry":{"type":"Point","coordinates":[-111.9300818,40.8630151]},"properties":{"brand":"Flock Safety","operator":"","surveillanceZone":"street","osmId":13273657316,"direction":160,"source":"deflock"}},{"type":"Feature","geometry":{"type":"Point","coordinates":[-111.9697727,41.2430649]},"properties":{"brand":"Flock Safety","operator":"","surveillanceZone":"","osmId":13278651253,"direction":345,"source":"deflock"}},{"type":"Feature","geometry":{"type":"Point","coordinates":[-111.9528048,41.2420802]},"properties":{"brand":"Flock Safety","operator":"","surveillanceZone":"","osmId":13278676848,"direction":330,"source":"deflock"}},{"type":"Feature","geometry":{"type":"Point","coordinates":[-112.0074866,41.2672841]},"properties":{"brand":"Flock Safety","operator":"","surveillanceZone":"","osmId":13278715889,"direction":230,"source":"deflock"}},{"type":"Feature","geometry":{"type":"Point","coordinates":[-113.5274183,37.1263074]},"properties":{"brand":"Motorola Solutions","operator":"","surveillanceZone":"","osmId":13282364771,"direction":240,"source":"deflock"}},{"type":"Feature","geometry":{"type":"Point","coordinates":[-113.5208385,37.1166738]},"properties":{"brand":"Motorola Solutions","operator":"","surveillanceZone":"","osmId":13285352428,"direction":160,"source":"deflock"}},{"type":"Feature","geometry":{"type":"Point","coordinates":[-111.7514853,40.4322079]},"properties":{"brand":"Flock Safety","operator":"","surveillanceZone":"","osmId":13286288665,"direction":300,"source":"deflock"}},{"type":"Feature","geometry":{"type":"Point","coordinates":[-112.0052502,40.5762725]},"properties":{"brand":"Flock Safety","operator":"","surveillanceZone":"","osmId":13290099717,"direction":165,"source":"deflock"}},{"type":"Feature","geometry":{"type":"Point","coordinates":[-111.9581559,41.2101601]},"properties":{"brand":"Flock Safety","operator":"","surveillanceZone":"traffic","osmId":13293447548,"direction":220,"source":"deflock"}},{"type":"Feature","geometry":{"type":"Point","coordinates":[-112.0371109,41.3351828]},"properties":{"brand":"Flock Safety","operator":"","surveillanceZone":"traffic","osmId":13297069501,"direction":124,"source":"deflock"}},{"type":"Feature","geometry":{"type":"Point","coordinates":[-110.7026196,38.3694527]},"properties":{"brand":"Flock Safety","operator":"","surveillanceZone":"","osmId":13298427539,"direction":310,"source":"deflock"}},{"type":"Feature","geometry":{"type":"Point","coordinates":[-111.9725191,40.7111703]},"properties":{"brand":"Flock Safety","operator":"","surveillanceZone":"traffic","osmId":13302289801,"direction":96,"source":"deflock"}},{"type":"Feature","geometry":{"type":"Point","coordinates":[-111.8989151,40.9213951]},"properties":{"brand":"Flock Safety","operator":"","surveillanceZone":"","osmId":13305356311,"direction":30,"source":"deflock"}},{"type":"Feature","geometry":{"type":"Point","coordinates":[-111.8970216,40.9210592]},"properties":{"brand":"Flock Safety","operator":"","surveillanceZone":"","osmId":13305401032,"direction":130,"source":"deflock"}},{"type":"Feature","geometry":{"type":"Point","coordinates":[-111.8967563,40.9216982]},"properties":{"brand":"Flock Safety","operator":"","surveillanceZone":"","osmId":13305401033,"direction":320,"source":"deflock"}},{"type":"Feature","geometry":{"type":"Point","coordinates":[-112.064155,41.2156244]},"properties":{"brand":"Flock Safety","operator":"","surveillanceZone":"traffic","osmId":13305543101,"direction":165,"source":"deflock"}},{"type":"Feature","geometry":{"type":"Point","coordinates":[-111.9728701,41.2439658]},"properties":{"brand":"Flock Safety","operator":"","surveillanceZone":"traffic","osmId":13305545901,"direction":165,"source":"deflock"}},{"type":"Feature","geometry":{"type":"Point","coordinates":[-111.9996162,41.2736992]},"properties":{"brand":"Flock Safety","operator":"","surveillanceZone":"traffic","osmId":13305545902,"direction":350,"source":"deflock"}},{"type":"Feature","geometry":{"type":"Point","coordinates":[-111.9754327,41.2444702]},"properties":{"brand":"Flock Safety","operator":"","surveillanceZone":"traffic","osmId":13305546701,"direction":259,"source":"deflock"}},{"type":"Feature","geometry":{"type":"Point","coordinates":[-112.0085378,41.2670528]},"properties":{"brand":"Flock Safety","operator":"","surveillanceZone":"traffic","osmId":13305549901,"direction":63,"source":"deflock"}},{"type":"Feature","geometry":{"type":"Point","coordinates":[-111.9604301,41.1977657]},"properties":{"brand":"Flock Safety","operator":"","surveillanceZone":"traffic","osmId":13305554001,"direction":244,"source":"deflock"}},{"type":"Feature","geometry":{"type":"Point","coordinates":[-111.9604301,41.1977657]},"properties":{"brand":"Flock Safety","operator":"","surveillanceZone":"traffic","osmId":13305554201,"direction":244,"source":"deflock"}},{"type":"Feature","geometry":{"type":"Point","coordinates":[-111.9591134,41.2335485]},"properties":{"brand":"Flock Safety","operator":"","surveillanceZone":"traffic","osmId":13305556301,"direction":169,"source":"deflock"}},{"type":"Feature","geometry":{"type":"Point","coordinates":[-111.9592411,41.2271561]},"properties":{"brand":"Flock Safety","operator":"","surveillanceZone":"traffic","osmId":13305557001,"direction":162,"source":"deflock"}},{"type":"Feature","geometry":{"type":"Point","coordinates":[-111.9788608,41.2127021]},"properties":{"brand":"Flock Safety","operator":"","surveillanceZone":"traffic","osmId":13305557002,"direction":333,"source":"deflock"}},{"type":"Feature","geometry":{"type":"Point","coordinates":[-111.957206,41.2308536]},"properties":{"brand":"Flock Safety","operator":"","surveillanceZone":"traffic","osmId":13305558201,"direction":68,"source":"deflock"}},{"type":"Feature","geometry":{"type":"Point","coordinates":[-111.9487805,41.2853529]},"properties":{"brand":"Flock Safety","operator":"","surveillanceZone":"traffic","osmId":13305576902,"direction":340,"source":"deflock"}},{"type":"Feature","geometry":{"type":"Point","coordinates":[-112.0086242,41.2756496]},"properties":{"brand":"Flock Safety","operator":"","surveillanceZone":"traffic","osmId":13305577402,"direction":182,"source":"deflock"}},{"type":"Feature","geometry":{"type":"Point","coordinates":[-111.9702769,41.2392016]},"properties":{"brand":"Flock Safety","operator":"","surveillanceZone":"traffic","osmId":13305578201,"direction":161,"source":"deflock"}},{"type":"Feature","geometry":{"type":"Point","coordinates":[-111.9491036,41.284882]},"properties":{"brand":"Flock Safety","operator":"","surveillanceZone":"traffic","osmId":13305582301,"direction":157,"source":"deflock"}},{"type":"Feature","geometry":{"type":"Point","coordinates":[-112.0320598,41.2908807]},"properties":{"brand":"Flock Safety","operator":"","surveillanceZone":"traffic","osmId":13305586201,"direction":283,"source":"deflock"}},{"type":"Feature","geometry":{"type":"Point","coordinates":[-112.0454924,41.2923828]},"properties":{"brand":"Flock Safety","operator":"","surveillanceZone":"traffic","osmId":13305586901,"direction":245,"source":"deflock"}},{"type":"Feature","geometry":{"type":"Point","coordinates":[-112.0786681,41.285195]},"properties":{"brand":"Flock Safety","operator":"","surveillanceZone":"traffic","osmId":13305587501,"direction":247,"source":"deflock"}},{"type":"Feature","geometry":{"type":"Point","coordinates":[-111.9343181,41.317534]},"properties":{"brand":"Flock Safety","operator":"","surveillanceZone":"traffic","osmId":13305687601,"direction":276,"source":"deflock"}},{"type":"Feature","geometry":{"type":"Point","coordinates":[-111.9343333,41.3173149]},"properties":{"brand":"Flock Safety","operator":"","surveillanceZone":"traffic","osmId":13305688101,"direction":80,"source":"deflock"}},{"type":"Feature","geometry":{"type":"Point","coordinates":[-111.973494,41.2208084]},"properties":{"brand":"Flock Safety","operator":"","surveillanceZone":"traffic","osmId":13306857801,"direction":245,"source":"deflock"}},{"type":"Feature","geometry":{"type":"Point","coordinates":[-111.9759019,41.220638]},"properties":{"brand":"Flock Safety","operator":"","surveillanceZone":"traffic","osmId":13306858101,"direction":64,"source":"deflock"}},{"type":"Feature","geometry":{"type":"Point","coordinates":[-111.9752649,41.222935]},"properties":{"brand":"Flock Safety","operator":"","surveillanceZone":"traffic","osmId":13306859201,"direction":250,"source":"deflock"}},{"type":"Feature","geometry":{"type":"Point","coordinates":[-111.959123,41.2227595]},"properties":{"brand":"Flock Safety","operator":"","surveillanceZone":"traffic","osmId":13306859202,"direction":341,"source":"deflock"}},{"type":"Feature","geometry":{"type":"Point","coordinates":[-111.8884047,40.7615214]},"properties":{"brand":"Motorola Solutions","operator":"","surveillanceZone":"traffic","osmId":13307310301,"direction":143,"source":"deflock"}},{"type":"Feature","geometry":{"type":"Point","coordinates":[-111.8940836,40.7490794]},"properties":{"brand":"Motorola Solutions","operator":"","surveillanceZone":"traffic","osmId":13307385801,"direction":28,"source":"deflock"}},{"type":"Feature","geometry":{"type":"Point","coordinates":[-111.5051429,40.0289734]},"properties":{"brand":"Flock Safety","operator":"","surveillanceZone":"traffic","osmId":13309093102,"direction":228,"source":"deflock"}},{"type":"Feature","geometry":{"type":"Point","coordinates":[-111.9441371,40.7847982]},"properties":{"brand":"Motorola Solutions","operator":"","surveillanceZone":"traffic","osmId":13309222302,"direction":246,"source":"deflock"}},{"type":"Feature","geometry":{"type":"Point","coordinates":[-111.9783855,41.2290435]},"properties":{"brand":"Flock Safety","operator":"","surveillanceZone":"traffic","osmId":13309431001,"direction":56,"source":"deflock"}},{"type":"Feature","geometry":{"type":"Point","coordinates":[-111.8909263,40.5454493]},"properties":{"brand":"Flock Safety","operator":"","surveillanceZone":"traffic","osmId":13309573802,"direction":345,"source":"deflock"}},{"type":"Feature","geometry":{"type":"Point","coordinates":[-111.858164,40.6255418]},"properties":{"brand":"Motorola Solutions","operator":"","surveillanceZone":"traffic","osmId":13309711101,"direction":29,"source":"deflock"}},{"type":"Feature","geometry":{"type":"Point","coordinates":[-111.8723384,40.5886181]},"properties":{"brand":"Motorola Solutions","operator":"","surveillanceZone":"traffic","osmId":13309815202,"direction":140,"source":"deflock"}},{"type":"Feature","geometry":{"type":"Point","coordinates":[-111.8723768,40.5808794]},"properties":{"brand":"Motorola Solutions","operator":"","surveillanceZone":"traffic","osmId":13309822101,"direction":108,"source":"deflock"}},{"type":"Feature","geometry":{"type":"Point","coordinates":[-111.8723028,40.5740689]},"properties":{"brand":"Motorola Solutions","operator":"","surveillanceZone":"traffic","osmId":13309824601,"direction":92,"source":"deflock"}},{"type":"Feature","geometry":{"type":"Point","coordinates":[-111.8723764,40.5579541]},"properties":{"brand":"Motorola Solutions","operator":"","surveillanceZone":"traffic","osmId":13309831502,"direction":95,"source":"deflock"}},{"type":"Feature","geometry":{"type":"Point","coordinates":[-111.8720569,40.5542323]},"properties":{"brand":"Flock Safety","operator":"","surveillanceZone":"traffic","osmId":13309834801,"direction":335,"source":"deflock"}},{"type":"Feature","geometry":{"type":"Point","coordinates":[-111.975955,41.2331536]},"properties":{"brand":"Flock Safety","operator":"","surveillanceZone":"traffic","osmId":13309874901,"direction":159,"source":"deflock"}},{"type":"Feature","geometry":{"type":"Point","coordinates":[-111.9686233,41.2311916]},"properties":{"brand":"Flock Safety","operator":"","surveillanceZone":"traffic","osmId":13309875001,"direction":246,"source":"deflock"}},{"type":"Feature","geometry":{"type":"Point","coordinates":[-111.9783855,41.2290435]},"properties":{"brand":"Flock Safety","operator":"","surveillanceZone":"traffic","osmId":13311276601,"direction":56,"source":"deflock"}},{"type":"Feature","geometry":{"type":"Point","coordinates":[-111.9783855,41.2290435]},"properties":{"brand":"Flock Safety","operator":"","surveillanceZone":"traffic","osmId":13311276701,"direction":56,"source":"deflock"}},{"type":"Feature","geometry":{"type":"Point","coordinates":[-111.9679054,41.2186158]},"properties":{"brand":"Flock Safety","operator":"","surveillanceZone":"traffic","osmId":13311324401,"direction":245,"source":"deflock"}},{"type":"Feature","geometry":{"type":"Point","coordinates":[-111.9679054,41.2186158]},"properties":{"brand":"Flock Safety","operator":"","surveillanceZone":"traffic","osmId":13311324501,"direction":245,"source":"deflock"}},{"type":"Feature","geometry":{"type":"Point","coordinates":[-112.0062395,41.2298525]},"properties":{"brand":"Flock Safety","operator":"","surveillanceZone":"traffic","osmId":13311341812,"direction":340,"source":"deflock"}},{"type":"Feature","geometry":{"type":"Point","coordinates":[-111.9647275,41.103194]},"properties":{"brand":"Flock Safety","operator":"","surveillanceZone":"traffic","osmId":13311348601,"direction":171,"source":"deflock"}},{"type":"Feature","geometry":{"type":"Point","coordinates":[-111.8962742,40.5587949]},"properties":{"brand":"Flock Safety","operator":"","surveillanceZone":"traffic","osmId":13311376302,"direction":50,"source":"deflock"}},{"type":"Feature","geometry":{"type":"Point","coordinates":[-111.8909785,40.5585635]},"properties":{"brand":"Motorola Solutions","operator":"","surveillanceZone":"traffic","osmId":13311395801,"direction":96,"source":"deflock"}},{"type":"Feature","geometry":{"type":"Point","coordinates":[-111.8534562,40.5582036]},"properties":{"brand":"Motorola Solutions","operator":"","surveillanceZone":"traffic","osmId":13311407502,"direction":88,"source":"deflock"}},{"type":"Feature","geometry":{"type":"Point","coordinates":[-111.6217729,40.2020142]},"properties":{"brand":"Flock Safety","operator":"","surveillanceZone":"traffic","osmId":13312247901,"direction":281,"source":"deflock"}},{"type":"Feature","geometry":{"type":"Point","coordinates":[-111.6506593,40.2552871]},"properties":{"brand":"Genetec","operator":"","surveillanceZone":"traffic","osmId":13312902501,"direction":160,"source":"deflock"}},{"type":"Feature","geometry":{"type":"Point","coordinates":[-111.6581701,40.2556795]},"properties":{"brand":"Flock Safety","operator":"","surveillanceZone":"","osmId":13312908401,"direction":61,"source":"deflock"}},{"type":"Feature","geometry":{"type":"Point","coordinates":[-111.6452257,40.2567597]},"properties":{"brand":"Flock Safety","operator":"","surveillanceZone":"","osmId":13312912701,"direction":238,"source":"deflock"}},{"type":"Feature","geometry":{"type":"Point","coordinates":[-111.6108559,40.18307]},"properties":{"brand":"Flock Safety","operator":"","surveillanceZone":"","osmId":13314192791,"direction":150,"source":"deflock"}},{"type":"Feature","geometry":{"type":"Point","coordinates":[-111.647511,40.2458636]},"properties":{"brand":"Genetec","operator":"","surveillanceZone":"traffic","osmId":13314818801,"direction":270,"source":"deflock"}},{"type":"Feature","geometry":{"type":"Point","coordinates":[-112.0640267,41.3052766]},"properties":{"brand":"Flock Safety","operator":"","surveillanceZone":"traffic","osmId":13316805802,"direction":233,"source":"deflock"}},{"type":"Feature","geometry":{"type":"Point","coordinates":[-112.0257719,41.2280202]},"properties":{"brand":"Flock Safety","operator":"","surveillanceZone":"traffic","osmId":13317086001,"direction":168,"source":"deflock"}},{"type":"Feature","geometry":{"type":"Point","coordinates":[-112.0280787,41.273943]},"properties":{"brand":"Flock Safety","operator":"","surveillanceZone":"traffic","osmId":13317102101,"direction":349,"source":"deflock"}},{"type":"Feature","geometry":{"type":"Point","coordinates":[-112.0811676,41.3047835]},"properties":{"brand":"Flock Safety","operator":"","surveillanceZone":"traffic","osmId":13317474401,"direction":256,"source":"deflock"}},{"type":"Feature","geometry":{"type":"Point","coordinates":[-112.0265577,41.306875]},"properties":{"brand":"Flock Safety","operator":"","surveillanceZone":"traffic","osmId":13317503101,"direction":226,"source":"deflock"}},{"type":"Feature","geometry":{"type":"Point","coordinates":[-111.9774965,41.2081111]},"properties":{"brand":"Flock Safety","operator":"","surveillanceZone":"traffic","osmId":13317722101,"direction":59,"source":"deflock"}},{"type":"Feature","geometry":{"type":"Point","coordinates":[-111.9774965,41.2081111]},"properties":{"brand":"Flock Safety","operator":"","surveillanceZone":"traffic","osmId":13317727502,"direction":59,"source":"deflock"}},{"type":"Feature","geometry":{"type":"Point","coordinates":[-111.9774965,41.2081111]},"properties":{"brand":"Flock Safety","operator":"","surveillanceZone":"traffic","osmId":13317745303,"direction":59,"source":"deflock"}},{"type":"Feature","geometry":{"type":"Point","coordinates":[-111.9774965,41.2081111]},"properties":{"brand":"Flock Safety","operator":"","surveillanceZone":"traffic","osmId":13317750201,"direction":59,"source":"deflock"}},{"type":"Feature","geometry":{"type":"Point","coordinates":[-111.9678353,41.2082832]},"properties":{"brand":"Flock Safety","operator":"","surveillanceZone":"traffic","osmId":13317751002,"direction":354,"source":"deflock"}},{"type":"Feature","geometry":{"type":"Point","coordinates":[-112.0075199,41.2673532]},"properties":{"brand":"Flock Safety","operator":"","surveillanceZone":"traffic","osmId":13317751003,"direction":246,"source":"deflock"}},{"type":"Feature","geometry":{"type":"Point","coordinates":[-112.0094122,41.2503175]},"properties":{"brand":"Flock Safety","operator":"","surveillanceZone":"traffic","osmId":13317752901,"direction":341,"source":"deflock"}},{"type":"Feature","geometry":{"type":"Point","coordinates":[-111.9735161,41.2153495]},"properties":{"brand":"Flock Safety","operator":"","surveillanceZone":"traffic","osmId":13318134802,"direction":148,"source":"deflock"}},{"type":"Feature","geometry":{"type":"Point","coordinates":[-111.9708541,41.2121691]},"properties":{"brand":"Flock Safety","operator":"","surveillanceZone":"traffic","osmId":13320022201,"direction":150,"source":"deflock"}},{"type":"Feature","geometry":{"type":"Point","coordinates":[-111.4049633,40.4847679]},"properties":{"brand":"Flock Safety","operator":"","surveillanceZone":"traffic","osmId":13320089901,"direction":308,"source":"deflock"}},{"type":"Feature","geometry":{"type":"Point","coordinates":[-111.7680011,40.3697417]},"properties":{"brand":"Flock Safety","operator":"","surveillanceZone":"","osmId":13320195608,"direction":80,"source":"deflock"}},{"type":"Feature","geometry":{"type":"Point","coordinates":[-111.7476239,40.3717316]},"properties":{"brand":"Flock Safety","operator":"","surveillanceZone":"","osmId":13320207325,"direction":60,"source":"deflock"}},{"type":"Feature","geometry":{"type":"Point","coordinates":[-111.427051,40.5067929]},"properties":{"brand":"Flock Safety","operator":"","surveillanceZone":"traffic","osmId":13322895801,"direction":49,"source":"deflock"}},{"type":"Feature","geometry":{"type":"Point","coordinates":[-111.4134492,40.5141753]},"properties":{"brand":"Flock Safety","operator":"","surveillanceZone":"traffic","osmId":13322908601,"direction":148,"source":"deflock"}},{"type":"Feature","geometry":{"type":"Point","coordinates":[-111.4133693,40.5036108]},"properties":{"brand":"Motorola Solutions","operator":"","surveillanceZone":"traffic","osmId":13322911001,"direction":331,"source":"deflock"}},{"type":"Feature","geometry":{"type":"Point","coordinates":[-111.4136709,40.5059553]},"properties":{"brand":"Flock Safety","operator":"","surveillanceZone":"traffic","osmId":13322915401,"direction":143,"source":"deflock"}},{"type":"Feature","geometry":{"type":"Point","coordinates":[-111.4130953,40.4929594]},"properties":{"brand":"Flock Safety","operator":"","surveillanceZone":"traffic","osmId":13322921301,"direction":309,"source":"deflock"}},{"type":"Feature","geometry":{"type":"Point","coordinates":[-111.8534804,40.7225439]},"properties":{"brand":"Motorola Solutions","operator":"","surveillanceZone":"traffic","osmId":13323141001,"direction":339,"source":"deflock"}},{"type":"Feature","geometry":{"type":"Point","coordinates":[-112.0064608,41.2293121]},"properties":{"brand":"Flock Safety","operator":"","surveillanceZone":"traffic","osmId":13323167401,"direction":152,"source":"deflock"}},{"type":"Feature","geometry":{"type":"Point","coordinates":[-111.9690494,41.1031464]},"properties":{"brand":"Flock Safety","operator":"","surveillanceZone":"traffic","osmId":13323248001,"direction":160,"source":"deflock"}},{"type":"Feature","geometry":{"type":"Point","coordinates":[-111.972848,41.1002274]},"properties":{"brand":"Flock Safety","operator":"","surveillanceZone":"traffic","osmId":13323248301,"direction":60,"source":"deflock"}},{"type":"Feature","geometry":{"type":"Point","coordinates":[-112.4578998,40.6217716]},"properties":{"brand":"Flock Safety","operator":"","surveillanceZone":"traffic","osmId":13324410901,"direction":156,"source":"deflock"}},{"type":"Feature","geometry":{"type":"Point","coordinates":[-111.8995317,40.7768516]},"properties":{"brand":"Motorola Solutions","operator":"","surveillanceZone":"traffic","osmId":13324666301,"direction":306,"source":"deflock"}},{"type":"Feature","geometry":{"type":"Point","coordinates":[-111.9154742,40.8292502]},"properties":{"brand":"Flock Safety","operator":"","surveillanceZone":"traffic","osmId":13324679901,"direction":0,"source":"deflock"}},{"type":"Feature","geometry":{"type":"Point","coordinates":[-111.9143525,40.8338505]},"properties":{"brand":"Flock Safety","operator":"","surveillanceZone":"traffic","osmId":13324733502,"direction":163,"source":"deflock"}},{"type":"Feature","geometry":{"type":"Point","coordinates":[-111.8929636,40.5483088]},"properties":{"brand":"Flock Safety","operator":"","surveillanceZone":"traffic","osmId":13325097201,"direction":224,"source":"deflock"}},{"type":"Feature","geometry":{"type":"Point","coordinates":[-111.9081341,40.8462193]},"properties":{"brand":"Flock Safety","operator":"","surveillanceZone":"traffic","osmId":13326697101,"direction":166,"source":"deflock"}},{"type":"Feature","geometry":{"type":"Point","coordinates":[-111.6578332,40.3133335]},"properties":{"brand":"Flock Safety","operator":"","surveillanceZone":"traffic","osmId":13326942202,"direction":244,"source":"deflock"}},{"type":"Feature","geometry":{"type":"Point","coordinates":[-111.6431067,40.2565946]},"properties":{"brand":"Genetec","operator":"","surveillanceZone":"traffic","osmId":13328546301,"direction":53,"source":"deflock"}},{"type":"Feature","geometry":{"type":"Point","coordinates":[-111.9783535,41.3058936]},"properties":{"brand":"Flock Safety","operator":"","surveillanceZone":"traffic","osmId":13332396101,"direction":251,"source":"deflock"}},{"type":"Feature","geometry":{"type":"Point","coordinates":[-111.9798004,41.3054457]},"properties":{"brand":"Flock Safety","operator":"","surveillanceZone":"traffic","osmId":13332399501,"direction":72,"source":"deflock"}},{"type":"Feature","geometry":{"type":"Point","coordinates":[-112.0284247,41.2518856]},"properties":{"brand":"Flock Safety","operator":"","surveillanceZone":"traffic","osmId":13334604301,"direction":250,"source":"deflock"}},{"type":"Feature","geometry":{"type":"Point","coordinates":[-111.8604209,40.6212779]},"properties":{"brand":"Flock Safety","operator":"","surveillanceZone":"traffic","osmId":13334720701,"direction":103.5,"source":"deflock"}},{"type":"Feature","geometry":{"type":"Point","coordinates":[-111.8615953,40.6214685]},"properties":{"brand":"Flock Safety","operator":"","surveillanceZone":"traffic","osmId":13334723501,"direction":158.5,"source":"deflock"}},{"type":"Feature","geometry":{"type":"Point","coordinates":[-111.8612116,40.6206963]},"properties":{"brand":"Flock Safety","operator":"","surveillanceZone":"traffic","osmId":13334723901,"direction":343.5,"source":"deflock"}},{"type":"Feature","geometry":{"type":"Point","coordinates":[-111.9816858,40.5619518]},"properties":{"brand":"Flock Safety","operator":"","surveillanceZone":"traffic","osmId":13334763702,"direction":250.5,"source":"deflock"}},{"type":"Feature","geometry":{"type":"Point","coordinates":[-112.0932472,41.2016082]},"properties":{"brand":"Flock Safety","operator":"","surveillanceZone":"","osmId":13339390040,"direction":170,"source":"deflock"}},{"type":"Feature","geometry":{"type":"Point","coordinates":[-112.073037,41.1908935]},"properties":{"brand":"Flock Safety","operator":"","surveillanceZone":"","osmId":13339412011,"direction":240,"source":"deflock"}},{"type":"Feature","geometry":{"type":"Point","coordinates":[-112.026156,41.2197875]},"properties":{"brand":"Flock Safety","operator":"","surveillanceZone":"","osmId":13339435094,"direction":245,"source":"deflock"}},{"type":"Feature","geometry":{"type":"Point","coordinates":[-111.8722571,40.6208065]},"properties":{"brand":"Motorola Solutions","operator":"","surveillanceZone":"traffic","osmId":13340785302,"direction":246,"source":"deflock"}},{"type":"Feature","geometry":{"type":"Point","coordinates":[-111.8722571,40.6208065]},"properties":{"brand":"Motorola Solutions","operator":"","surveillanceZone":"traffic","osmId":13340788501,"direction":246,"source":"deflock"}},{"type":"Feature","geometry":{"type":"Point","coordinates":[-111.8890604,40.8941103]},"properties":{"brand":"Motorola Solutions","operator":"","surveillanceZone":"traffic","osmId":13343851501,"direction":238,"source":"deflock"}},{"type":"Feature","geometry":{"type":"Point","coordinates":[-111.6482945,40.2522531]},"properties":{"brand":"Genetec","operator":"","surveillanceZone":"traffic","osmId":13345298502,"direction":120,"source":"deflock"}},{"type":"Feature","geometry":{"type":"Point","coordinates":[-111.6482382,40.2522635]},"properties":{"brand":"Genetec","operator":"","surveillanceZone":"traffic","osmId":13345301101,"direction":269,"source":"deflock"}},{"type":"Feature","geometry":{"type":"Point","coordinates":[-111.9705008,41.2146632]},"properties":{"brand":"Flock Safety","operator":"","surveillanceZone":"traffic","osmId":13345313801,"direction":328,"source":"deflock"}},{"type":"Feature","geometry":{"type":"Point","coordinates":[-111.9678865,41.2142248]},"properties":{"brand":"Flock Safety","operator":"","surveillanceZone":"traffic","osmId":13345314601,"direction":57,"source":"deflock"}},{"type":"Feature","geometry":{"type":"Point","coordinates":[-111.9608547,40.6943194]},"properties":{"brand":"","operator":"","surveillanceZone":"","osmId":13346556885,"direction":null,"source":"deflock"}},{"type":"Feature","geometry":{"type":"Point","coordinates":[-111.8653912,40.6729641]},"properties":{"brand":"Flock Safety","operator":"","surveillanceZone":"traffic","osmId":13346607002,"direction":338.5,"source":"deflock"}},{"type":"Feature","geometry":{"type":"Point","coordinates":[-111.8655857,40.6976165]},"properties":{"brand":"Flock Safety","operator":"","surveillanceZone":"traffic","osmId":13346616301,"direction":161.5,"source":"deflock"}},{"type":"Feature","geometry":{"type":"Point","coordinates":[-111.8380735,39.6839997]},"properties":{"brand":"Flock Safety","operator":"","surveillanceZone":"traffic","osmId":13346623201,"direction":0.5,"source":"deflock"}},{"type":"Feature","geometry":{"type":"Point","coordinates":[-111.9615494,40.6967967]},"properties":{"brand":"Genetec","operator":"","surveillanceZone":"traffic","osmId":13346751201,"direction":250,"source":"deflock"}},{"type":"Feature","geometry":{"type":"Point","coordinates":[-111.9602833,40.6960364]},"properties":{"brand":"Motorola Solutions","operator":"","surveillanceZone":"traffic","osmId":13346751202,"direction":104,"source":"deflock"}},{"type":"Feature","geometry":{"type":"Point","coordinates":[-111.9571089,40.6964991]},"properties":{"brand":"Genetec","operator":"","surveillanceZone":"traffic","osmId":13346763801,"direction":71,"source":"deflock"}},{"type":"Feature","geometry":{"type":"Point","coordinates":[-111.9585371,40.6956154]},"properties":{"brand":"Motorola Solutions","operator":"","surveillanceZone":"traffic","osmId":13346774001,"direction":238,"source":"deflock"}},{"type":"Feature","geometry":{"type":"Point","coordinates":[-111.9588497,40.6944188]},"properties":{"brand":"Motorola Solutions","operator":"","surveillanceZone":"traffic","osmId":13346836002,"direction":300,"source":"deflock"}},{"type":"Feature","geometry":{"type":"Point","coordinates":[-111.9588497,40.6944188]},"properties":{"brand":"Motorola Solutions","operator":"","surveillanceZone":"traffic","osmId":13346840601,"direction":300,"source":"deflock"}},{"type":"Feature","geometry":{"type":"Point","coordinates":[-112.2891054,40.6532004]},"properties":{"brand":"Flock Safety","operator":"","surveillanceZone":"traffic","osmId":13347660101,"direction":296,"source":"deflock"}},{"type":"Feature","geometry":{"type":"Point","coordinates":[-112.2890976,40.6532634]},"properties":{"brand":"Flock Safety","operator":"","surveillanceZone":"traffic","osmId":13347661301,"direction":195,"source":"deflock"}},{"type":"Feature","geometry":{"type":"Point","coordinates":[-111.716074,40.275194]},"properties":{"brand":"Flock Safety","operator":"","surveillanceZone":"traffic","osmId":13348671401,"direction":76,"source":"deflock"}},{"type":"Feature","geometry":{"type":"Point","coordinates":[-111.713761,40.2746105]},"properties":{"brand":"Flock Safety","operator":"","surveillanceZone":"traffic","osmId":13348673001,"direction":122,"source":"deflock"}},{"type":"Feature","geometry":{"type":"Point","coordinates":[-113.0135646,37.1667067]},"properties":{"brand":"Motorola Solutions","operator":"","surveillanceZone":"traffic","osmId":13348852201,"direction":16,"source":"deflock"}},{"type":"Feature","geometry":{"type":"Point","coordinates":[-111.9065391,40.7969185]},"properties":{"brand":"Flock Safety","operator":"","surveillanceZone":"traffic","osmId":13349088001,"direction":311,"source":"deflock"}},{"type":"Feature","geometry":{"type":"Point","coordinates":[-111.9176951,40.8057311]},"properties":{"brand":"Flock Safety","operator":"","surveillanceZone":"traffic","osmId":13349088101,"direction":122,"source":"deflock"}},{"type":"Feature","geometry":{"type":"Point","coordinates":[-113.0136799,37.166802]},"properties":{"brand":"Motorola Solutions","operator":"","surveillanceZone":"traffic","osmId":13351437601,"direction":186,"source":"deflock"}},{"type":"Feature","geometry":{"type":"Point","coordinates":[-111.7030663,40.3121327]},"properties":{"brand":"Flock Safety","operator":"","surveillanceZone":"traffic","osmId":13352005001,"direction":258,"source":"deflock"}},{"type":"Feature","geometry":{"type":"Point","coordinates":[-111.8957819,40.7605292]},"properties":{"brand":"Motorola Solutions","operator":"","surveillanceZone":"traffic","osmId":13352258401,"direction":69,"source":"deflock"}},{"type":"Feature","geometry":{"type":"Point","coordinates":[-111.8935486,40.6778881]},"properties":{"brand":"Flock Safety","operator":"","surveillanceZone":"traffic","osmId":13356250701,"direction":160,"source":"deflock"}},{"type":"Feature","geometry":{"type":"Point","coordinates":[-111.8931148,40.6778864]},"properties":{"brand":"Flock Safety","operator":"","surveillanceZone":"traffic","osmId":13356251001,"direction":158,"source":"deflock"}},{"type":"Feature","geometry":{"type":"Point","coordinates":[-111.9692805,41.2868529]},"properties":{"brand":"Flock Safety","operator":"","surveillanceZone":"traffic","osmId":13356509702,"direction":158,"source":"deflock"}},{"type":"Feature","geometry":{"type":"Point","coordinates":[-111.7239124,40.2970807]},"properties":{"brand":"Flock Safety","operator":"","surveillanceZone":"traffic","osmId":13356863001,"direction":57,"source":"deflock"}},{"type":"Feature","geometry":{"type":"Point","coordinates":[-111.8880605,40.7288159]},"properties":{"brand":"Motorola Solutions","operator":"","surveillanceZone":"traffic","osmId":13358372301,"direction":350,"source":"deflock"}},{"type":"Feature","geometry":{"type":"Point","coordinates":[-111.8898376,40.7336402]},"properties":{"brand":"Motorola Solutions","operator":"","surveillanceZone":"traffic","osmId":13358376801,"direction":242,"source":"deflock"}},{"type":"Feature","geometry":{"type":"Point","coordinates":[-111.7394558,40.3260655]},"properties":{"brand":"Flock Safety","operator":"","surveillanceZone":"","osmId":13360393092,"direction":70,"source":"deflock"}},{"type":"Feature","geometry":{"type":"Point","coordinates":[-111.8324415,40.6094084]},"properties":{"brand":"Motorola Solutions","operator":"","surveillanceZone":"traffic","osmId":13360552306,"direction":13,"source":"deflock"}},{"type":"Feature","geometry":{"type":"Point","coordinates":[-111.4136301,40.5035953]},"properties":{"brand":"Motorola Solutions","operator":"","surveillanceZone":"traffic","osmId":13362150201,"direction":149,"source":"deflock"}},{"type":"Feature","geometry":{"type":"Point","coordinates":[-113.5665901,37.0963776]},"properties":{"brand":"Motorola Solutions","operator":"","surveillanceZone":"traffic","osmId":13362750703,"direction":227,"source":"deflock"}},{"type":"Feature","geometry":{"type":"Point","coordinates":[-112.0245754,40.5537535]},"properties":{"brand":"Flock Safety","operator":"","surveillanceZone":"traffic","osmId":13363740201,"direction":24.5,"source":"deflock"}},{"type":"Feature","geometry":{"type":"Point","coordinates":[-113.6292263,37.1241363]},"properties":{"brand":"Flock Safety","operator":"","surveillanceZone":"traffic","osmId":13363802501,"direction":103.5,"source":"deflock"}},{"type":"Feature","geometry":{"type":"Point","coordinates":[-113.5847277,37.0620436]},"properties":{"brand":"Flock Safety","operator":"","surveillanceZone":"traffic","osmId":13363945702,"direction":162.5,"source":"deflock"}},{"type":"Feature","geometry":{"type":"Point","coordinates":[-111.6760089,40.260002]},"properties":{"brand":"Flock Safety","operator":"","surveillanceZone":"traffic","osmId":13364056601,"direction":121,"source":"deflock"}},{"type":"Feature","geometry":{"type":"Point","coordinates":[-111.7005122,40.3117828]},"properties":{"brand":"Flock Safety","operator":"","surveillanceZone":"traffic","osmId":13364396101,"direction":66,"source":"deflock"}},{"type":"Feature","geometry":{"type":"Point","coordinates":[-111.889736,40.7611755]},"properties":{"brand":"Motorola Solutions","operator":"","surveillanceZone":"traffic","osmId":13366167801,"direction":154,"source":"deflock"}},{"type":"Feature","geometry":{"type":"Point","coordinates":[-112.0402309,41.1978692]},"properties":{"brand":"Flock Safety","operator":"","surveillanceZone":"","osmId":13368266829,"direction":270,"source":"deflock"}},{"type":"Feature","geometry":{"type":"Point","coordinates":[-112.0301142,41.2046874]},"properties":{"brand":"Flock Safety","operator":"","surveillanceZone":"","osmId":13368286378,"direction":200,"source":"deflock"}},{"type":"Feature","geometry":{"type":"Point","coordinates":[-113.6414649,37.1415945]},"properties":{"brand":"Flock Safety","operator":"","surveillanceZone":"traffic","osmId":13368503001,"direction":74.5,"source":"deflock"}},{"type":"Feature","geometry":{"type":"Point","coordinates":[-113.1559305,37.6848947]},"properties":{"brand":"Flock Safety","operator":"","surveillanceZone":"traffic","osmId":13370519301,"direction":77,"source":"deflock"}},{"type":"Feature","geometry":{"type":"Point","coordinates":[-113.1065857,37.6843148]},"properties":{"brand":"Flock Safety","operator":"","surveillanceZone":"traffic","osmId":13370523501,"direction":144,"source":"deflock"}},{"type":"Feature","geometry":{"type":"Point","coordinates":[-111.8598292,40.6999524]},"properties":{"brand":"Flock Safety","operator":"","surveillanceZone":"traffic","osmId":13372713101,"direction":266.5,"source":"deflock"}},{"type":"Feature","geometry":{"type":"Point","coordinates":[-112.0605266,41.1905395]},"properties":{"brand":"Flock Safety","operator":"","surveillanceZone":"traffic","osmId":13372995901,"direction":50,"source":"deflock"}},{"type":"Feature","geometry":{"type":"Point","coordinates":[-111.8532947,40.5415494]},"properties":{"brand":"Motorola Solutions","operator":"","surveillanceZone":"traffic","osmId":13373003901,"direction":324,"source":"deflock"}},{"type":"Feature","geometry":{"type":"Point","coordinates":[-111.8893439,40.6309958]},"properties":{"brand":"Motorola Solutions","operator":"","surveillanceZone":"traffic","osmId":13373111101,"direction":331,"source":"deflock"}},{"type":"Feature","geometry":{"type":"Point","coordinates":[-111.6559512,40.2516121]},"properties":{"brand":"Genetec","operator":"BYU PD","surveillanceZone":"traffic","osmId":13374113801,"direction":61,"source":"deflock"}},{"type":"Feature","geometry":{"type":"Point","coordinates":[-111.655945,40.2530659]},"properties":{"brand":"Genetec","operator":"","surveillanceZone":"traffic","osmId":13374113802,"direction":72,"source":"deflock"}},{"type":"Feature","geometry":{"type":"Point","coordinates":[-111.939152,40.7520416]},"properties":{"brand":"Motorola Solutions","operator":"","surveillanceZone":"traffic","osmId":13375032001,"direction":160,"source":"deflock"}},{"type":"Feature","geometry":{"type":"Point","coordinates":[-112.1127933,41.1649793]},"properties":{"brand":"Flock Safety","operator":"","surveillanceZone":"traffic","osmId":13380394801,"direction":338,"source":"deflock"}},{"type":"Feature","geometry":{"type":"Point","coordinates":[-111.9005815,40.7257014]},"properties":{"brand":"Flock Safety","operator":"The Home Depot","surveillanceZone":"traffic","osmId":13391153501,"direction":336.5,"source":"deflock"}},{"type":"Feature","geometry":{"type":"Point","coordinates":[-111.6621666,40.2314757]},"properties":{"brand":"Flock Safety","operator":"","surveillanceZone":"traffic","osmId":13396123201,"direction":324,"source":"deflock"}},{"type":"Feature","geometry":{"type":"Point","coordinates":[-111.6587666,40.215992]},"properties":{"brand":"Flock Safety","operator":"","surveillanceZone":"traffic","osmId":13396167801,"direction":326,"source":"deflock"}},{"type":"Feature","geometry":{"type":"Point","coordinates":[-111.6587633,40.2164539]},"properties":{"brand":"Flock Safety","operator":"","surveillanceZone":"traffic","osmId":13396169701,"direction":325,"source":"deflock"}},{"type":"Feature","geometry":{"type":"Point","coordinates":[-109.0630359,40.2794479]},"properties":{"brand":"Flock Safety","operator":"","surveillanceZone":"traffic","osmId":13397589701,"direction":247,"source":"deflock"}},{"type":"Feature","geometry":{"type":"Point","coordinates":[-111.687289,40.0492622]},"properties":{"brand":"Flock Safety","operator":"","surveillanceZone":"traffic","osmId":13401839901,"direction":61,"source":"deflock"}},{"type":"Feature","geometry":{"type":"Point","coordinates":[-113.6296907,37.1244965]},"properties":{"brand":"Motorola Solutions","operator":"","surveillanceZone":"traffic","osmId":13414101601,"direction":277,"source":"deflock"}},{"type":"Feature","geometry":{"type":"Point","coordinates":[-111.6572424,40.2442889]},"properties":{"brand":"Flock Safety","operator":"","surveillanceZone":"","osmId":13414653201,"direction":63,"source":"deflock"}},{"type":"Feature","geometry":{"type":"Point","coordinates":[-113.5216373,37.1264206]},"properties":{"brand":"Flock Safety","operator":"The Home Depot","surveillanceZone":"traffic","osmId":13415820201,"direction":92.5,"source":"deflock"}},{"type":"Feature","geometry":{"type":"Point","coordinates":[-113.5216462,37.1270176]},"properties":{"brand":"Flock Safety","operator":"The Home Depot","surveillanceZone":"traffic","osmId":13415822501,"direction":46.5,"source":"deflock"}},{"type":"Feature","geometry":{"type":"Point","coordinates":[-111.81811,39.7105259]},"properties":{"brand":"Flock Safety","operator":"","surveillanceZone":"traffic","osmId":13416829601,"direction":236.5,"source":"deflock"}},{"type":"Feature","geometry":{"type":"Point","coordinates":[-113.521819,37.1274499]},"properties":{"brand":"Flock Safety","operator":"","surveillanceZone":"traffic","osmId":13418718801,"direction":175.5,"source":"deflock"}},{"type":"Feature","geometry":{"type":"Point","coordinates":[-113.5203067,37.1276391]},"properties":{"brand":"Flock Safety","operator":"","surveillanceZone":"traffic","osmId":13418724201,"direction":83.5,"source":"deflock"}},{"type":"Feature","geometry":{"type":"Point","coordinates":[-113.5203145,37.1276581]},"properties":{"brand":"Flock Safety","operator":"","surveillanceZone":"traffic","osmId":13418724301,"direction":193.5,"source":"deflock"}},{"type":"Feature","geometry":{"type":"Point","coordinates":[-111.939018,40.6526028]},"properties":{"brand":"Flock Safety","operator":"","surveillanceZone":"traffic","osmId":13429473002,"direction":148,"source":"deflock"}},{"type":"Feature","geometry":{"type":"Point","coordinates":[-111.907205,40.6672027]},"properties":{"brand":"Flock Safety","operator":"","surveillanceZone":"traffic","osmId":13429473501,"direction":93,"source":"deflock"}},{"type":"Feature","geometry":{"type":"Point","coordinates":[-111.8714358,40.7201031]},"properties":{"brand":"Flock Safety","operator":"","surveillanceZone":"traffic","osmId":13429477401,"direction":157,"source":"deflock"}},{"type":"Feature","geometry":{"type":"Point","coordinates":[-111.6848937,40.2746999]},"properties":{"brand":"Flock Safety","operator":"","surveillanceZone":"traffic","osmId":13429772001,"direction":311,"source":"deflock"}},{"type":"Feature","geometry":{"type":"Point","coordinates":[-111.8998334,40.7267255]},"properties":{"brand":"Flock Safety","operator":"The Home Depot","surveillanceZone":"traffic","osmId":13431257802,"direction":259.5,"source":"deflock"}},{"type":"Feature","geometry":{"type":"Point","coordinates":[-111.9362315,40.7331947]},"properties":{"brand":"Flock Safety","operator":"","surveillanceZone":"traffic","osmId":13435237001,"direction":248,"source":"deflock"}},{"type":"Feature","geometry":{"type":"Point","coordinates":[-113.0862223,37.6511164]},"properties":{"brand":"Flock Safety","operator":"","surveillanceZone":"traffic","osmId":13435993002,"direction":248,"source":"deflock"}},{"type":"Feature","geometry":{"type":"Point","coordinates":[-113.0619949,37.6807564]},"properties":{"brand":"Flock Safety","operator":"","surveillanceZone":"traffic","osmId":13436050601,"direction":151.5,"source":"deflock"}},{"type":"Feature","geometry":{"type":"Point","coordinates":[-113.0616351,37.6810603]},"properties":{"brand":"Flock Safety","operator":"","surveillanceZone":"traffic","osmId":13436054401,"direction":338.5,"source":"deflock"}},{"type":"Feature","geometry":{"type":"Point","coordinates":[-111.8714545,40.7117593]},"properties":{"brand":"Flock Safety","operator":"","surveillanceZone":"traffic","osmId":13436686801,"direction":168,"source":"deflock"}},{"type":"Feature","geometry":{"type":"Point","coordinates":[-111.6295406,40.2248664]},"properties":{"brand":"Flock Safety","operator":"","surveillanceZone":"","osmId":13440282359,"direction":90,"source":"deflock"}},{"type":"Feature","geometry":{"type":"Point","coordinates":[-111.8218621,40.3846639]},"properties":{"brand":"Flock Safety","operator":"","surveillanceZone":"traffic","osmId":13443106002,"direction":226,"source":"deflock"}},{"type":"Feature","geometry":{"type":"Point","coordinates":[-111.8228379,40.3860234]},"properties":{"brand":"Flock Safety","operator":"","surveillanceZone":"traffic","osmId":13443107401,"direction":212,"source":"deflock"}},{"type":"Feature","geometry":{"type":"Point","coordinates":[-111.8220382,40.3859439]},"properties":{"brand":"Flock Safety","operator":"","surveillanceZone":"traffic","osmId":13443114801,"direction":74,"source":"deflock"}},{"type":"Feature","geometry":{"type":"Point","coordinates":[-111.7301404,40.3274416]},"properties":{"brand":"Flock Safety","operator":"The Home Depot","surveillanceZone":"traffic","osmId":13443809201,"direction":56,"source":"deflock"}},{"type":"Feature","geometry":{"type":"Point","coordinates":[-111.7307378,40.3291805]},"properties":{"brand":"Flock Safety","operator":"The Home Depot","surveillanceZone":"traffic","osmId":13443810401,"direction":181,"source":"deflock"}},{"type":"Feature","geometry":{"type":"Point","coordinates":[-111.7309222,40.32835]},"properties":{"brand":"Flock Safety","operator":"The Home Depot","surveillanceZone":"traffic","osmId":13443810901,"direction":61,"source":"deflock"}},{"type":"Feature","geometry":{"type":"Point","coordinates":[-111.7292851,40.3274257]},"properties":{"brand":"Flock Safety","operator":"The Home Depot","surveillanceZone":"traffic","osmId":13443818701,"direction":300,"source":"deflock"}},{"type":"Feature","geometry":{"type":"Point","coordinates":[-111.661002,40.2134512]},"properties":{"brand":"Flock Safety","operator":"The Home Depot","surveillanceZone":"traffic","osmId":13443856001,"direction":169,"source":"deflock"}},{"type":"Feature","geometry":{"type":"Point","coordinates":[-111.9281907,40.7801571]},"properties":{"brand":"","operator":"","surveillanceZone":"traffic","osmId":13446393901,"direction":null,"source":"deflock"}},{"type":"Feature","geometry":{"type":"Point","coordinates":[-111.9390099,40.7797978]},"properties":{"brand":"","operator":"","surveillanceZone":"traffic","osmId":13446393902,"direction":null,"source":"deflock"}},{"type":"Feature","geometry":{"type":"Point","coordinates":[-111.9395964,40.7720489]},"properties":{"brand":"","operator":"","surveillanceZone":"traffic","osmId":13446395601,"direction":null,"source":"deflock"}},{"type":"Feature","geometry":{"type":"Point","coordinates":[-111.8909963,40.6110985]},"properties":{"brand":"Motorola Solutions","operator":"","surveillanceZone":"traffic","osmId":13446569201,"direction":255,"source":"deflock"}},{"type":"Feature","geometry":{"type":"Point","coordinates":[-112.0642419,41.1272072]},"properties":{"brand":"Flock Safety","operator":"","surveillanceZone":"traffic","osmId":13446807603,"direction":347,"source":"deflock"}},{"type":"Feature","geometry":{"type":"Point","coordinates":[-112.0121636,41.1037264]},"properties":{"brand":"Flock Safety","operator":"","surveillanceZone":"traffic","osmId":13446989901,"direction":252,"source":"deflock"}},{"type":"Feature","geometry":{"type":"Point","coordinates":[-112.0207922,41.1704974]},"properties":{"brand":"Flock Safety","operator":"","surveillanceZone":"traffic","osmId":13446991701,"direction":210,"source":"deflock"}},{"type":"Feature","geometry":{"type":"Point","coordinates":[-111.9928908,41.2005994]},"properties":{"brand":"Flock Safety","operator":"","surveillanceZone":"traffic","osmId":13446998501,"direction":43,"source":"deflock"}},{"type":"Feature","geometry":{"type":"Point","coordinates":[-111.8696125,40.7242781]},"properties":{"brand":"","operator":"","surveillanceZone":"traffic","osmId":13446999001,"direction":null,"source":"deflock"}},{"type":"Feature","geometry":{"type":"Point","coordinates":[-111.5595708,40.1511972]},"properties":{"brand":"Flock Safety","operator":"","surveillanceZone":"traffic","osmId":13448504801,"direction":73,"source":"deflock"}},{"type":"Feature","geometry":{"type":"Point","coordinates":[-111.7136752,40.3342189]},"properties":{"brand":"Flock Safety","operator":"","surveillanceZone":"traffic","osmId":13448570007,"direction":300,"source":"deflock"}},{"type":"Feature","geometry":{"type":"Point","coordinates":[-111.9649971,41.212261]},"properties":{"brand":"Flock Safety","operator":"","surveillanceZone":"traffic","osmId":13451480101,"direction":245,"source":"deflock"}},{"type":"Feature","geometry":{"type":"Point","coordinates":[-111.8893482,40.5460074]},"properties":{"brand":"Flock Safety","operator":"","surveillanceZone":"traffic","osmId":13451536202,"direction":125,"source":"deflock"}},{"type":"Feature","geometry":{"type":"Point","coordinates":[-111.8894055,40.5451835]},"properties":{"brand":"Flock Safety","operator":"","surveillanceZone":"traffic","osmId":13451543601,"direction":119,"source":"deflock"}},{"type":"Feature","geometry":{"type":"Point","coordinates":[-111.8880299,40.5443744]},"properties":{"brand":"Flock Safety","operator":"","surveillanceZone":"traffic","osmId":13451547301,"direction":316,"source":"deflock"}},{"type":"Feature","geometry":{"type":"Point","coordinates":[-111.9042469,40.7521357]},"properties":{"brand":"Motorola Solutions","operator":"","surveillanceZone":"traffic","osmId":13451793501,"direction":248,"source":"deflock"}},{"type":"Feature","geometry":{"type":"Point","coordinates":[-111.851957,40.6992053]},"properties":{"brand":"Flock Safety","operator":"","surveillanceZone":"traffic","osmId":13454303401,"direction":162.5,"source":"deflock"}},{"type":"Feature","geometry":{"type":"Point","coordinates":[-111.850005,40.6966939]},"properties":{"brand":"Flock Safety","operator":"","surveillanceZone":"traffic","osmId":13454308201,"direction":233.5,"source":"deflock"}},{"type":"Feature","geometry":{"type":"Point","coordinates":[-111.8600095,40.6999831]},"properties":{"brand":"Flock Safety","operator":"","surveillanceZone":"traffic","osmId":13454313701,"direction":245.5,"source":"deflock"}},{"type":"Feature","geometry":{"type":"Point","coordinates":[-111.8892619,40.9230208]},"properties":{"brand":"Flock Safety","operator":"","surveillanceZone":"traffic","osmId":13454379001,"direction":122,"source":"deflock"}},{"type":"Feature","geometry":{"type":"Point","coordinates":[-111.887944,40.9224285]},"properties":{"brand":"Flock Safety","operator":"","surveillanceZone":"traffic","osmId":13454379301,"direction":295,"source":"deflock"}},{"type":"Feature","geometry":{"type":"Point","coordinates":[-111.8892923,40.9214049]},"properties":{"brand":"Flock Safety","operator":"","surveillanceZone":"traffic","osmId":13454379401,"direction":88,"source":"deflock"}},{"type":"Feature","geometry":{"type":"Point","coordinates":[-111.8883327,40.9216247]},"properties":{"brand":"Flock Safety","operator":"","surveillanceZone":"traffic","osmId":13454380201,"direction":251,"source":"deflock"}},{"type":"Feature","geometry":{"type":"Point","coordinates":[-111.9823981,40.6180411]},"properties":{"brand":"Flock Safety","operator":"","surveillanceZone":"traffic","osmId":13456531601,"direction":148,"source":"deflock"}},{"type":"Feature","geometry":{"type":"Point","coordinates":[-111.919856,40.3851778]},"properties":{"brand":"Flock Safety","operator":"","surveillanceZone":"","osmId":13456568702,"direction":236,"source":"deflock"}},{"type":"Feature","geometry":{"type":"Point","coordinates":[-111.9210753,40.3859355]},"properties":{"brand":"Flock Safety","operator":"","surveillanceZone":"","osmId":13456570002,"direction":158,"source":"deflock"}},{"type":"Feature","geometry":{"type":"Point","coordinates":[-111.9209515,40.3859377]},"properties":{"brand":"Flock Safety","operator":"","surveillanceZone":"","osmId":13456570003,"direction":293,"source":"deflock"}},{"type":"Feature","geometry":{"type":"Point","coordinates":[-111.9221485,40.3852613]},"properties":{"brand":"Flock Safety","operator":"","surveillanceZone":"","osmId":13456574101,"direction":115,"source":"deflock"}},{"type":"Feature","geometry":{"type":"Point","coordinates":[-111.9221955,40.3859289]},"properties":{"brand":"Flock Safety","operator":"","surveillanceZone":"","osmId":13456575101,"direction":51,"source":"deflock"}},{"type":"Feature","geometry":{"type":"Point","coordinates":[-111.9199793,40.385945]},"properties":{"brand":"Flock Safety","operator":"","surveillanceZone":"","osmId":13456577301,"direction":299,"source":"deflock"}},{"type":"Feature","geometry":{"type":"Point","coordinates":[-111.9103462,40.6248629]},"properties":{"brand":"Flock Safety","operator":"","surveillanceZone":"traffic","osmId":13456655301,"direction":156.5,"source":"deflock"}},{"type":"Feature","geometry":{"type":"Point","coordinates":[-111.8685151,40.6149387]},"properties":{"brand":"Motorola Solutions","operator":"","surveillanceZone":"traffic","osmId":13456811001,"direction":18,"source":"deflock"}},{"type":"Feature","geometry":{"type":"Point","coordinates":[-111.8876258,40.9205178]},"properties":{"brand":"Flock Safety","operator":"","surveillanceZone":"traffic","osmId":13457146301,"direction":335,"source":"deflock"}},{"type":"Feature","geometry":{"type":"Point","coordinates":[-111.8884769,40.6856005]},"properties":{"brand":"Flock Safety","operator":"","surveillanceZone":"traffic","osmId":13458652801,"direction":150.5,"source":"deflock"}},{"type":"Feature","geometry":{"type":"Point","coordinates":[-111.8826812,40.6869391]},"properties":{"brand":"Flock Safety","operator":"","surveillanceZone":"traffic","osmId":13458653301,"direction":73.5,"source":"deflock"}},{"type":"Feature","geometry":{"type":"Point","coordinates":[-111.8885258,40.6759383]},"properties":{"brand":"Flock Safety","operator":"","surveillanceZone":"traffic","osmId":13458664801,"direction":143.5,"source":"deflock"}},{"type":"Feature","geometry":{"type":"Point","coordinates":[-111.9057007,40.674698]},"properties":{"brand":"Flock Safety","operator":"","surveillanceZone":"traffic","osmId":13458883301,"direction":244.5,"source":"deflock"}},{"type":"Feature","geometry":{"type":"Point","coordinates":[-111.9139895,40.6740716]},"properties":{"brand":"Flock Safety","operator":"","surveillanceZone":"traffic","osmId":13458883401,"direction":141.5,"source":"deflock"}},{"type":"Feature","geometry":{"type":"Point","coordinates":[-111.8723517,40.9062263]},"properties":{"brand":"Flock Safety","operator":"","surveillanceZone":"traffic","osmId":13459337401,"direction":343,"source":"deflock"}},{"type":"Feature","geometry":{"type":"Point","coordinates":[-111.9396117,40.6797861]},"properties":{"brand":"Flock Safety","operator":"","surveillanceZone":"traffic","osmId":13459546702,"direction":235,"source":"deflock"}},{"type":"Feature","geometry":{"type":"Point","coordinates":[-111.9396583,40.6797938]},"properties":{"brand":"Flock Safety","operator":"","surveillanceZone":"traffic","osmId":13459552101,"direction":220,"source":"deflock"}},{"type":"Feature","geometry":{"type":"Point","coordinates":[-111.9396862,40.6797455]},"properties":{"brand":"Flock Safety","operator":"","surveillanceZone":"traffic","osmId":13459552102,"direction":222,"source":"deflock"}},{"type":"Feature","geometry":{"type":"Point","coordinates":[-111.9322249,40.8412134]},"properties":{"brand":"Flock Safety","operator":"","surveillanceZone":"traffic","osmId":13460817101,"direction":179,"source":"deflock"}},{"type":"Feature","geometry":{"type":"Point","coordinates":[-111.8945848,40.8542211]},"properties":{"brand":"Motorola Solutions","operator":"","surveillanceZone":"","osmId":13461589463,"direction":200,"source":"deflock"}},{"type":"Feature","geometry":{"type":"Point","coordinates":[-111.8534741,40.6231608]},"properties":{"brand":"Flock Safety","operator":"The Home Depot","surveillanceZone":"traffic","osmId":13462761701,"direction":121,"source":"deflock"}},{"type":"Feature","geometry":{"type":"Point","coordinates":[-111.8543198,40.622273]},"properties":{"brand":"Flock Safety","operator":"The Home Depot","surveillanceZone":"traffic","osmId":13462794601,"direction":105,"source":"deflock"}},{"type":"Feature","geometry":{"type":"Point","coordinates":[-113.6178704,37.1239004]},"properties":{"brand":"Flock Safety","operator":"","surveillanceZone":"traffic","osmId":13463171401,"direction":178,"source":"deflock"}},{"type":"Feature","geometry":{"type":"Point","coordinates":[-111.4321122,40.684504]},"properties":{"brand":"Motorola Solutions","operator":"","surveillanceZone":"traffic","osmId":13472327391,"direction":180,"source":"deflock"}},{"type":"Feature","geometry":{"type":"Point","coordinates":[-109.3375453,40.3696453]},"properties":{"brand":"Flock Safety","operator":"","surveillanceZone":"traffic","osmId":13473959301,"direction":74,"source":"deflock"}},{"type":"Feature","geometry":{"type":"Point","coordinates":[-113.6178769,37.1239231]},"properties":{"brand":"Flock Safety","operator":"","surveillanceZone":"traffic","osmId":13473992101,"direction":3.5,"source":"deflock"}},{"type":"Feature","geometry":{"type":"Point","coordinates":[-113.6163574,37.124567]},"properties":{"brand":"Flock Safety","operator":"","surveillanceZone":"traffic","osmId":13474026001,"direction":270.5,"source":"deflock"}},{"type":"Feature","geometry":{"type":"Point","coordinates":[-113.6163243,37.1237674]},"properties":{"brand":"Flock Safety","operator":"","surveillanceZone":"traffic","osmId":13474028201,"direction":263.5,"source":"deflock"}},{"type":"Feature","geometry":{"type":"Point","coordinates":[-113.605107,37.0832747]},"properties":{"brand":"Flock Safety","operator":"","surveillanceZone":"traffic","osmId":13474053501,"direction":34.5,"source":"deflock"}},{"type":"Feature","geometry":{"type":"Point","coordinates":[-113.6047246,37.0835739]},"properties":{"brand":"Flock Safety","operator":"","surveillanceZone":"traffic","osmId":13474054201,"direction":256.5,"source":"deflock"}},{"type":"Feature","geometry":{"type":"Point","coordinates":[-111.7213565,40.3118031]},"properties":{"brand":"Flock Safety","operator":"","surveillanceZone":"traffic","osmId":13477065301,"direction":47,"source":"deflock"}},{"type":"Feature","geometry":{"type":"Point","coordinates":[-112.2957557,40.5654931]},"properties":{"brand":"Flock Safety","operator":"","surveillanceZone":"traffic","osmId":13478255901,"direction":343,"source":"deflock"}},{"type":"Feature","geometry":{"type":"Point","coordinates":[-111.6626153,40.0721302]},"properties":{"brand":"Flock Safety","operator":"","surveillanceZone":"traffic","osmId":13479579301,"direction":169,"source":"deflock"}},{"type":"Feature","geometry":{"type":"Point","coordinates":[-111.7350305,40.2972857]},"properties":{"brand":"Flock Safety","operator":"","surveillanceZone":"traffic","osmId":13480350501,"direction":252,"source":"deflock"}},{"type":"Feature","geometry":{"type":"Point","coordinates":[-111.9480173,40.6093549]},"properties":{"brand":"Motorola Solutions","operator":"","surveillanceZone":"","osmId":13480400173,"direction":200,"source":"deflock"}},{"type":"Feature","geometry":{"type":"Point","coordinates":[-111.9482909,40.6095891]},"properties":{"brand":"Motorola Solutions","operator":"","surveillanceZone":"","osmId":13480400174,"direction":25,"source":"deflock"}},{"type":"Feature","geometry":{"type":"Point","coordinates":[-111.919868,40.6992081]},"properties":{"brand":"Flock Safety","operator":"","surveillanceZone":"traffic","osmId":13502930201,"direction":158,"source":"deflock"}},{"type":"Feature","geometry":{"type":"Point","coordinates":[-112.2978698,40.5727789]},"properties":{"brand":"Flock Safety","operator":"","surveillanceZone":"traffic","osmId":13502979301,"direction":166,"source":"deflock"}},{"type":"Feature","geometry":{"type":"Point","coordinates":[-113.0792785,37.6960841]},"properties":{"brand":"Flock Safety","operator":"","surveillanceZone":"","osmId":13504757901,"direction":270,"source":"deflock"}},{"type":"Feature","geometry":{"type":"Point","coordinates":[-112.2967532,40.5727853]},"properties":{"brand":"Flock Safety","operator":"","surveillanceZone":"traffic","osmId":13505182201,"direction":178,"source":"deflock"}},{"type":"Feature","geometry":{"type":"Point","coordinates":[-111.9724837,41.0665835]},"properties":{"brand":"Flock Safety","operator":"The Home Depot","surveillanceZone":"traffic","osmId":13505870701,"direction":260,"source":"deflock"}},{"type":"Feature","geometry":{"type":"Point","coordinates":[-109.5743719,38.6003253]},"properties":{"brand":"Flock Safety","operator":"","surveillanceZone":"traffic","osmId":13506625408,"direction":312,"source":"deflock"}},{"type":"Feature","geometry":{"type":"Point","coordinates":[-110.6938709,38.4131941]},"properties":{"brand":"Flock Safety","operator":"","surveillanceZone":"traffic","osmId":13507422101,"direction":19,"source":"deflock"}},{"type":"Feature","geometry":{"type":"Point","coordinates":[-110.6938673,38.4131912]},"properties":{"brand":"Flock Safety","operator":"","surveillanceZone":"traffic","osmId":13507425501,"direction":171,"source":"deflock"}},{"type":"Feature","geometry":{"type":"Point","coordinates":[-110.7072035,38.374347]},"properties":{"brand":"Flock Safety","operator":"","surveillanceZone":"traffic","osmId":13507434401,"direction":266,"source":"deflock"}},{"type":"Feature","geometry":{"type":"Point","coordinates":[-110.7349511,38.3783189]},"properties":{"brand":"Flock Safety","operator":"","surveillanceZone":"traffic","osmId":13507440401,"direction":248,"source":"deflock"}},{"type":"Feature","geometry":{"type":"Point","coordinates":[-110.7366231,38.3778926]},"properties":{"brand":"Flock Safety","operator":"","surveillanceZone":"traffic","osmId":13507443701,"direction":62,"source":"deflock"}},{"type":"Feature","geometry":{"type":"Point","coordinates":[-110.7024739,38.3686541]},"properties":{"brand":"Flock Safety","operator":"","surveillanceZone":"traffic","osmId":13507461501,"direction":142,"source":"deflock"}},{"type":"Feature","geometry":{"type":"Point","coordinates":[-112.1116531,39.9558902]},"properties":{"brand":"Flock Safety","operator":"","surveillanceZone":"traffic","osmId":13507565401,"direction":221,"source":"deflock"}},{"type":"Feature","geometry":{"type":"Point","coordinates":[-111.9318333,40.1730432]},"properties":{"brand":"Flock Safety","operator":"","surveillanceZone":"traffic","osmId":13507685901,"direction":136,"source":"deflock"}},{"type":"Feature","geometry":{"type":"Point","coordinates":[-111.9689262,41.2862707]},"properties":{"brand":"Flock Safety","operator":"","surveillanceZone":"traffic","osmId":13508163001,"direction":341,"source":"deflock"}},{"type":"Feature","geometry":{"type":"Point","coordinates":[-109.5004454,38.5253964]},"properties":{"brand":"Flock Safety","operator":"","surveillanceZone":"traffic","osmId":13509489502,"direction":301,"source":"deflock"}},{"type":"Feature","geometry":{"type":"Point","coordinates":[-111.4689709,40.6944987]},"properties":{"brand":"Flock Safety","operator":"","surveillanceZone":"traffic","osmId":13511589601,"direction":61,"source":"deflock"}},{"type":"Feature","geometry":{"type":"Point","coordinates":[-111.4590427,40.6844041]},"properties":{"brand":"Flock Safety","operator":"","surveillanceZone":"traffic","osmId":13511602401,"direction":301,"source":"deflock"}},{"type":"Feature","geometry":{"type":"Point","coordinates":[-111.6143491,40.7524371]},"properties":{"brand":"Flock Safety","operator":"","surveillanceZone":"traffic","osmId":13511614601,"direction":208,"source":"deflock"}},{"type":"Feature","geometry":{"type":"Point","coordinates":[-111.6726045,40.7393073]},"properties":{"brand":"Flock Safety","operator":"","surveillanceZone":"traffic","osmId":13511638301,"direction":106,"source":"deflock"}},{"type":"Feature","geometry":{"type":"Point","coordinates":[-111.8206907,40.4025014]},"properties":{"brand":"Flock Safety","operator":"","surveillanceZone":"traffic","osmId":13512835001,"direction":319,"source":"deflock"}},{"type":"Feature","geometry":{"type":"Point","coordinates":[-111.8532664,40.6065059]},"properties":{"brand":"Flock Safety","operator":"","surveillanceZone":"","osmId":13513225201,"direction":180,"source":"deflock"}},{"type":"Feature","geometry":{"type":"Point","coordinates":[-111.8529989,40.6017014]},"properties":{"brand":"Flock Safety","operator":"","surveillanceZone":"traffic","osmId":13513523401,"direction":331,"source":"deflock"}},{"type":"Feature","geometry":{"type":"Point","coordinates":[-111.9032165,40.782477]},"properties":{"brand":"Motorola Solutions","operator":"","surveillanceZone":"traffic","osmId":13513611216,"direction":240,"source":"deflock"}},{"type":"Feature","geometry":{"type":"Point","coordinates":[-111.948037,40.7716798]},"properties":{"brand":"Motorola Solutions","operator":"","surveillanceZone":"traffic","osmId":13513611217,"direction":240,"source":"deflock"}},{"type":"Feature","geometry":{"type":"Point","coordinates":[-111.5269323,40.6788494]},"properties":{"brand":"Flock Safety","operator":"","surveillanceZone":"traffic","osmId":13513743901,"direction":292,"source":"deflock"}},{"type":"Feature","geometry":{"type":"Point","coordinates":[-111.4946535,40.6672993]},"properties":{"brand":"Flock Safety","operator":"","surveillanceZone":"traffic","osmId":13513744201,"direction":66,"source":"deflock"}},{"type":"Feature","geometry":{"type":"Point","coordinates":[-111.9393566,40.7932867]},"properties":{"brand":"Motorola Solutions","operator":"","surveillanceZone":"traffic","osmId":13514908601,"direction":151,"source":"deflock"}},{"type":"Feature","geometry":{"type":"Point","coordinates":[-111.7899776,40.4068792]},"properties":{"brand":"Flock Safety","operator":"","surveillanceZone":"traffic","osmId":13515570001,"direction":0,"source":"deflock"}},{"type":"Feature","geometry":{"type":"Point","coordinates":[-112.0011367,41.1764445]},"properties":{"brand":"Flock Safety","operator":"The Home Depot","surveillanceZone":"traffic","osmId":13515868302,"direction":305,"source":"deflock"}},{"type":"Feature","geometry":{"type":"Point","coordinates":[-112.0011529,41.1758797]},"properties":{"brand":"Flock Safety","operator":"","surveillanceZone":"traffic","osmId":13515870701,"direction":231,"source":"deflock"}},{"type":"Feature","geometry":{"type":"Point","coordinates":[-112.0038956,41.1757487]},"properties":{"brand":"Flock Safety","operator":"The Home Depot","surveillanceZone":"traffic","osmId":13515876201,"direction":69,"source":"deflock"}},{"type":"Feature","geometry":{"type":"Point","coordinates":[-112.008055,41.1755972]},"properties":{"brand":"Flock Safety","operator":"","surveillanceZone":"traffic","osmId":13515906301,"direction":220,"source":"deflock"}},{"type":"Feature","geometry":{"type":"Point","coordinates":[-111.8542372,40.6868597]},"properties":{"brand":"Flock Safety","operator":"","surveillanceZone":"traffic","osmId":13516890601,"direction":167.5,"source":"deflock"}},{"type":"Feature","geometry":{"type":"Point","coordinates":[-111.9126106,40.7822118]},"properties":{"brand":"Motorola Solutions","operator":"","surveillanceZone":"traffic","osmId":13517685002,"direction":48,"source":"deflock"}},{"type":"Feature","geometry":{"type":"Point","coordinates":[-111.944813,40.7713651]},"properties":{"brand":"Motorola Solutions","operator":"","surveillanceZone":"traffic","osmId":13519830401,"direction":55,"source":"deflock"}},{"type":"Feature","geometry":{"type":"Point","coordinates":[-111.9051621,40.6740896]},"properties":{"brand":"Flock Safety","operator":"","surveillanceZone":"traffic","osmId":13522621201,"direction":181.5,"source":"deflock"}},{"type":"Feature","geometry":{"type":"Point","coordinates":[-111.9037488,40.6739558]},"properties":{"brand":"Flock Safety","operator":"","surveillanceZone":"traffic","osmId":13522621601,"direction":182.5,"source":"deflock"}},{"type":"Feature","geometry":{"type":"Point","coordinates":[-111.888063,40.6876631]},"properties":{"brand":"Flock Safety","operator":"","surveillanceZone":"traffic","osmId":13522635102,"direction":331.5,"source":"deflock"}},{"type":"Feature","geometry":{"type":"Point","coordinates":[-113.5042515,37.1301427]},"properties":{"brand":"","operator":"Washington City Police Department","surveillanceZone":"traffic","osmId":13525479436,"direction":300,"source":"deflock"}},{"type":"Feature","geometry":{"type":"Point","coordinates":[-111.8519994,40.6222672]},"properties":{"brand":"Flock Safety","operator":"The Home Depot","surveillanceZone":"","osmId":13526925354,"direction":265,"source":"deflock"}},{"type":"Feature","geometry":{"type":"Point","coordinates":[-111.8520219,40.622964]},"properties":{"brand":"Flock Safety","operator":"The Home Depot","surveillanceZone":"","osmId":13526925355,"direction":150,"source":"deflock"}},{"type":"Feature","geometry":{"type":"Point","coordinates":[-111.8520543,40.6229984]},"properties":{"brand":"Flock Safety","operator":"The Home Depot","surveillanceZone":"","osmId":13526925356,"direction":30,"source":"deflock"}},{"type":"Feature","geometry":{"type":"Point","coordinates":[-111.8538202,40.6229855]},"properties":{"brand":"Flock Safety","operator":"The Home Depot","surveillanceZone":"","osmId":13526925357,"direction":320,"source":"deflock"}},{"type":"Feature","geometry":{"type":"Point","coordinates":[-111.8329169,41.7527006]},"properties":{"brand":"Flock Safety","operator":"The Home Depot","surveillanceZone":"traffic","osmId":13527298006,"direction":350,"source":"deflock"}},{"type":"Feature","geometry":{"type":"Point","coordinates":[-111.8318373,41.7526801]},"properties":{"brand":"Flock Safety","operator":"The Home Depot","surveillanceZone":"traffic","osmId":13527298008,"direction":28,"source":"deflock"}},{"type":"Feature","geometry":{"type":"Point","coordinates":[-111.8318033,41.7541245]},"properties":{"brand":"Flock Safety","operator":"The Home Depot","surveillanceZone":"traffic","osmId":13527303609,"direction":156,"source":"deflock"}},{"type":"Feature","geometry":{"type":"Point","coordinates":[-111.8328634,41.7541271]},"properties":{"brand":"Flock Safety","operator":"The Home Depot","surveillanceZone":"traffic","osmId":13527309301,"direction":221,"source":"deflock"}},{"type":"Feature","geometry":{"type":"Point","coordinates":[-111.8542231,40.7008521]},"properties":{"brand":"Flock Safety","operator":"","surveillanceZone":"traffic","osmId":13530410001,"direction":180,"source":"deflock"}},{"type":"Feature","geometry":{"type":"Point","coordinates":[-111.946022,41.0382865]},"properties":{"brand":"Flock Safety","operator":"","surveillanceZone":"","osmId":13531373587,"direction":225,"source":"deflock"}},{"type":"Feature","geometry":{"type":"Point","coordinates":[-109.341752,37.8935749]},"properties":{"brand":"Flock Safety","operator":"","surveillanceZone":"traffic","osmId":13532657101,"direction":336,"source":"deflock"}},{"type":"Feature","geometry":{"type":"Point","coordinates":[-109.3419938,37.8937203]},"properties":{"brand":"Flock Safety","operator":"","surveillanceZone":"traffic","osmId":13532657601,"direction":150,"source":"deflock"}},{"type":"Feature","geometry":{"type":"Point","coordinates":[-111.956081,39.9525633]},"properties":{"brand":"Flock Safety","operator":"","surveillanceZone":"traffic","osmId":13539040401,"direction":216,"source":"deflock"}},{"type":"Feature","geometry":{"type":"Point","coordinates":[-111.9742133,41.3090709]},"properties":{"brand":"Flock Safety","operator":"","surveillanceZone":"traffic","osmId":13541688201,"direction":75,"source":"deflock"}},{"type":"Feature","geometry":{"type":"Point","coordinates":[-111.8512188,40.7008943]},"properties":{"brand":"Flock Safety","operator":"","surveillanceZone":"traffic","osmId":13542102977,"direction":140,"source":"deflock"}},{"type":"Feature","geometry":{"type":"Point","coordinates":[-111.9744335,41.0670403]},"properties":{"brand":"Flock Safety","operator":"","surveillanceZone":"","osmId":13563103984,"direction":200,"source":"deflock"}},{"type":"Feature","geometry":{"type":"Point","coordinates":[-111.5797924,40.6077829]},"properties":{"brand":"Flock Safety","operator":"","surveillanceZone":"traffic","osmId":13563532701,"direction":0,"source":"deflock"}},{"type":"Feature","geometry":{"type":"Point","coordinates":[-111.8351785,39.8213887]},"properties":{"brand":"Flock Safety","operator":"","surveillanceZone":"traffic","osmId":13565049201,"direction":223,"source":"deflock"}},{"type":"Feature","geometry":{"type":"Point","coordinates":[-111.7562176,40.3504118]},"properties":{"brand":"Flock Safety","operator":"","surveillanceZone":"traffic","osmId":13565733501,"direction":48,"source":"deflock"}},{"type":"Feature","geometry":{"type":"Point","coordinates":[-111.39666,38.2974008]},"properties":{"brand":"Flock Safety","operator":"","surveillanceZone":"traffic","osmId":13567165801,"direction":221,"source":"deflock"}},{"type":"Feature","geometry":{"type":"Point","coordinates":[-111.3969981,38.297147]},"properties":{"brand":"Flock Safety","operator":"","surveillanceZone":"traffic","osmId":13567166301,"direction":71,"source":"deflock"}},{"type":"Feature","geometry":{"type":"Point","coordinates":[-113.1109966,37.6860836]},"properties":{"brand":"Flock Safety","operator":"","surveillanceZone":"","osmId":13568611341,"direction":330,"source":"deflock"}},{"type":"Feature","geometry":{"type":"Point","coordinates":[-113.1084598,37.7063586]},"properties":{"brand":"Flock Safety","operator":"","surveillanceZone":"","osmId":13568611342,"direction":70,"source":"deflock"}},{"type":"Feature","geometry":{"type":"Point","coordinates":[-113.1062969,37.6838263]},"properties":{"brand":"Flock Safety","operator":"","surveillanceZone":"","osmId":13568611343,"direction":330,"source":"deflock"}},{"type":"Feature","geometry":{"type":"Point","coordinates":[-113.0796654,37.6869592]},"properties":{"brand":"Flock Safety","operator":"","surveillanceZone":"","osmId":13568611344,"direction":245,"source":"deflock"}},{"type":"Feature","geometry":{"type":"Point","coordinates":[-113.084156,37.6548304]},"properties":{"brand":"Flock Safety","operator":"","surveillanceZone":"","osmId":13568611345,"direction":75,"source":"deflock"}},{"type":"Feature","geometry":{"type":"Point","coordinates":[-113.080779,37.654248]},"properties":{"brand":"Flock Safety","operator":"","surveillanceZone":"","osmId":13568611346,"direction":250,"source":"deflock"}},{"type":"Feature","geometry":{"type":"Point","coordinates":[-113.0344878,37.6731682]},"properties":{"brand":"Flock Safety","operator":"","surveillanceZone":"","osmId":13568611347,"direction":55,"source":"deflock"}},{"type":"Feature","geometry":{"type":"Point","coordinates":[-113.034605,37.6732299]},"properties":{"brand":"Flock Safety","operator":"","surveillanceZone":"","osmId":13568611348,"direction":220,"source":"deflock"}},{"type":"Feature","geometry":{"type":"Point","coordinates":[-113.0622333,37.6810514]},"properties":{"brand":"Flock Safety","operator":"","surveillanceZone":"traffic","osmId":13568611349,"direction":230,"source":"deflock"}},{"type":"Feature","geometry":{"type":"Point","coordinates":[-113.0541936,37.7293454]},"properties":{"brand":"Flock Safety","operator":"","surveillanceZone":"","osmId":13568611350,"direction":295,"source":"deflock"}},{"type":"Feature","geometry":{"type":"Point","coordinates":[-113.086005,37.6813885]},"properties":{"brand":"Flock Safety","operator":"","surveillanceZone":"","osmId":13568611351,"direction":340,"source":"deflock"}},{"type":"Feature","geometry":{"type":"Point","coordinates":[-113.0864416,37.6811845]},"properties":{"brand":"Flock Safety","operator":"","surveillanceZone":"","osmId":13568611352,"direction":140,"source":"deflock"}},{"type":"Feature","geometry":{"type":"Point","coordinates":[-111.8341159,40.6281612]},"properties":{"brand":"Motorola Solutions","operator":"","surveillanceZone":"traffic","osmId":13571398301,"direction":164,"source":"deflock"}},{"type":"Feature","geometry":{"type":"Point","coordinates":[-111.7323737,40.0543398]},"properties":{"brand":"Flock Safety","operator":"","surveillanceZone":"traffic","osmId":13573991301,"direction":149,"source":"deflock"}},{"type":"Feature","geometry":{"type":"Point","coordinates":[-111.97556,41.0673047]},"properties":{"brand":"Flock Safety","operator":"","surveillanceZone":"traffic","osmId":13574746601,"direction":199,"source":"deflock"}},{"type":"Feature","geometry":{"type":"Point","coordinates":[-111.9741424,41.0669511]},"properties":{"brand":"Flock Safety","operator":"","surveillanceZone":"traffic","osmId":13574746801,"direction":239,"source":"deflock"}},{"type":"Feature","geometry":{"type":"Point","coordinates":[-111.9804251,41.1913183]},"properties":{"brand":"Flock Safety","operator":"","surveillanceZone":"traffic","osmId":13574764701,"direction":19,"source":"deflock"}},{"type":"Feature","geometry":{"type":"Point","coordinates":[-111.8313866,39.8948082]},"properties":{"brand":"Flock Safety","operator":"","surveillanceZone":"traffic","osmId":13583774001,"direction":0,"source":"deflock"}},{"type":"Feature","geometry":{"type":"Point","coordinates":[-113.0783865,37.6665218]},"properties":{"brand":"Flock Safety","operator":"","surveillanceZone":"traffic","osmId":13584079007,"direction":70,"source":"deflock"}},{"type":"Feature","geometry":{"type":"Point","coordinates":[-111.8624091,40.6305945]},"properties":{"brand":"Flock Safety","operator":"","surveillanceZone":"traffic","osmId":13588217301,"direction":339.5,"source":"deflock"}},{"type":"Feature","geometry":{"type":"Point","coordinates":[-111.7701625,39.9755695]},"properties":{"brand":"Flock Safety","operator":"","surveillanceZone":"traffic","osmId":13588600801,"direction":300,"source":"deflock"}},{"type":"Feature","geometry":{"type":"Point","coordinates":[-111.9821735,40.508896]},"properties":{"brand":"Flock Safety","operator":"The Home Depot","surveillanceZone":"traffic","osmId":13588766001,"direction":293,"source":"deflock"}},{"type":"Feature","geometry":{"type":"Point","coordinates":[-111.9814478,40.5094389]},"properties":{"brand":"Flock Safety","operator":"The Home Depot","surveillanceZone":"traffic","osmId":13588781601,"direction":280,"source":"deflock"}},{"type":"Feature","geometry":{"type":"Point","coordinates":[-112.0246147,40.6310023]},"properties":{"brand":"Flock Safety","operator":"","surveillanceZone":"traffic","osmId":13588782501,"direction":146,"source":"deflock"}},{"type":"Feature","geometry":{"type":"Point","coordinates":[-113.081656,37.6769252]},"properties":{"brand":"Flock Safety","operator":"","surveillanceZone":"traffic","osmId":13591697926,"direction":55,"source":"deflock"}},{"type":"Feature","geometry":{"type":"Point","coordinates":[-113.08726,37.6523486]},"properties":{"brand":"Flock Safety","operator":"","surveillanceZone":"traffic","osmId":13591697927,"direction":240,"source":"deflock"}},{"type":"Feature","geometry":{"type":"Point","coordinates":[-111.8364864,40.5779338]},"properties":{"brand":"Flock Safety","operator":"The Home Depot","surveillanceZone":"traffic","osmId":13591784801,"direction":309,"source":"deflock"}},{"type":"Feature","geometry":{"type":"Point","coordinates":[-111.8367667,40.5766711]},"properties":{"brand":"Flock Safety","operator":"The Home Depot","surveillanceZone":"traffic","osmId":13591792901,"direction":304,"source":"deflock"}},{"type":"Feature","geometry":{"type":"Point","coordinates":[-111.9157789,40.6114863]},"properties":{"brand":"Motorola Solutions","operator":"","surveillanceZone":"traffic","osmId":13592094501,"direction":336,"source":"deflock"}},{"type":"Feature","geometry":{"type":"Point","coordinates":[-111.9157789,40.6114863]},"properties":{"brand":"Motorola Solutions","operator":"","surveillanceZone":"traffic","osmId":13592095001,"direction":336,"source":"deflock"}},{"type":"Feature","geometry":{"type":"Point","coordinates":[-111.9025155,40.7276963]},"properties":{"brand":"Flock Safety","operator":"","surveillanceZone":"traffic","osmId":13594268801,"direction":206,"source":"deflock"}},{"type":"Feature","geometry":{"type":"Point","coordinates":[-111.8549207,40.629383]},"properties":{"brand":"Flock Safety","operator":"","surveillanceZone":"traffic","osmId":13606683687,"direction":165,"source":"deflock"}},{"type":"Feature","geometry":{"type":"Point","coordinates":[-111.7554911,40.0313448]},"properties":{"brand":"Flock Safety","operator":"","surveillanceZone":"traffic","osmId":13608304201,"direction":57,"source":"deflock"}},{"type":"Feature","geometry":{"type":"Point","coordinates":[-111.8047724,39.9517518]},"properties":{"brand":"Flock Safety","operator":"","surveillanceZone":"traffic","osmId":13608429801,"direction":266,"source":"deflock"}},{"type":"Feature","geometry":{"type":"Point","coordinates":[-112.0263757,40.6092161]},"properties":{"brand":"Flock Safety","operator":"","surveillanceZone":"traffic","osmId":13608663446,"direction":175,"source":"deflock"}},{"type":"Feature","geometry":{"type":"Point","coordinates":[-112.0260345,40.6079864]},"properties":{"brand":"Flock Safety","operator":"","surveillanceZone":"traffic","osmId":13608663447,"direction":265,"source":"deflock"}},{"type":"Feature","geometry":{"type":"Point","coordinates":[-112.0464775,41.3192813]},"properties":{"brand":"","operator":"","surveillanceZone":"traffic","osmId":13609760243,"direction":220,"source":"deflock"}},{"type":"Feature","geometry":{"type":"Point","coordinates":[-111.8163654,40.4536358]},"properties":{"brand":"Flock Safety","operator":"","surveillanceZone":"traffic","osmId":13617928101,"direction":320,"source":"deflock"}},{"type":"Feature","geometry":{"type":"Point","coordinates":[-111.939361,40.4048433]},"properties":{"brand":"Flock Safety","operator":"","surveillanceZone":"traffic","osmId":13619249801,"direction":181,"source":"deflock"}},{"type":"Feature","geometry":{"type":"Point","coordinates":[-111.9822926,40.6146304]},"properties":{"brand":"Flock Safety","operator":"","surveillanceZone":"traffic","osmId":13623861201,"direction":86,"source":"deflock"}},{"type":"Feature","geometry":{"type":"Point","coordinates":[-111.9999469,40.637649]},"properties":{"brand":"Flock Safety","operator":"","surveillanceZone":"traffic","osmId":13625679901,"direction":159,"source":"deflock"}},{"type":"Feature","geometry":{"type":"Point","coordinates":[-111.7733823,40.4398302]},"properties":{"brand":"Flock Safety","operator":"","surveillanceZone":"traffic","osmId":13628485301,"direction":330,"source":"deflock"}},{"type":"Feature","geometry":{"type":"Point","coordinates":[-111.871012,40.7434549]},"properties":{"brand":"Flock Safety","operator":"","surveillanceZone":"traffic","osmId":13629250401,"direction":331,"source":"deflock"}},{"type":"Feature","geometry":{"type":"Point","coordinates":[-111.9762707,40.6356583]},"properties":{"brand":"Flock Safety","operator":"","surveillanceZone":"traffic","osmId":13630166301,"direction":334.5,"source":"deflock"}},{"type":"Feature","geometry":{"type":"Point","coordinates":[-111.8370694,40.5787569]},"properties":{"brand":"Flock Safety","operator":"","surveillanceZone":"traffic","osmId":13631246202,"direction":169,"source":"deflock"}},{"type":"Feature","geometry":{"type":"Point","coordinates":[-111.887995,40.9165738]},"properties":{"brand":"Flock Safety","operator":"","surveillanceZone":"traffic","osmId":13634958402,"direction":194,"source":"deflock"}},{"type":"Feature","geometry":{"type":"Point","coordinates":[-111.8869842,40.9154547]},"properties":{"brand":"Flock Safety","operator":"","surveillanceZone":"traffic","osmId":13634959701,"direction":24,"source":"deflock"}},{"type":"Feature","geometry":{"type":"Point","coordinates":[-111.8870982,40.9166196]},"properties":{"brand":"Flock Safety","operator":"","surveillanceZone":"traffic","osmId":13634974202,"direction":164,"source":"deflock"}},{"type":"Feature","geometry":{"type":"Point","coordinates":[-111.8341215,40.6347032]},"properties":{"brand":"Flock Safety","operator":"","surveillanceZone":"traffic","osmId":13637289201,"direction":323,"source":"deflock"}},{"type":"Feature","geometry":{"type":"Point","coordinates":[-112.2968539,40.5701721]},"properties":{"brand":"Flock Safety","operator":"The Home Depot","surveillanceZone":"traffic","osmId":13646122301,"direction":0,"source":"deflock"}},{"type":"Feature","geometry":{"type":"Point","coordinates":[-111.8650488,40.6682389]},"properties":{"brand":"Flock Safety","operator":"","surveillanceZone":"traffic","osmId":13646513401,"direction":337.5,"source":"deflock"}},{"type":"Feature","geometry":{"type":"Point","coordinates":[-111.8377026,40.5785816]},"properties":{"brand":"Flock Safety","operator":"The Home Depot","surveillanceZone":"traffic","osmId":13646583601,"direction":148,"source":"deflock"}},{"type":"Feature","geometry":{"type":"Point","coordinates":[-113.0557509,37.7645424]},"properties":{"brand":"Flock Safety","operator":"","surveillanceZone":"traffic","osmId":13647970401,"direction":103,"source":"deflock"}},{"type":"Feature","geometry":{"type":"Point","coordinates":[-111.9395083,40.7891167]},"properties":{"brand":"Motorola Solutions","operator":"","surveillanceZone":"traffic","osmId":13648367101,"direction":151,"source":"deflock"}},{"type":"Feature","geometry":{"type":"Point","coordinates":[-111.9462353,41.0380632]},"properties":{"brand":"Flock Safety","operator":"","surveillanceZone":"traffic","osmId":13648409601,"direction":63,"source":"deflock"}},{"type":"Feature","geometry":{"type":"Point","coordinates":[-112.0451732,41.1329324]},"properties":{"brand":"Flock Safety","operator":"","surveillanceZone":"traffic","osmId":13656729501,"direction":0,"source":"deflock"}},{"type":"Feature","geometry":{"type":"Point","coordinates":[-111.9058913,40.7561873]},"properties":{"brand":"Motorola Solutions","operator":"","surveillanceZone":"traffic","osmId":13657023501,"direction":51,"source":"deflock"}},{"type":"Feature","geometry":{"type":"Point","coordinates":[-111.936161,40.5892439]},"properties":{"brand":"Flock Safety","operator":"","surveillanceZone":"traffic","osmId":13657156994,"direction":15,"source":"deflock"}},{"type":"Feature","geometry":{"type":"Point","coordinates":[-111.8899558,40.7520288]},"properties":{"brand":"Motorola Solutions","operator":"","surveillanceZone":"traffic","osmId":13660243201,"direction":236,"source":"deflock"}},{"type":"Feature","geometry":{"type":"Point","coordinates":[-111.8985042,40.5879076]},"properties":{"brand":"Flock Safety","operator":"","surveillanceZone":"traffic","osmId":13665040901,"direction":75,"source":"deflock"}},{"type":"Feature","geometry":{"type":"Point","coordinates":[-111.87219,40.5441558]},"properties":{"brand":"Flock Safety","operator":"","surveillanceZone":"traffic","osmId":13667697901,"direction":161,"source":"deflock"}},{"type":"Feature","geometry":{"type":"Point","coordinates":[-111.866075,40.6315108]},"properties":{"brand":"Motorola Solutions","operator":"","surveillanceZone":"traffic","osmId":13670310501,"direction":148,"source":"deflock"}},{"type":"Feature","geometry":{"type":"Point","coordinates":[-111.9939475,41.1533213]},"properties":{"brand":"Flock Safety","operator":"","surveillanceZone":"traffic","osmId":13674516602,"direction":107,"source":"deflock"}},{"type":"Feature","geometry":{"type":"Point","coordinates":[-111.5790674,40.1479276]},"properties":{"brand":"Flock Safety","operator":"","surveillanceZone":"traffic","osmId":13679964501,"direction":135,"source":"deflock"}},{"type":"Feature","geometry":{"type":"Point","coordinates":[-111.853813,40.5290723]},"properties":{"brand":"Flock Safety","operator":"","surveillanceZone":"traffic","osmId":13680670639,"direction":227,"source":"deflock"}},{"type":"Feature","geometry":{"type":"Point","coordinates":[-111.82836,41.7583854]},"properties":{"brand":"Flock Safety","operator":"Lowe's","surveillanceZone":"traffic","osmId":13683597501,"direction":51,"source":"deflock"}},{"type":"Feature","geometry":{"type":"Point","coordinates":[-111.827009,41.7576482]},"properties":{"brand":"Flock Safety","operator":"Lowe's","surveillanceZone":"traffic","osmId":13683688302,"direction":322,"source":"deflock"}},{"type":"Feature","geometry":{"type":"Point","coordinates":[-111.8252725,41.7576897]},"properties":{"brand":"Flock Safety","operator":"Lowe's","surveillanceZone":"traffic","osmId":13683690001,"direction":329,"source":"deflock"}},{"type":"Feature","geometry":{"type":"Point","coordinates":[-112.033098,40.7621719]},"properties":{"brand":"Motorola Solutions","operator":"","surveillanceZone":"traffic","osmId":13683857201,"direction":321,"source":"deflock"}},{"type":"Feature","geometry":{"type":"Point","coordinates":[-111.9054472,40.6736363]},"properties":{"brand":"Flock Safety","operator":"Lowe's","surveillanceZone":"traffic","osmId":13685705401,"direction":102,"source":"deflock"}},{"type":"Feature","geometry":{"type":"Point","coordinates":[-111.9045973,40.6725729]},"properties":{"brand":"Flock Safety","operator":"Lowe's","surveillanceZone":"traffic","osmId":13685709301,"direction":47,"source":"deflock"}},{"type":"Feature","geometry":{"type":"Point","coordinates":[-111.8086843,39.9829217]},"properties":{"brand":"Flock Safety","operator":"","surveillanceZone":"traffic","osmId":13685744901,"direction":108,"source":"deflock"}},{"type":"Feature","geometry":{"type":"Point","coordinates":[-111.6375459,40.1266967]},"properties":{"brand":"Flock Safety","operator":"Lowe's","surveillanceZone":"traffic","osmId":13687449901,"direction":96,"source":"deflock"}},{"type":"Feature","geometry":{"type":"Point","coordinates":[-111.6368475,40.1275443]},"properties":{"brand":"Flock Safety","operator":"Lowe's","surveillanceZone":"traffic","osmId":13687450401,"direction":153,"source":"deflock"}},{"type":"Feature","geometry":{"type":"Point","coordinates":[-111.9231561,40.7911589]},"properties":{"brand":"Motorola Solutions","operator":"","surveillanceZone":"traffic","osmId":13687849701,"direction":220,"source":"deflock"}},{"type":"Feature","geometry":{"type":"Point","coordinates":[-113.4856102,37.1443727]},"properties":{"brand":"","operator":"Washington City Police Department","surveillanceZone":"traffic","osmId":13690082059,"direction":300,"source":"deflock"}},{"type":"Feature","geometry":{"type":"Point","coordinates":[-111.9980598,41.5024603]},"properties":{"brand":"Flock Safety","operator":"","surveillanceZone":"traffic","osmId":13694249001,"direction":295,"source":"deflock"}},{"type":"Feature","geometry":{"type":"Point","coordinates":[-111.8707893,40.7334716]},"properties":{"brand":"Motorola Solutions","operator":"","surveillanceZone":"traffic","osmId":13696374901,"direction":67,"source":"deflock"}},{"type":"Feature","geometry":{"type":"Point","coordinates":[-112.0624928,41.1417263]},"properties":{"brand":"Flock Safety","operator":"Lowe's","surveillanceZone":"traffic","osmId":13699912001,"direction":321,"source":"deflock"}},{"type":"Feature","geometry":{"type":"Point","coordinates":[-112.0624968,41.1420548]},"properties":{"brand":"Flock Safety","operator":"Lowe's","surveillanceZone":"traffic","osmId":13699913801,"direction":16,"source":"deflock"}},{"type":"Feature","geometry":{"type":"Point","coordinates":[-112.0625008,41.1431639]},"properties":{"brand":"Flock Safety","operator":"Lowe's","surveillanceZone":"traffic","osmId":13699913802,"direction":67,"source":"deflock"}},{"type":"Feature","geometry":{"type":"Point","coordinates":[-112.0624368,41.1433176]},"properties":{"brand":"Flock Safety","operator":"Lowe's","surveillanceZone":"traffic","osmId":13699915701,"direction":203,"source":"deflock"}},{"type":"Feature","geometry":{"type":"Point","coordinates":[-111.8783054,40.9065164]},"properties":{"brand":"Flock Safety","operator":"","surveillanceZone":"traffic","osmId":13700284101,"direction":60,"source":"deflock"}},{"type":"Feature","geometry":{"type":"Point","coordinates":[-111.9283593,40.8419868]},"properties":{"brand":"Flock Safety","operator":"","surveillanceZone":"traffic","osmId":13702766601,"direction":245,"source":"deflock"}},{"type":"Feature","geometry":{"type":"Point","coordinates":[-111.9392093,40.7421901]},"properties":{"brand":"Flock Safety","operator":"","surveillanceZone":"traffic","osmId":13702771901,"direction":155,"source":"deflock"}},{"type":"Feature","geometry":{"type":"Point","coordinates":[-111.9391855,40.7222551]},"properties":{"brand":"Flock Safety","operator":"","surveillanceZone":"traffic","osmId":13702775201,"direction":147,"source":"deflock"}},{"type":"Feature","geometry":{"type":"Point","coordinates":[-111.9379735,40.6964914]},"properties":{"brand":"Flock Safety","operator":"","surveillanceZone":"traffic","osmId":13702777101,"direction":59,"source":"deflock"}},{"type":"Feature","geometry":{"type":"Point","coordinates":[-111.9391161,40.6963802]},"properties":{"brand":"Flock Safety","operator":"","surveillanceZone":"traffic","osmId":13702778201,"direction":156,"source":"deflock"}},{"type":"Feature","geometry":{"type":"Point","coordinates":[-111.899306,40.6997385]},"properties":{"brand":"Flock Safety","operator":"","surveillanceZone":"traffic","osmId":13702782101,"direction":50,"source":"deflock"}},{"type":"Feature","geometry":{"type":"Point","coordinates":[-111.8909664,40.7354798]},"properties":{"brand":"Flock Safety","operator":"","surveillanceZone":"traffic","osmId":13702788201,"direction":323,"source":"deflock"}},{"type":"Feature","geometry":{"type":"Point","coordinates":[-111.891231,40.7363674]},"properties":{"brand":"Flock Safety","operator":"","surveillanceZone":"traffic","osmId":13702788301,"direction":152,"source":"deflock"}},{"type":"Feature","geometry":{"type":"Point","coordinates":[-111.8909483,40.7474728]},"properties":{"brand":"Flock Safety","operator":"","surveillanceZone":"traffic","osmId":13702789301,"direction":325,"source":"deflock"}},{"type":"Feature","geometry":{"type":"Point","coordinates":[-111.8912212,40.7477839]},"properties":{"brand":"Flock Safety","operator":"","surveillanceZone":"traffic","osmId":13702789501,"direction":149,"source":"deflock"}},{"type":"Feature","geometry":{"type":"Point","coordinates":[-111.9155278,40.8267613]},"properties":{"brand":"Flock Safety","operator":"","surveillanceZone":"traffic","osmId":13702817601,"direction":335,"source":"deflock"}},{"type":"Feature","geometry":{"type":"Point","coordinates":[-111.8991882,40.8582141]},"properties":{"brand":"Flock Safety","operator":"","surveillanceZone":"traffic","osmId":13702823801,"direction":188,"source":"deflock"}},{"type":"Feature","geometry":{"type":"Point","coordinates":[-111.889548,40.8843406]},"properties":{"brand":"Flock Safety","operator":"","surveillanceZone":"traffic","osmId":13702831701,"direction":238,"source":"deflock"}},{"type":"Feature","geometry":{"type":"Point","coordinates":[-111.9300843,40.8529938]},"properties":{"brand":"Flock Safety","operator":"","surveillanceZone":"traffic","osmId":13704243201,"direction":244,"source":"deflock"}},{"type":"Feature","geometry":{"type":"Point","coordinates":[-112.0115022,41.1033947]},"properties":{"brand":"Flock Safety","operator":"","surveillanceZone":"traffic","osmId":13706966401,"direction":59,"source":"deflock"}},{"type":"Feature","geometry":{"type":"Point","coordinates":[-111.5872842,40.0822203]},"properties":{"brand":"Flock Safety","operator":"","surveillanceZone":"traffic","osmId":13706988101,"direction":0,"source":"deflock"}},{"type":"Feature","geometry":{"type":"Point","coordinates":[-111.5557058,40.1486782]},"properties":{"brand":"Flock Safety","operator":"","surveillanceZone":"traffic","osmId":13717516501,"direction":158,"source":"deflock"}},{"type":"Feature","geometry":{"type":"Point","coordinates":[-111.5453495,40.1528856]},"properties":{"brand":"Flock Safety","operator":"","surveillanceZone":"traffic","osmId":13717524101,"direction":35,"source":"deflock"}},{"type":"Feature","geometry":{"type":"Point","coordinates":[-112.0128101,41.1736896]},"properties":{"brand":"Flock Safety","operator":"","surveillanceZone":"traffic","osmId":13719276701,"direction":45,"source":"deflock"}},{"type":"Feature","geometry":{"type":"Point","coordinates":[-111.8599882,40.6871578]},"properties":{"brand":"Flock Safety","operator":"","surveillanceZone":"traffic","osmId":13719721292,"direction":270,"source":"deflock"}},{"type":"Feature","geometry":{"type":"Point","coordinates":[-111.9520589,40.6640016]},"properties":{"brand":"Flock Safety","operator":"","surveillanceZone":"traffic","osmId":13727888801,"direction":345,"source":"deflock"}},{"type":"Feature","geometry":{"type":"Point","coordinates":[-111.9868807,41.1875763]},"properties":{"brand":"Flock Safety","operator":"Lowe's","surveillanceZone":"traffic","osmId":13728273901,"direction":42,"source":"deflock"}},{"type":"Feature","geometry":{"type":"Point","coordinates":[-111.9856164,41.1883955]},"properties":{"brand":"Flock Safety","operator":"Lowe's","surveillanceZone":"traffic","osmId":13728273902,"direction":168,"source":"deflock"}},{"type":"Feature","geometry":{"type":"Point","coordinates":[-111.9850738,41.1888961]},"properties":{"brand":"Flock Safety","operator":"Lowe's","surveillanceZone":"traffic","osmId":13728273903,"direction":280,"source":"deflock"}},{"type":"Feature","geometry":{"type":"Point","coordinates":[-111.9868778,41.1875633]},"properties":{"brand":"Flock Safety","operator":"Lowe's","surveillanceZone":"traffic","osmId":13728275901,"direction":78,"source":"deflock"}},{"type":"Feature","geometry":{"type":"Point","coordinates":[-111.9856427,41.1881941]},"properties":{"brand":"Flock Safety","operator":"Lowe's","surveillanceZone":"traffic","osmId":13728275902,"direction":55,"source":"deflock"}},{"type":"Feature","geometry":{"type":"Point","coordinates":[-111.9856164,41.1883955]},"properties":{"brand":"Flock Safety","operator":"Lowe's","surveillanceZone":"traffic","osmId":13728283301,"direction":254,"source":"deflock"}},{"type":"Feature","geometry":{"type":"Point","coordinates":[-111.9850718,41.1888958]},"properties":{"brand":"Flock Safety","operator":"Lowe's","surveillanceZone":"traffic","osmId":13728287001,"direction":206,"source":"deflock"}},{"type":"Feature","geometry":{"type":"Point","coordinates":[-111.9864008,41.189254]},"properties":{"brand":"Flock Safety","operator":"Lowe's","surveillanceZone":"traffic","osmId":13728291701,"direction":206,"source":"deflock"}},{"type":"Feature","geometry":{"type":"Point","coordinates":[-111.9167533,40.6951923]},"properties":{"brand":"Motorola Solutions","operator":"","surveillanceZone":"traffic","osmId":13728759401,"direction":313,"source":"deflock"}},{"type":"Feature","geometry":{"type":"Point","coordinates":[-113.5553441,37.1012586]},"properties":{"brand":"Flock Safety","operator":"Lowe's","surveillanceZone":"traffic","osmId":13732219301,"direction":83,"source":"deflock"}},{"type":"Feature","geometry":{"type":"Point","coordinates":[-113.5541238,37.1017411]},"properties":{"brand":"Flock Safety","operator":"Lowe's","surveillanceZone":"traffic","osmId":13732245501,"direction":180,"source":"deflock"}},{"type":"Feature","geometry":{"type":"Point","coordinates":[-113.5541056,37.1000417]},"properties":{"brand":"Flock Safety","operator":"Lowe's","surveillanceZone":"traffic","osmId":13732247101,"direction":0,"source":"deflock"}},{"type":"Feature","geometry":{"type":"Point","coordinates":[-111.6369817,40.1262539]},"properties":{"brand":"Flock Safety","operator":"Lowe's","surveillanceZone":"traffic","osmId":13732775701,"direction":73,"source":"deflock"}},{"type":"Feature","geometry":{"type":"Point","coordinates":[-111.6369356,40.1274619]},"properties":{"brand":"Flock Safety","operator":"Lowe's","surveillanceZone":"traffic","osmId":13732791001,"direction":34,"source":"deflock"}},{"type":"Feature","geometry":{"type":"Point","coordinates":[-111.6363142,40.1280786]},"properties":{"brand":"Flock Safety","operator":"Lowe's","surveillanceZone":"traffic","osmId":13732793201,"direction":212,"source":"deflock"}},{"type":"Feature","geometry":{"type":"Point","coordinates":[-111.6358087,40.1278991]},"properties":{"brand":"Flock Safety","operator":"Lowe's","surveillanceZone":"traffic","osmId":13732795501,"direction":206,"source":"deflock"}},{"type":"Feature","geometry":{"type":"Point","coordinates":[-111.9692799,41.2654768]},"properties":{"brand":"Flock Safety","operator":"Lowe's","surveillanceZone":"traffic","osmId":13733416101,"direction":72,"source":"deflock"}},{"type":"Feature","geometry":{"type":"Point","coordinates":[-111.9692799,41.2654768]},"properties":{"brand":"Flock Safety","operator":"Lowe's","surveillanceZone":"traffic","osmId":13733416102,"direction":72,"source":"deflock"}},{"type":"Feature","geometry":{"type":"Point","coordinates":[-111.9683078,41.2663859]},"properties":{"brand":"Flock Safety","operator":"Lowe's","surveillanceZone":"traffic","osmId":13733416201,"direction":159,"source":"deflock"}},{"type":"Feature","geometry":{"type":"Point","coordinates":[-111.9668885,41.2663339]},"properties":{"brand":"Flock Safety","operator":"Lowe's","surveillanceZone":"traffic","osmId":13733449502,"direction":130,"source":"deflock"}},{"type":"Feature","geometry":{"type":"Point","coordinates":[-111.9668885,41.2663339]},"properties":{"brand":"Flock Safety","operator":"Lowe's","surveillanceZone":"traffic","osmId":13733466201,"direction":232,"source":"deflock"}},{"type":"Feature","geometry":{"type":"Point","coordinates":[-111.9797521,40.6158275]},"properties":{"brand":"Flock Safety","operator":"Lowe's","surveillanceZone":"traffic","osmId":13733466501,"direction":200,"source":"deflock"}},{"type":"Feature","geometry":{"type":"Point","coordinates":[-111.8888842,40.5283426]},"properties":{"brand":"Flock Safety","operator":"","surveillanceZone":"traffic","osmId":13733760001,"direction":287,"source":"deflock"}},{"type":"Feature","geometry":{"type":"Point","coordinates":[-112.0060799,40.6095791]},"properties":{"brand":"Flock Safety","operator":"","surveillanceZone":"traffic","osmId":13733812901,"direction":246,"source":"deflock"}},{"type":"Feature","geometry":{"type":"Point","coordinates":[-112.045736,41.1472214]},"properties":{"brand":"Flock Safety","operator":"","surveillanceZone":"traffic","osmId":13735051001,"direction":238,"source":"deflock"}},{"type":"Feature","geometry":{"type":"Point","coordinates":[-111.9802889,40.6145662]},"properties":{"brand":"Flock Safety","operator":"Lowe's","surveillanceZone":"traffic","osmId":13738926701,"direction":25,"source":"deflock"}},{"type":"Feature","geometry":{"type":"Point","coordinates":[-111.9804754,40.616518]},"properties":{"brand":"Flock Safety","operator":"","surveillanceZone":"traffic","osmId":13738932701,"direction":105,"source":"deflock"}},{"type":"Feature","geometry":{"type":"Point","coordinates":[-110.650438,39.5488284]},"properties":{"brand":"Flock Safety","operator":"","surveillanceZone":"traffic","osmId":13739136670,"direction":270,"source":"deflock"}},{"type":"Feature","geometry":{"type":"Point","coordinates":[-111.7633797,41.2625167]},"properties":{"brand":"Flock Safety","operator":"","surveillanceZone":"traffic","osmId":13740941709,"direction":240,"source":"deflock"}},{"type":"Feature","geometry":{"type":"Point","coordinates":[-112.0625154,41.1426193]},"properties":{"brand":"Flock Safety","operator":"Lowe's","surveillanceZone":"traffic","osmId":13743471601,"direction":321,"source":"deflock"}},{"type":"Feature","geometry":{"type":"Point","coordinates":[-112.0613148,41.1417048]},"properties":{"brand":"Flock Safety","operator":"Lowe's","surveillanceZone":"traffic","osmId":13743543901,"direction":313,"source":"deflock"}},{"type":"Feature","geometry":{"type":"Point","coordinates":[-111.9747674,41.3185541]},"properties":{"brand":"Flock Safety","operator":"","surveillanceZone":"traffic","osmId":13757123001,"direction":103,"source":"deflock"}},{"type":"Feature","geometry":{"type":"Point","coordinates":[-112.0915995,40.6824785]},"properties":{"brand":"Motorola Solutions","operator":"","surveillanceZone":"traffic","osmId":13758992801,"direction":0,"source":"deflock"}},{"type":"Feature","geometry":{"type":"Point","coordinates":[-112.0633311,40.7038079]},"properties":{"brand":"Flock Safety","operator":"","surveillanceZone":"traffic","osmId":13758994501,"direction":249,"source":"deflock"}},{"type":"Feature","geometry":{"type":"Point","coordinates":[-111.824816,40.3891235]},"properties":{"brand":"Flock Safety","operator":"","surveillanceZone":"traffic","osmId":13759055601,"direction":253,"source":"deflock"}},{"type":"Feature","geometry":{"type":"Point","coordinates":[-111.5724051,37.0013296]},"properties":{"brand":"Flock Safety","operator":"","surveillanceZone":"traffic","osmId":13759516301,"direction":316,"source":"deflock"}},{"type":"Feature","geometry":{"type":"Point","coordinates":[-111.5726523,37.001329]},"properties":{"brand":"Flock Safety","operator":"","surveillanceZone":"traffic","osmId":13759516302,"direction":121,"source":"deflock"}},{"type":"Feature","geometry":{"type":"Point","coordinates":[-112.4568686,40.5954642]},"properties":{"brand":"Flock Safety","operator":"","surveillanceZone":"traffic","osmId":13760567201,"direction":138,"source":"deflock"}},{"type":"Feature","geometry":{"type":"Point","coordinates":[-111.9051601,40.6741099]},"properties":{"brand":"Flock Safety","operator":"","surveillanceZone":"traffic","osmId":13761862401,"direction":117,"source":"deflock"}},{"type":"Feature","geometry":{"type":"Point","coordinates":[-110.5732701,39.5259267]},"properties":{"brand":"Flock Safety","operator":"","surveillanceZone":"traffic","osmId":13764680425,"direction":275,"source":"deflock"}},{"type":"Feature","geometry":{"type":"Point","coordinates":[-111.9162958,41.1400054]},"properties":{"brand":"Flock Safety","operator":"","surveillanceZone":"traffic","osmId":13768611601,"direction":251,"source":"deflock"}},{"type":"Feature","geometry":{"type":"Point","coordinates":[-111.9812601,40.5247562]},"properties":{"brand":"Flock Safety","operator":"","surveillanceZone":"traffic","osmId":13768932401,"direction":244,"source":"deflock"}},{"type":"Feature","geometry":{"type":"Point","coordinates":[-111.9811143,40.5238223]},"properties":{"brand":"Flock Safety","operator":"","surveillanceZone":"traffic","osmId":13768933301,"direction":239,"source":"deflock"}},{"type":"Feature","geometry":{"type":"Point","coordinates":[-111.9813143,40.5258406]},"properties":{"brand":"Flock Safety","operator":"","surveillanceZone":"traffic","osmId":13768934001,"direction":254,"source":"deflock"}},{"type":"Feature","geometry":{"type":"Point","coordinates":[-111.9824909,40.5237734]},"properties":{"brand":"Flock Safety","operator":"","surveillanceZone":"traffic","osmId":13768944301,"direction":14,"source":"deflock"}},{"type":"Feature","geometry":{"type":"Point","coordinates":[-111.9043852,40.6740755]},"properties":{"brand":"Flock Safety","operator":"","surveillanceZone":"traffic","osmId":13769025601,"direction":184,"source":"deflock"}},{"type":"Feature","geometry":{"type":"Point","coordinates":[-109.5682802,40.4357593]},"properties":{"brand":"Flock Safety","operator":"","surveillanceZone":"traffic","osmId":13770661301,"direction":284,"source":"deflock"}},{"type":"Feature","geometry":{"type":"Point","coordinates":[-109.5668003,40.4354726]},"properties":{"brand":"Flock Safety","operator":"","surveillanceZone":"traffic","osmId":13770663101,"direction":298,"source":"deflock"}},{"type":"Feature","geometry":{"type":"Point","coordinates":[-111.8600659,40.5819623]},"properties":{"brand":"Flock Safety","operator":"","surveillanceZone":"traffic","osmId":13772794003,"direction":335,"source":"deflock"}},{"type":"Feature","geometry":{"type":"Point","coordinates":[-111.860225,40.5835085]},"properties":{"brand":"Flock Safety","operator":"Lowe's","surveillanceZone":"traffic","osmId":13772817784,"direction":160,"source":"deflock"}},{"type":"Feature","geometry":{"type":"Point","coordinates":[-111.8617443,40.5835218]},"properties":{"brand":"Flock Safety","operator":"Lowe's","surveillanceZone":"traffic","osmId":13772821768,"direction":90,"source":"deflock"}},{"type":"Feature","geometry":{"type":"Point","coordinates":[-111.8586506,40.5837536]},"properties":{"brand":"Flock Safety","operator":"","surveillanceZone":"traffic","osmId":13772826893,"direction":200,"source":"deflock"}},{"type":"Feature","geometry":{"type":"Point","coordinates":[-111.8614586,40.5826746]},"properties":{"brand":"Flock Safety","operator":"Lowe's","surveillanceZone":"traffic","osmId":13772843232,"direction":110,"source":"deflock"}},{"type":"Feature","geometry":{"type":"Point","coordinates":[-111.8612109,40.5829622]},"properties":{"brand":"Flock Safety","operator":"Lowe's","surveillanceZone":"traffic","osmId":13772843233,"direction":90,"source":"deflock"}},{"type":"Feature","geometry":{"type":"Point","coordinates":[-111.8654104,40.6899524]},"properties":{"brand":"Flock Safety","operator":"","surveillanceZone":"traffic","osmId":13772887939,"direction":330,"source":"deflock"}},{"type":"Feature","geometry":{"type":"Point","coordinates":[-112.064875,40.7254997]},"properties":{"brand":"Flock Safety","operator":"","surveillanceZone":"traffic","osmId":13775227203,"direction":76,"source":"deflock"}},{"type":"Feature","geometry":{"type":"Point","coordinates":[-112.0824286,40.7179276]},"properties":{"brand":"Motorola Solutions","operator":"","surveillanceZone":"traffic","osmId":13785119301,"direction":159,"source":"deflock"}},{"type":"Feature","geometry":{"type":"Point","coordinates":[-112.0919676,40.7110926]},"properties":{"brand":"Motorola Solutions","operator":"","surveillanceZone":"traffic","osmId":13785133401,"direction":163,"source":"deflock"}},{"type":"Feature","geometry":{"type":"Point","coordinates":[-109.5695102,40.4337922]},"properties":{"brand":"Flock Safety","operator":"","surveillanceZone":"traffic","osmId":13785392001,"direction":80,"source":"deflock"}},{"type":"Feature","geometry":{"type":"Point","coordinates":[-109.5686966,40.4347584]},"properties":{"brand":"Flock Safety","operator":"","surveillanceZone":"traffic","osmId":13785394301,"direction":70,"source":"deflock"}},{"type":"Feature","geometry":{"type":"Point","coordinates":[-111.8327764,41.8303924]},"properties":{"brand":"Genetec","operator":"","surveillanceZone":"traffic","osmId":13785627541,"direction":0,"source":"deflock"}},{"type":"Feature","geometry":{"type":"Point","coordinates":[-111.6998494,40.2742661]},"properties":{"brand":"Flock Safety","operator":"Lowe's","surveillanceZone":"traffic","osmId":13787726001,"direction":150,"source":"deflock"}},{"type":"Feature","geometry":{"type":"Point","coordinates":[-111.9853442,41.089021]},"properties":{"brand":"Flock Safety","operator":"","surveillanceZone":"traffic","osmId":13797622301,"direction":152,"source":"deflock"}},{"type":"Feature","geometry":{"type":"Point","coordinates":[-111.9513847,41.0382964]},"properties":{"brand":"Flock Safety","operator":"","surveillanceZone":"traffic","osmId":13797625901,"direction":127,"source":"deflock"}},{"type":"Feature","geometry":{"type":"Point","coordinates":[-111.9095431,40.765139]},"properties":{"brand":"Motorola Solutions","operator":"","surveillanceZone":"traffic","osmId":13799317901,"direction":229,"source":"deflock"}},{"type":"Feature","geometry":{"type":"Point","coordinates":[-111.6981176,40.0713625]},"properties":{"brand":"Flock Safety","operator":"","surveillanceZone":"traffic","osmId":13800354601,"direction":207,"source":"deflock"}},{"type":"Feature","geometry":{"type":"Point","coordinates":[-111.8837866,40.8396424]},"properties":{"brand":"Motorola Solutions","operator":"","surveillanceZone":"traffic","osmId":13803328202,"direction":200,"source":"deflock"}},{"type":"Feature","geometry":{"type":"Point","coordinates":[-111.9140767,40.8417895]},"properties":{"brand":"Flock Safety","operator":"","surveillanceZone":"traffic","osmId":13803554601,"direction":69,"source":"deflock"}},{"type":"Feature","geometry":{"type":"Point","coordinates":[-112.0551163,41.5098141]},"properties":{"brand":"Flock Safety","operator":"","surveillanceZone":"traffic","osmId":13807330901,"direction":81,"source":"deflock"}},{"type":"Feature","geometry":{"type":"Point","coordinates":[-109.5664628,40.4336425]},"properties":{"brand":"Flock Safety","operator":"","surveillanceZone":"traffic","osmId":13808011001,"direction":316,"source":"deflock"}},{"type":"Feature","geometry":{"type":"Point","coordinates":[-111.8938501,40.8617043]},"properties":{"brand":"Motorola Solutions","operator":"","surveillanceZone":"traffic","osmId":13809729042,"direction":245,"source":"deflock"}},{"type":"Feature","geometry":{"type":"Point","coordinates":[-111.8910645,40.5794696]},"properties":{"brand":"Flock Safety","operator":"","surveillanceZone":"traffic","osmId":13809831995,"direction":150,"source":"deflock"}},{"type":"Feature","geometry":{"type":"Point","coordinates":[-111.890812,40.6184378]},"properties":{"brand":"Flock Safety","operator":"","surveillanceZone":"traffic","osmId":13809842252,"direction":150,"source":"deflock"}},{"type":"Feature","geometry":{"type":"Point","coordinates":[-111.8881689,40.5266211]},"properties":{"brand":"Flock Safety","operator":"","surveillanceZone":"traffic","osmId":13812282783,"direction":70,"source":"deflock"}},{"type":"Feature","geometry":{"type":"Point","coordinates":[-111.985257,40.6694037]},"properties":{"brand":"Flock Safety","operator":"","surveillanceZone":"traffic","osmId":13812476001,"direction":327,"source":"deflock"}},{"type":"Feature","geometry":{"type":"Point","coordinates":[-111.9861606,40.6711845]},"properties":{"brand":"Flock Safety","operator":"","surveillanceZone":"traffic","osmId":13812476201,"direction":128,"source":"deflock"}},{"type":"Feature","geometry":{"type":"Point","coordinates":[-111.8995561,40.740318]},"properties":{"brand":"Flock Safety","operator":"Lowe's","surveillanceZone":"traffic","osmId":13812487501,"direction":60,"source":"deflock"}},{"type":"Feature","geometry":{"type":"Point","coordinates":[-111.5975623,40.1300002]},"properties":{"brand":"Flock Safety","operator":"","surveillanceZone":"traffic","osmId":13812550801,"direction":62,"source":"deflock"}},{"type":"Feature","geometry":{"type":"Point","coordinates":[-111.9797766,40.6156822]},"properties":{"brand":"Flock Safety","operator":"","surveillanceZone":"traffic","osmId":13823011801,"direction":10,"source":"deflock"}},{"type":"Feature","geometry":{"type":"Point","coordinates":[-111.896847,40.5047987]},"properties":{"brand":"Flock Safety","operator":"","surveillanceZone":"traffic","osmId":13826172601,"direction":325,"source":"deflock"}},{"type":"Feature","geometry":{"type":"Point","coordinates":[-111.8946407,40.5269179]},"properties":{"brand":"Flock Safety","operator":"","surveillanceZone":"traffic","osmId":13832158903,"direction":245,"source":"deflock"}},{"type":"Feature","geometry":{"type":"Point","coordinates":[-111.9079073,40.5027699]},"properties":{"brand":"Flock Safety","operator":"","surveillanceZone":"traffic","osmId":13832159102,"direction":349,"source":"deflock"}},{"type":"Feature","geometry":{"type":"Point","coordinates":[-111.8164053,40.45171]},"properties":{"brand":"Flock Safety","operator":"","surveillanceZone":"traffic","osmId":13835634601,"direction":153,"source":"deflock"}},{"type":"Feature","geometry":{"type":"Point","coordinates":[-111.5784848,38.4694553]},"properties":{"brand":"Flock Safety","operator":"","surveillanceZone":"traffic","osmId":13836738601,"direction":53,"source":"deflock"}},{"type":"Feature","geometry":{"type":"Point","coordinates":[-111.8834852,40.6338338]},"properties":{"brand":"Motorola Solutions","operator":"","surveillanceZone":"traffic","osmId":13841853801,"direction":153,"source":"deflock"}},{"type":"Feature","geometry":{"type":"Point","coordinates":[-111.4991196,40.4910308]},"properties":{"brand":"Flock Safety","operator":"","surveillanceZone":"traffic","osmId":13841921701,"direction":98,"source":"deflock"}},{"type":"Feature","geometry":{"type":"Point","coordinates":[-111.4991864,40.4910148]},"properties":{"brand":"Flock Safety","operator":"","surveillanceZone":"traffic","osmId":13841922301,"direction":281,"source":"deflock"}},{"type":"Feature","geometry":{"type":"Point","coordinates":[-113.6562947,37.7946995]},"properties":{"brand":"Flock Safety","operator":"","surveillanceZone":"traffic","osmId":13847187801,"direction":219,"source":"deflock"}},{"type":"Feature","geometry":{"type":"Point","coordinates":[-111.7621391,40.3246432]},"properties":{"brand":"Flock Safety","operator":"","surveillanceZone":"traffic","osmId":13847345101,"direction":330,"source":"deflock"}},{"type":"Feature","geometry":{"type":"Point","coordinates":[-112.0931956,41.2859411]},"properties":{"brand":"Flock Safety","operator":"","surveillanceZone":"traffic","osmId":13858054404,"direction":333,"source":"deflock"}},{"type":"Feature","geometry":{"type":"Point","coordinates":[-111.8600784,38.963943]},"properties":{"brand":"Flock Safety","operator":"","surveillanceZone":"traffic","osmId":13859153301,"direction":155,"source":"deflock"}},{"type":"Feature","geometry":{"type":"Point","coordinates":[-111.8548732,38.9356903]},"properties":{"brand":"Flock Safety","operator":"","surveillanceZone":"traffic","osmId":13859161601,"direction":257,"source":"deflock"}},{"type":"Feature","geometry":{"type":"Point","coordinates":[-111.8544124,38.932802]},"properties":{"brand":"Flock Safety","operator":"","surveillanceZone":"traffic","osmId":13859166501,"direction":200,"source":"deflock"}},{"type":"Feature","geometry":{"type":"Point","coordinates":[-112.1031483,38.7489377]},"properties":{"brand":"Flock Safety","operator":"","surveillanceZone":"traffic","osmId":13859241701,"direction":218,"source":"deflock"}},{"type":"Feature","geometry":{"type":"Point","coordinates":[-112.1015746,38.7481674]},"properties":{"brand":"Flock Safety","operator":"","surveillanceZone":"traffic","osmId":13859241901,"direction":243,"source":"deflock"}},{"type":"Feature","geometry":{"type":"Point","coordinates":[-112.103245,38.748938]},"properties":{"brand":"Flock Safety","operator":"","surveillanceZone":"traffic","osmId":13859242002,"direction":48,"source":"deflock"}},{"type":"Feature","geometry":{"type":"Point","coordinates":[-113.6562776,37.7093837]},"properties":{"brand":"Flock Safety","operator":"","surveillanceZone":"traffic","osmId":13860560307,"direction":86,"source":"deflock"}},{"type":"Feature","geometry":{"type":"Point","coordinates":[-113.6559039,37.7094704]},"properties":{"brand":"Flock Safety","operator":"","surveillanceZone":"traffic","osmId":13860570601,"direction":234,"source":"deflock"}},{"type":"Feature","geometry":{"type":"Point","coordinates":[-112.3433657,40.547611]},"properties":{"brand":"Flock Safety","operator":"","surveillanceZone":"traffic","osmId":13861217001,"direction":173,"source":"deflock"}},{"type":"Feature","geometry":{"type":"Point","coordinates":[-112.29742,40.5567776]},"properties":{"brand":"Flock Safety","operator":"","surveillanceZone":"traffic","osmId":13861225601,"direction":134,"source":"deflock"}},{"type":"Feature","geometry":{"type":"Point","coordinates":[-112.2945212,40.5777325]},"properties":{"brand":"Flock Safety","operator":"","surveillanceZone":"traffic","osmId":13861228101,"direction":173,"source":"deflock"}},{"type":"Feature","geometry":{"type":"Point","coordinates":[-111.888252,40.3760436]},"properties":{"brand":"Motorola Solutions","operator":"","surveillanceZone":"traffic","osmId":13863850801,"direction":55,"source":"deflock"}},{"type":"Feature","geometry":{"type":"Point","coordinates":[-111.8630848,39.5589941]},"properties":{"brand":"Flock Safety","operator":"","surveillanceZone":"traffic","osmId":13869146501,"direction":44,"source":"deflock"}},{"type":"Feature","geometry":{"type":"Point","coordinates":[-111.9352151,40.5879158]},"properties":{"brand":"Flock Safety","operator":"","surveillanceZone":"traffic","osmId":13874728868,"direction":320,"source":"deflock"}},{"type":"Feature","geometry":{"type":"Point","coordinates":[-111.9556008,40.6094454]},"properties":{"brand":"Flock Safety","operator":"","surveillanceZone":"traffic","osmId":13878171402,"direction":82,"source":"deflock"}},{"type":"Feature","geometry":{"type":"Point","coordinates":[-111.9386389,40.6227264]},"properties":{"brand":"","operator":"","surveillanceZone":"traffic","osmId":13878207601,"direction":0,"source":"deflock"}},{"type":"Feature","geometry":{"type":"Point","coordinates":[-111.9918649,40.638626]},"properties":{"brand":"Flock Safety","operator":"","surveillanceZone":"traffic","osmId":13888609702,"direction":259,"source":"deflock"}},{"type":"Feature","geometry":{"type":"Point","coordinates":[-111.6583399,40.253483]},"properties":{"brand":"Genetec","operator":"","surveillanceZone":"traffic","osmId":13889999501,"direction":78,"source":"deflock"}},{"type":"Feature","geometry":{"type":"Point","coordinates":[-111.658061,40.2535274]},"properties":{"brand":"Genetec","operator":"","surveillanceZone":"traffic","osmId":13889999701,"direction":261,"source":"deflock"}},{"type":"Feature","geometry":{"type":"Point","coordinates":[-111.9880944,40.6674684]},"properties":{"brand":"Flock Safety","operator":"","surveillanceZone":"traffic","osmId":13891549102,"direction":230,"source":"deflock"}},{"type":"Feature","geometry":{"type":"Point","coordinates":[-111.9721312,40.6530311]},"properties":{"brand":"Flock Safety","operator":"","surveillanceZone":"traffic","osmId":13892540001,"direction":82,"source":"deflock"}},{"type":"Feature","geometry":{"type":"Point","coordinates":[-111.9899034,40.5446974]},"properties":{"brand":"Flock Safety","operator":"","surveillanceZone":"traffic","osmId":13892577535,"direction":265,"source":"deflock"}},{"type":"Feature","geometry":{"type":"Point","coordinates":[-111.9104688,40.543982]},"properties":{"brand":"Flock Safety","operator":"","surveillanceZone":"traffic","osmId":13892674359,"direction":165,"source":"deflock"}},{"type":"Feature","geometry":{"type":"Point","coordinates":[-111.9331111,40.7584244]},"properties":{"brand":"Flock Safety","operator":"","surveillanceZone":"traffic","osmId":13894279301,"direction":56,"source":"deflock"}},{"type":"Feature","geometry":{"type":"Point","coordinates":[-111.8984004,40.741425]},"properties":{"brand":"Flock Safety","operator":"","surveillanceZone":"traffic","osmId":13894943801,"direction":149,"source":"deflock"}},{"type":"Feature","geometry":{"type":"Point","coordinates":[-111.8982572,40.7391613]},"properties":{"brand":"Flock Safety","operator":"","surveillanceZone":"traffic","osmId":13894943901,"direction":0,"source":"deflock"}},{"type":"Feature","geometry":{"type":"Point","coordinates":[-113.5550268,37.1000273]},"properties":{"brand":"Flock Safety","operator":"Lowe's","surveillanceZone":"traffic","osmId":13895084101,"direction":0,"source":"deflock"}},{"type":"Feature","geometry":{"type":"Point","coordinates":[-112.0246319,40.6675494]},"properties":{"brand":"Flock Safety","operator":"","surveillanceZone":"traffic","osmId":13895270301,"direction":83,"source":"deflock"}},{"type":"Feature","geometry":{"type":"Point","coordinates":[-112.1100151,40.7109848]},"properties":{"brand":"Flock Safety","operator":"","surveillanceZone":"traffic","osmId":13897429001,"direction":108,"source":"deflock"}},{"type":"Feature","geometry":{"type":"Point","coordinates":[-111.9783908,40.6241127]},"properties":{"brand":"Flock Safety","operator":"","surveillanceZone":"traffic","osmId":13897474901,"direction":244,"source":"deflock"}},{"type":"Feature","geometry":{"type":"Point","coordinates":[-111.7059203,40.2521297]},"properties":{"brand":"Flock Safety","operator":"","surveillanceZone":"traffic","osmId":13897762701,"direction":90,"source":"deflock"}},{"type":"Feature","geometry":{"type":"Point","coordinates":[-111.9828198,40.6096348]},"properties":{"brand":"Flock Safety","operator":"","surveillanceZone":"traffic","osmId":13899213801,"direction":260,"source":"deflock"}},{"type":"Feature","geometry":{"type":"Point","coordinates":[-112.0245218,40.6544527]},"properties":{"brand":"Flock Safety","operator":"","surveillanceZone":"traffic","osmId":13903034401,"direction":347,"source":"deflock"}},{"type":"Feature","geometry":{"type":"Point","coordinates":[-112.0227665,40.6819479]},"properties":{"brand":"Flock Safety","operator":"","surveillanceZone":"traffic","osmId":13903037201,"direction":73,"source":"deflock"}},{"type":"Feature","geometry":{"type":"Point","coordinates":[-112.0244249,40.6386391]},"properties":{"brand":"Flock Safety","operator":"","surveillanceZone":"traffic","osmId":13903038501,"direction":333,"source":"deflock"}},{"type":"Feature","geometry":{"type":"Point","coordinates":[-111.8245078,40.3898653]},"properties":{"brand":"Flock Safety","operator":"Lowe's","surveillanceZone":"traffic","osmId":13903814001,"direction":325,"source":"deflock"}},{"type":"Feature","geometry":{"type":"Point","coordinates":[-111.9741566,41.2102306]},"properties":{"brand":"Flock Safety","operator":"","surveillanceZone":"traffic","osmId":13905319301,"direction":305,"source":"deflock"}},{"type":"Feature","geometry":{"type":"Point","coordinates":[-111.9307602,41.2267404]},"properties":{"brand":"","operator":"","surveillanceZone":"outdoor","osmId":13907618465,"direction":90,"source":"deflock"}},{"type":"Feature","geometry":{"type":"Point","coordinates":[-111.578996,40.1481174]},"properties":{"brand":"Flock Safety","operator":"","surveillanceZone":"traffic","osmId":13908416603,"direction":162,"source":"deflock"}},{"type":"Feature","geometry":{"type":"Point","coordinates":[-111.7129724,40.3744275]},"properties":{"brand":"Flock Safety","operator":"","surveillanceZone":"traffic","osmId":13910205401,"direction":0,"source":"deflock"}},{"type":"Feature","geometry":{"type":"Point","coordinates":[-111.8265434,40.389783]},"properties":{"brand":"Flock Safety","operator":"Lowe's","surveillanceZone":"traffic","osmId":13912752601,"direction":128,"source":"deflock"}},{"type":"Feature","geometry":{"type":"Point","coordinates":[-111.5109684,40.0301342]},"properties":{"brand":"Flock Safety","operator":"","surveillanceZone":"traffic","osmId":13918610301,"direction":99,"source":"deflock"}},{"type":"Feature","geometry":{"type":"Point","coordinates":[-112.0837631,41.1505874]},"properties":{"brand":"Flock Safety","operator":"","surveillanceZone":"traffic","osmId":13921177801,"direction":145,"source":"deflock"}},{"type":"Feature","geometry":{"type":"Point","coordinates":[-112.0271991,40.755668]},"properties":{"brand":"Motorola Solutions","operator":"","surveillanceZone":"traffic","osmId":13921346201,"direction":211,"source":"deflock"}},{"type":"Feature","geometry":{"type":"Point","coordinates":[-109.5968134,40.4627346]},"properties":{"brand":"Flock Safety","operator":"","surveillanceZone":"traffic","osmId":13923832402,"direction":243,"source":"deflock"}},{"type":"Feature","geometry":{"type":"Point","coordinates":[-111.6970189,40.2741398]},"properties":{"brand":"Flock Safety","operator":"Lowe's","surveillanceZone":"traffic","osmId":13923987401,"direction":285,"source":"deflock"}},{"type":"Feature","geometry":{"type":"Point","coordinates":[-111.8961893,40.5893884]},"properties":{"brand":"Flock Safety","operator":"","surveillanceZone":"traffic","osmId":13924265135,"direction":165,"source":"deflock"}},{"type":"Feature","geometry":{"type":"Point","coordinates":[-111.9057302,40.596355]},"properties":{"brand":"Flock Safety","operator":"","surveillanceZone":"traffic","osmId":13924299575,"direction":150,"source":"deflock"}},{"type":"Feature","geometry":{"type":"Point","coordinates":[-111.643421,40.2548568]},"properties":{"brand":"Genetec","operator":"","surveillanceZone":"traffic","osmId":13924444901,"direction":238,"source":"deflock"}},{"type":"Feature","geometry":{"type":"Point","coordinates":[-113.7222445,37.1816241]},"properties":{"brand":"Motorola Solutions","operator":"","surveillanceZone":"traffic","osmId":13931658301,"direction":297,"source":"deflock"}},{"type":"Feature","geometry":{"type":"Point","coordinates":[-111.9752643,41.2464871]},"properties":{"brand":"Flock Safety","operator":"The Home Depot","surveillanceZone":"traffic","osmId":13932488101,"direction":297,"source":"deflock"}},{"type":"Feature","geometry":{"type":"Point","coordinates":[-111.9772422,41.2464595]},"properties":{"brand":"Flock Safety","operator":"The Home Depot","surveillanceZone":"traffic","osmId":13932488102,"direction":355,"source":"deflock"}},{"type":"Feature","geometry":{"type":"Point","coordinates":[-111.9776197,41.2478668]},"properties":{"brand":"Flock Safety","operator":"The Home Depot","surveillanceZone":"traffic","osmId":13932488202,"direction":118,"source":"deflock"}},{"type":"Feature","geometry":{"type":"Point","coordinates":[-111.9779038,41.246964]},"properties":{"brand":"Flock Safety","operator":"The Home Depot","surveillanceZone":"traffic","osmId":13932510201,"direction":78,"source":"deflock"}},{"type":"Feature","geometry":{"type":"Point","coordinates":[-111.9779038,41.246964]},"properties":{"brand":"Flock Safety","operator":"The Home Depot","surveillanceZone":"traffic","osmId":13932510301,"direction":78,"source":"deflock"}},{"type":"Feature","geometry":{"type":"Point","coordinates":[-111.9776197,41.2478668]},"properties":{"brand":"Flock Safety","operator":"The Home Depot","surveillanceZone":"traffic","osmId":13932510302,"direction":118,"source":"deflock"}},{"type":"Feature","geometry":{"type":"Point","coordinates":[-111.8987892,40.5436937]},"properties":{"brand":"Flock Safety","operator":"","surveillanceZone":"traffic","osmId":13937528554,"direction":165,"source":"deflock"}},{"type":"Feature","geometry":{"type":"Point","coordinates":[-111.8985,40.5452439]},"properties":{"brand":"Flock Safety","operator":"","surveillanceZone":"traffic","osmId":13937545890,"direction":345,"source":"deflock"}},{"type":"Feature","geometry":{"type":"Point","coordinates":[-112.103245,38.748938]},"properties":{"brand":"Flock Safety","operator":"","surveillanceZone":"traffic","osmId":13938401001,"direction":154,"source":"deflock"}},{"type":"Feature","geometry":{"type":"Point","coordinates":[-113.1100689,37.7650063]},"properties":{"brand":"Flock Safety","operator":"","surveillanceZone":"traffic","osmId":13939563801,"direction":0,"source":"deflock"}},{"type":"Feature","geometry":{"type":"Point","coordinates":[-111.9388915,40.6227294]},"properties":{"brand":"Motorola Solutions","operator":"","surveillanceZone":"traffic","osmId":13944188401,"direction":179,"source":"deflock"}},{"type":"Feature","geometry":{"type":"Point","coordinates":[-111.6429403,38.4106012]},"properties":{"brand":"Flock Safety","operator":"","surveillanceZone":"traffic","osmId":13946309801,"direction":154,"source":"deflock"}},{"type":"Feature","geometry":{"type":"Point","coordinates":[-111.984102,40.6152248]},"properties":{"brand":"Flock Safety","operator":"","surveillanceZone":"traffic","osmId":13946425302,"direction":111,"source":"deflock"}},{"type":"Feature","geometry":{"type":"Point","coordinates":[-113.5833546,37.0888226]},"properties":{"brand":"Motorola Solutions","operator":"","surveillanceZone":"traffic","osmId":13947983601,"direction":0,"source":"deflock"}},{"type":"Feature","geometry":{"type":"Point","coordinates":[-111.8828976,40.7544339]},"properties":{"brand":"Flock Safety","operator":"","surveillanceZone":"traffic","osmId":13950461401,"direction":87,"source":"deflock"}},{"type":"Feature","geometry":{"type":"Point","coordinates":[-113.0305584,37.7518271]},"properties":{"brand":"Flock Safety","operator":"","surveillanceZone":"traffic","osmId":13950610601,"direction":30,"source":"deflock"}},{"type":"Feature","geometry":{"type":"Point","coordinates":[-111.991098,40.5877829]},"properties":{"brand":"Motorola Solutions","operator":"","surveillanceZone":"traffic","osmId":13951041301,"direction":67,"source":"deflock"}},{"type":"Feature","geometry":{"type":"Point","coordinates":[-111.9875989,40.5879681]},"properties":{"brand":"Motorola Solutions","operator":"","surveillanceZone":"traffic","osmId":13951042401,"direction":242,"source":"deflock"}},{"type":"Feature","geometry":{"type":"Point","coordinates":[-112.0451961,41.1254238]},"properties":{"brand":"Flock Safety","operator":"","surveillanceZone":"traffic","osmId":13952632301,"direction":359,"source":"deflock"}},{"type":"Feature","geometry":{"type":"Point","coordinates":[-111.8739834,40.5882702]},"properties":{"brand":"Flock Safety","operator":"","surveillanceZone":"traffic","osmId":13952690801,"direction":255,"source":"deflock"}},{"type":"Feature","geometry":{"type":"Point","coordinates":[-111.8943987,40.5882111]},"properties":{"brand":"Motorola Solutions","operator":"","surveillanceZone":"traffic","osmId":13952698501,"direction":245,"source":"deflock"}},{"type":"Feature","geometry":{"type":"Point","coordinates":[-112.0262187,41.1217433]},"properties":{"brand":"Flock Safety","operator":"","surveillanceZone":"traffic","osmId":13953158101,"direction":183,"source":"deflock"}},{"type":"Feature","geometry":{"type":"Point","coordinates":[-113.1061129,37.684217]},"properties":{"brand":"Flock Safety","operator":"","surveillanceZone":"traffic","osmId":13954938801,"direction":176,"source":"deflock"}},{"type":"Feature","geometry":{"type":"Point","coordinates":[-113.0788039,37.6803718]},"properties":{"brand":"Flock Safety","operator":"","surveillanceZone":"traffic","osmId":13954944101,"direction":0,"source":"deflock"}},{"type":"Feature","geometry":{"type":"Point","coordinates":[-113.0675608,37.6637603]},"properties":{"brand":"Flock Safety","operator":"","surveillanceZone":"traffic","osmId":13956092901,"direction":223,"source":"deflock"}},{"type":"Feature","geometry":{"type":"Point","coordinates":[-113.0612247,37.7122495]},"properties":{"brand":"Flock Safety","operator":"","surveillanceZone":"traffic","osmId":13956162101,"direction":31,"source":"deflock"}},{"type":"Feature","geometry":{"type":"Point","coordinates":[-111.9104016,40.616016]},"properties":{"brand":"Motorola Solutions","operator":"","surveillanceZone":"traffic","osmId":13959027802,"direction":352,"source":"deflock"}},{"type":"Feature","geometry":{"type":"Point","coordinates":[-111.9226718,40.7801261]},"properties":{"brand":"Motorola Solutions","operator":"","surveillanceZone":"traffic","osmId":13961020501,"direction":48,"source":"deflock"}},{"type":"Feature","geometry":{"type":"Point","coordinates":[-111.9386868,40.6796069]},"properties":{"brand":"Flock Safety","operator":"","surveillanceZone":"traffic","osmId":13963655901,"direction":54,"source":"deflock"}},{"type":"Feature","geometry":{"type":"Point","coordinates":[-111.9720492,41.1667875]},"properties":{"brand":"Flock Safety","operator":"","surveillanceZone":"traffic","osmId":13966314601,"direction":214,"source":"deflock"}},{"type":"Feature","geometry":{"type":"Point","coordinates":[-110.0272956,40.2747367]},"properties":{"brand":"Flock Safety","operator":"","surveillanceZone":"traffic","osmId":13967897901,"direction":25,"source":"deflock"}},{"type":"Feature","geometry":{"type":"Point","coordinates":[-110.0269854,40.2752479]},"properties":{"brand":"Flock Safety","operator":"","surveillanceZone":"traffic","osmId":13967898501,"direction":203,"source":"deflock"}},{"type":"Feature","geometry":{"type":"Point","coordinates":[-112.0277958,40.6071252]},"properties":{"brand":"Flock Safety","operator":"","surveillanceZone":"traffic","osmId":13968243301,"direction":63,"source":"deflock"}},{"type":"Feature","geometry":{"type":"Point","coordinates":[-112.0240438,40.5959521]},"properties":{"brand":"Motorola Solutions","operator":"","surveillanceZone":"traffic","osmId":13968448204,"direction":341,"source":"deflock"}},{"type":"Feature","geometry":{"type":"Point","coordinates":[-111.9933391,40.6091799]},"properties":{"brand":"Motorola Solutions","operator":"","surveillanceZone":"traffic","osmId":13969067501,"direction":72,"source":"deflock"}},{"type":"Feature","geometry":{"type":"Point","coordinates":[-112.5846167,39.5001533]},"properties":{"brand":"Flock Safety","operator":"","surveillanceZone":"traffic","osmId":13970846301,"direction":140,"source":"deflock"}},{"type":"Feature","geometry":{"type":"Point","coordinates":[-112.5845168,39.4971812]},"properties":{"brand":"Flock Safety","operator":"","surveillanceZone":"traffic","osmId":13970848901,"direction":0,"source":"deflock"}},{"type":"Feature","geometry":{"type":"Point","coordinates":[-111.9198784,40.7747141]},"properties":{"brand":"Motorola Solutions","operator":"","surveillanceZone":"traffic","osmId":13970945001,"direction":138,"source":"deflock"}},{"type":"Feature","geometry":{"type":"Point","coordinates":[-111.8220783,40.3853578]},"properties":{"brand":"Flock Safety","operator":"The Home Depot","surveillanceZone":"traffic","osmId":13971237401,"direction":186,"source":"deflock"}},{"type":"Feature","geometry":{"type":"Point","coordinates":[-111.8234058,40.3850643]},"properties":{"brand":"Flock Safety","operator":"The Home Depot","surveillanceZone":"traffic","osmId":13971252001,"direction":266,"source":"deflock"}},{"type":"Feature","geometry":{"type":"Point","coordinates":[-111.8553148,40.7335746]},"properties":{"brand":"Motorola Solutions","operator":"","surveillanceZone":"traffic","osmId":13971417501,"direction":246,"source":"deflock"}},{"type":"Feature","geometry":{"type":"Point","coordinates":[-111.7419009,40.3117268]},"properties":{"brand":"Flock Safety","operator":"","surveillanceZone":"traffic","osmId":13973080501,"direction":49,"source":"deflock"}},{"type":"Feature","geometry":{"type":"Point","coordinates":[-111.7356038,40.2898933]},"properties":{"brand":"Flock Safety","operator":"","surveillanceZone":"traffic","osmId":13973080502,"direction":226,"source":"deflock"}},{"type":"Feature","geometry":{"type":"Point","coordinates":[-111.9803505,40.7022668]},"properties":{"brand":"Motorola Solutions","operator":"","surveillanceZone":"traffic","osmId":13975096501,"direction":156,"source":"deflock"}},{"type":"Feature","geometry":{"type":"Point","coordinates":[-111.9843487,41.0883462]},"properties":{"brand":"Flock Safety","operator":"","surveillanceZone":"traffic","osmId":13979206901,"direction":246,"source":"deflock"}},{"type":"Feature","geometry":{"type":"Point","coordinates":[-111.986284,41.0889134]},"properties":{"brand":"Flock Safety","operator":"","surveillanceZone":"traffic","osmId":13979208801,"direction":71,"source":"deflock"}},{"type":"Feature","geometry":{"type":"Point","coordinates":[-111.9866912,40.6674782]},"properties":{"brand":"Flock Safety","operator":"","surveillanceZone":"traffic","osmId":13979240601,"direction":149,"source":"deflock"}},{"type":"Feature","geometry":{"type":"Point","coordinates":[-111.9277053,40.6092062]},"properties":{"brand":"Flock Safety","operator":"","surveillanceZone":"traffic","osmId":13979283801,"direction":289,"source":"deflock"}},{"type":"Feature","geometry":{"type":"Point","coordinates":[-111.9123345,40.6103869]},"properties":{"brand":"Flock Safety","operator":"","surveillanceZone":"traffic","osmId":13979283802,"direction":78,"source":"deflock"}},{"type":"Feature","geometry":{"type":"Point","coordinates":[-111.8272217,40.390664]},"properties":{"brand":"Flock Safety","operator":"Lowe's","surveillanceZone":"traffic","osmId":13981524105,"direction":90,"source":"deflock"}},{"type":"Feature","geometry":{"type":"Point","coordinates":[-111.8653822,40.7227136]},"properties":{"brand":"Flock Safety","operator":"","surveillanceZone":"traffic","osmId":13984433802,"direction":176,"source":"deflock"}},{"type":"Feature","geometry":{"type":"Point","coordinates":[-111.8653831,40.7226133]},"properties":{"brand":"Flock Safety","operator":"","surveillanceZone":"traffic","osmId":13984438801,"direction":0,"source":"deflock"}},{"type":"Feature","geometry":{"type":"Point","coordinates":[-113.0784468,37.6770843]},"properties":{"brand":"Flock Safety","operator":"","surveillanceZone":"traffic","osmId":13984544544,"direction":110,"source":"deflock"}},{"type":"Feature","geometry":{"type":"Point","coordinates":[-113.0785262,37.6770896]},"properties":{"brand":"Flock Safety","operator":"","surveillanceZone":"traffic","osmId":13984544545,"direction":240,"source":"deflock"}},{"type":"Feature","geometry":{"type":"Point","coordinates":[-112.0932001,41.1895094]},"properties":{"brand":"Flock Safety","operator":"","surveillanceZone":"traffic","osmId":13984587201,"direction":147,"source":"deflock"}},{"type":"Feature","geometry":{"type":"Point","coordinates":[-111.4606631,38.3024125]},"properties":{"brand":"Flock Safety","operator":"","surveillanceZone":"traffic","osmId":13986948101,"direction":76,"source":"deflock"}},{"type":"Feature","geometry":{"type":"Point","coordinates":[-111.9963366,40.6665401]},"properties":{"brand":"Flock Safety","operator":"","surveillanceZone":"traffic","osmId":13988873001,"direction":217,"source":"deflock"}},{"type":"Feature","geometry":{"type":"Point","coordinates":[-111.9963701,40.6636786]},"properties":{"brand":"Flock Safety","operator":"","surveillanceZone":"traffic","osmId":13988873801,"direction":326,"source":"deflock"}},{"type":"Feature","geometry":{"type":"Point","coordinates":[-111.6998487,40.2741628]},"properties":{"brand":"Flock Safety","operator":"Lowe's","surveillanceZone":"traffic","osmId":13990713502,"direction":32,"source":"deflock"}},{"type":"Feature","geometry":{"type":"Point","coordinates":[-110.8157479,39.6008473]},"properties":{"brand":"Motorola Solutions","operator":"","surveillanceZone":"traffic","osmId":13996799501,"direction":92,"source":"deflock"}},{"type":"Feature","geometry":{"type":"Point","coordinates":[-110.8456291,39.4934827]},"properties":{"brand":"Genetec","operator":"","surveillanceZone":"traffic","osmId":13996800301,"direction":20,"source":"deflock"}},{"type":"Feature","geometry":{"type":"Point","coordinates":[-111.9680588,40.725922]},"properties":{"brand":"Flock Safety","operator":"","surveillanceZone":"traffic","osmId":13997865212,"direction":148,"source":"deflock"}},{"type":"Feature","geometry":{"type":"Point","coordinates":[-112.0640528,41.3360555]},"properties":{"brand":"Flock Safety","operator":"","surveillanceZone":"traffic","osmId":13998219701,"direction":244,"source":"deflock"}},{"type":"Feature","geometry":{"type":"Point","coordinates":[-111.8579585,40.6231498]},"properties":{"brand":"Flock Safety","operator":"","surveillanceZone":"traffic","osmId":13998407901,"direction":166,"source":"deflock"}},{"type":"Feature","geometry":{"type":"Point","coordinates":[-111.981677,41.1859541]},"properties":{"brand":"Flock Safety","operator":"","surveillanceZone":"traffic","osmId":13998613901,"direction":89,"source":"deflock"}},{"type":"Feature","geometry":{"type":"Point","coordinates":[-111.982597,41.182241]},"properties":{"brand":"Flock Safety","operator":"","surveillanceZone":"traffic","osmId":13998615701,"direction":123,"source":"deflock"}},{"type":"Feature","geometry":{"type":"Point","coordinates":[-112.0187631,41.0890745]},"properties":{"brand":"Flock Safety","operator":"","surveillanceZone":"traffic","osmId":13998741602,"direction":77,"source":"deflock"}},{"type":"Feature","geometry":{"type":"Point","coordinates":[-112.0179504,41.089125]},"properties":{"brand":"Flock Safety","operator":"","surveillanceZone":"traffic","osmId":13998741603,"direction":254,"source":"deflock"}},{"type":"Feature","geometry":{"type":"Point","coordinates":[-111.6585988,40.2463826]},"properties":{"brand":"Flock Safety","operator":"","surveillanceZone":"traffic","osmId":13998764301,"direction":330,"source":"deflock"}},{"type":"Feature","geometry":{"type":"Point","coordinates":[-111.9716264,41.1761635]},"properties":{"brand":"Flock Safety","operator":"","surveillanceZone":"traffic","osmId":14000506102,"direction":236,"source":"deflock"}},{"type":"Feature","geometry":{"type":"Point","coordinates":[-111.8607147,40.62057]},"properties":{"brand":"Flock Safety","operator":"","surveillanceZone":"traffic","osmId":14001569001,"direction":62,"source":"deflock"}},{"type":"Feature","geometry":{"type":"Point","coordinates":[-111.9797641,40.61583]},"properties":{"brand":"Flock Safety","operator":"Lowe's","surveillanceZone":"traffic","osmId":14003100301,"direction":274,"source":"deflock"}},{"type":"Feature","geometry":{"type":"Point","coordinates":[-111.9864849,40.6108661]},"properties":{"brand":"Flock Safety","operator":"","surveillanceZone":"traffic","osmId":14003114801,"direction":160,"source":"deflock"}},{"type":"Feature","geometry":{"type":"Point","coordinates":[-111.9168801,40.7012999]},"properties":{"brand":"Motorola Solutions","operator":"","surveillanceZone":"traffic","osmId":14003597001,"direction":340,"source":"deflock"}},{"type":"Feature","geometry":{"type":"Point","coordinates":[-111.9169876,40.7381501]},"properties":{"brand":"Motorola Solutions","operator":"","surveillanceZone":"traffic","osmId":14003604401,"direction":171,"source":"deflock"}},{"type":"Feature","geometry":{"type":"Point","coordinates":[-111.959478,40.653205]},"properties":{"brand":"Flock Safety","operator":"","surveillanceZone":"traffic","osmId":14015207501,"direction":261,"source":"deflock"}},{"type":"Feature","geometry":{"type":"Point","coordinates":[-112.0245602,40.6529427]},"properties":{"brand":"Flock Safety","operator":"","surveillanceZone":"traffic","osmId":14015231201,"direction":56,"source":"deflock"}},{"type":"Feature","geometry":{"type":"Point","coordinates":[-111.7154143,40.2751486]},"properties":{"brand":"Flock Safety","operator":"","surveillanceZone":"traffic","osmId":14015656301,"direction":57,"source":"deflock"}},{"type":"Feature","geometry":{"type":"Point","coordinates":[-111.9291422,40.6300406]},"properties":{"brand":"Motorola Solutions","operator":"","surveillanceZone":"traffic","osmId":14016029801,"direction":348,"source":"deflock"}},{"type":"Feature","geometry":{"type":"Point","coordinates":[-111.8720356,40.6011733]},"properties":{"brand":"Flock Safety","operator":"","surveillanceZone":"traffic","osmId":14016357713,"direction":345,"source":"deflock"}},{"type":"Feature","geometry":{"type":"Point","coordinates":[-111.8761918,40.605953]},"properties":{"brand":"Flock Safety","operator":"","surveillanceZone":"traffic","osmId":14016409007,"direction":245,"source":"deflock"}},{"type":"Feature","geometry":{"type":"Point","coordinates":[-111.9862467,40.6819678]},"properties":{"brand":"Flock Safety","operator":"","surveillanceZone":"traffic","osmId":14016503401,"direction":66,"source":"deflock"}},{"type":"Feature","geometry":{"type":"Point","coordinates":[-112.0271602,40.5876635]},"properties":{"brand":"Flock Safety","operator":"","surveillanceZone":"traffic","osmId":14018571701,"direction":72,"source":"deflock"}},{"type":"Feature","geometry":{"type":"Point","coordinates":[-111.9944689,41.2456047]},"properties":{"brand":"Flock Safety","operator":"","surveillanceZone":"traffic","osmId":14018693701,"direction":0,"source":"deflock"}},{"type":"Feature","geometry":{"type":"Point","coordinates":[-111.6941323,40.2533606]},"properties":{"brand":"Flock Safety","operator":"","surveillanceZone":"traffic","osmId":14019889801,"direction":75,"source":"deflock"}},{"type":"Feature","geometry":{"type":"Point","coordinates":[-110.8572875,39.6915359]},"properties":{"brand":"Genetec","operator":"","surveillanceZone":"traffic","osmId":14020644701,"direction":160,"source":"deflock"}},{"type":"Feature","geometry":{"type":"Point","coordinates":[-110.862836,39.6934779]},"properties":{"brand":"Flock Safety","operator":"","surveillanceZone":"traffic","osmId":14020652301,"direction":0,"source":"deflock"}},{"type":"Feature","geometry":{"type":"Point","coordinates":[-110.8285569,39.600794]},"properties":{"brand":"Genetec","operator":"","surveillanceZone":"traffic","osmId":14020676701,"direction":14,"source":"deflock"}},{"type":"Feature","geometry":{"type":"Point","coordinates":[-112.2771065,40.5408419]},"properties":{"brand":"Flock Safety","operator":"","surveillanceZone":"traffic","osmId":14021259901,"direction":77,"source":"deflock"}},{"type":"Feature","geometry":{"type":"Point","coordinates":[-112.0053542,40.6386369]},"properties":{"brand":"Flock Safety","operator":"","surveillanceZone":"traffic","osmId":14021382401,"direction":243,"source":"deflock"}},{"type":"Feature","geometry":{"type":"Point","coordinates":[-113.5549005,37.1016845]},"properties":{"brand":"Flock Safety","operator":"","surveillanceZone":"traffic","osmId":14024739402,"direction":345,"source":"deflock"}},{"type":"Feature","geometry":{"type":"Point","coordinates":[-111.8936815,40.7705253]},"properties":{"brand":"Verkada","operator":"The Church of Jesus Christ of Latter Day Saints","surveillanceZone":"traffic","osmId":14024876401,"direction":148,"source":"deflock"}},{"type":"Feature","geometry":{"type":"Point","coordinates":[-112.0056058,40.6672248]},"properties":{"brand":"Flock Safety","operator":"","surveillanceZone":"traffic","osmId":14024949901,"direction":73,"source":"deflock"}},{"type":"Feature","geometry":{"type":"Point","coordinates":[-112.9493601,37.8032407]},"properties":{"brand":"Flock Safety","operator":"","surveillanceZone":"traffic","osmId":14025292101,"direction":0,"source":"deflock"}},{"type":"Feature","geometry":{"type":"Point","coordinates":[-112.6691608,37.6562171]},"properties":{"brand":"Flock Safety","operator":"","surveillanceZone":"traffic","osmId":14027599401,"direction":0,"source":"deflock"}},{"type":"Feature","geometry":{"type":"Point","coordinates":[-111.9491566,40.6095787]},"properties":{"brand":"Flock Safety","operator":"","surveillanceZone":"traffic","osmId":14027625503,"direction":253,"source":"deflock"}},{"type":"Feature","geometry":{"type":"Point","coordinates":[-111.4186123,40.5003256]},"properties":{"brand":"Flock Safety","operator":"","surveillanceZone":"traffic","osmId":14028997901,"direction":216,"source":"deflock"}},{"type":"Feature","geometry":{"type":"Point","coordinates":[-112.0097474,40.6091579]},"properties":{"brand":"Flock Safety","operator":"","surveillanceZone":"traffic","osmId":14029479504,"direction":41,"source":"deflock"}},{"type":"Feature","geometry":{"type":"Point","coordinates":[-112.0097481,40.6091553]},"properties":{"brand":"Flock Safety","operator":"","surveillanceZone":"traffic","osmId":14029483701,"direction":323,"source":"deflock"}},{"type":"Feature","geometry":{"type":"Point","coordinates":[-111.4134189,40.5069889]},"properties":{"brand":"Flock Safety","operator":"","surveillanceZone":"traffic","osmId":14031627801,"direction":348,"source":"deflock"}},{"type":"Feature","geometry":{"type":"Point","coordinates":[-112.3759857,37.7495213]},"properties":{"brand":"Flock Safety","operator":"","surveillanceZone":"traffic","osmId":14038370701,"direction":300,"source":"deflock"}},{"type":"Feature","geometry":{"type":"Point","coordinates":[-112.1520837,37.6926567]},"properties":{"brand":"Flock Safety","operator":"","surveillanceZone":"traffic","osmId":14038374501,"direction":0,"source":"deflock"}},{"type":"Feature","geometry":{"type":"Point","coordinates":[-112.1516982,37.6922587]},"properties":{"brand":"Flock Safety","operator":"","surveillanceZone":"traffic","osmId":14038375801,"direction":94,"source":"deflock"}},{"type":"Feature","geometry":{"type":"Point","coordinates":[-112.0312704,40.6093519]},"properties":{"brand":"Flock Safety","operator":"","surveillanceZone":"traffic","osmId":14038403701,"direction":84,"source":"deflock"}},{"type":"Feature","geometry":{"type":"Point","coordinates":[-111.8654369,40.7226617]},"properties":{"brand":"Flock Safety","operator":"","surveillanceZone":"traffic","osmId":14041906702,"direction":92,"source":"deflock"}},{"type":"Feature","geometry":{"type":"Point","coordinates":[-111.885845,40.7518158]},"properties":{"brand":"Flock Safety","operator":"","surveillanceZone":"traffic","osmId":14045090101,"direction":178,"source":"deflock"}},{"type":"Feature","geometry":{"type":"Point","coordinates":[-112.0265366,40.6827547]},"properties":{"brand":"Flock Safety","operator":"","surveillanceZone":"traffic","osmId":14047489101,"direction":49,"source":"deflock"}},{"type":"Feature","geometry":{"type":"Point","coordinates":[-112.0230387,40.5948072]},"properties":{"brand":"Flock Safety","operator":"","surveillanceZone":"traffic","osmId":14047629801,"direction":72,"source":"deflock"}},{"type":"Feature","geometry":{"type":"Point","coordinates":[-112.0266659,40.6835884]},"properties":{"brand":"Flock Safety","operator":"","surveillanceZone":"traffic","osmId":14047647101,"direction":93,"source":"deflock"}},{"type":"Feature","geometry":{"type":"Point","coordinates":[-112.0265551,40.6823694]},"properties":{"brand":"Flock Safety","operator":"","surveillanceZone":"traffic","osmId":14047647402,"direction":146,"source":"deflock"}},{"type":"Feature","geometry":{"type":"Point","coordinates":[-112.0266659,40.6835884]},"properties":{"brand":"Flock Safety","operator":"","surveillanceZone":"traffic","osmId":14047647601,"direction":170,"source":"deflock"}},{"type":"Feature","geometry":{"type":"Point","coordinates":[-111.7057566,40.0049211]},"properties":{"brand":"Flock Safety","operator":"","surveillanceZone":"traffic","osmId":14049242601,"direction":329,"source":"deflock"}},{"type":"Feature","geometry":{"type":"Point","coordinates":[-111.9760494,41.2181685]},"properties":{"brand":"Flock Safety","operator":"","surveillanceZone":"traffic","osmId":14049701201,"direction":344,"source":"deflock"}},{"type":"Feature","geometry":{"type":"Point","coordinates":[-112.024901,40.6947202]},"properties":{"brand":"Flock Safety","operator":"","surveillanceZone":"traffic","osmId":14051996202,"direction":163,"source":"deflock"}},{"type":"Feature","geometry":{"type":"Point","coordinates":[-111.9124456,40.7648708]},"properties":{"brand":"Motorola Solutions","operator":"","surveillanceZone":"traffic","osmId":14052088701,"direction":58,"source":"deflock"}},{"type":"Feature","geometry":{"type":"Point","coordinates":[-111.8804931,40.7518695]},"properties":{"brand":"Motorola Solutions","operator":"","surveillanceZone":"traffic","osmId":14052413202,"direction":0,"source":"deflock"}},{"type":"Feature","geometry":{"type":"Point","coordinates":[-111.8806962,40.7521456]},"properties":{"brand":"Motorola Solutions","operator":"","surveillanceZone":"traffic","osmId":14052552902,"direction":246,"source":"deflock"}},{"type":"Feature","geometry":{"type":"Point","coordinates":[-111.8826051,40.7497822]},"properties":{"brand":"Flock Safety","operator":"","surveillanceZone":"traffic","osmId":14052552903,"direction":0,"source":"deflock"}},{"type":"Feature","geometry":{"type":"Point","coordinates":[-111.8768686,40.7498447]},"properties":{"brand":"Flock Safety","operator":"","surveillanceZone":"traffic","osmId":14052555501,"direction":0,"source":"deflock"}},{"type":"Feature","geometry":{"type":"Point","coordinates":[-111.6285859,40.2467209]},"properties":{"brand":"Genetec","operator":"","surveillanceZone":"traffic","osmId":14053049702,"direction":85,"source":"deflock"}},{"type":"Feature","geometry":{"type":"Point","coordinates":[-111.9452847,41.2420217]},"properties":{"brand":"Flock Safety","operator":"","surveillanceZone":"traffic","osmId":14053099101,"direction":278,"source":"deflock"}},{"type":"Feature","geometry":{"type":"Point","coordinates":[-111.9533412,41.2441752]},"properties":{"brand":"Flock Safety","operator":"","surveillanceZone":"traffic","osmId":14053099102,"direction":259,"source":"deflock"}},{"type":"Feature","geometry":{"type":"Point","coordinates":[-112.1010075,40.5655136]},"properties":{"brand":"Flock Safety","operator":"","surveillanceZone":"traffic","osmId":14053279001,"direction":101,"source":"deflock"}},{"type":"Feature","geometry":{"type":"Point","coordinates":[-112.0213311,40.5457826]},"properties":{"brand":"Flock Safety","operator":"","surveillanceZone":"traffic","osmId":14054915701,"direction":0,"source":"deflock"}},{"type":"Feature","geometry":{"type":"Point","coordinates":[-111.8887724,40.5254816]},"properties":{"brand":"Flock Safety","operator":"","surveillanceZone":"traffic","osmId":14055089301,"direction":188,"source":"deflock"}},{"type":"Feature","geometry":{"type":"Point","coordinates":[-112.0155898,41.5248137]},"properties":{"brand":"Motorola Solutions","operator":"","surveillanceZone":"traffic","osmId":14055254002,"direction":164,"source":"deflock"}},{"type":"Feature","geometry":{"type":"Point","coordinates":[-112.0161004,41.4960493]},"properties":{"brand":"Axis Communications","operator":"","surveillanceZone":"traffic","osmId":14055514901,"direction":150,"source":"deflock"}},{"type":"Feature","geometry":{"type":"Point","coordinates":[-111.8914195,40.5432022]},"properties":{"brand":"Flock Safety","operator":"","surveillanceZone":"traffic","osmId":14056328702,"direction":165,"source":"deflock"}},{"type":"Feature","geometry":{"type":"Point","coordinates":[-111.6027687,40.1442924]},"properties":{"brand":"Flock Safety","operator":"","surveillanceZone":"traffic","osmId":14057077402,"direction":146,"source":"deflock"}},{"type":"Feature","geometry":{"type":"Point","coordinates":[-112.0157147,41.5103736]},"properties":{"brand":"Axis Communications","operator":"","surveillanceZone":"traffic","osmId":14060351401,"direction":217,"source":"deflock"}},{"type":"Feature","geometry":{"type":"Point","coordinates":[-112.0156793,41.5128755]},"properties":{"brand":"Axis Communications","operator":"","surveillanceZone":"traffic","osmId":14060351601,"direction":206,"source":"deflock"}},{"type":"Feature","geometry":{"type":"Point","coordinates":[-111.8346856,41.7403011]},"properties":{"brand":"Motorola Solutions","operator":"","surveillanceZone":"traffic","osmId":14062901101,"direction":340,"source":"deflock"}},{"type":"Feature","geometry":{"type":"Point","coordinates":[-112.0158864,41.5060512]},"properties":{"brand":"Axis Communications","operator":"","surveillanceZone":"traffic","osmId":14063008701,"direction":25,"source":"deflock"}},{"type":"Feature","geometry":{"type":"Point","coordinates":[-111.8351426,41.7374782]},"properties":{"brand":"Motorola Solutions","operator":"","surveillanceZone":"traffic","osmId":14063022301,"direction":149,"source":"deflock"}},{"type":"Feature","geometry":{"type":"Point","coordinates":[-111.892949,40.8914078]},"properties":{"brand":"Flock Safety","operator":"Lowe's","surveillanceZone":"traffic","osmId":14064426201,"direction":12,"source":"deflock"}},{"type":"Feature","geometry":{"type":"Point","coordinates":[-111.8936548,40.7253236]},"properties":{"brand":"Flock Safety","operator":"","surveillanceZone":"traffic","osmId":14064842801,"direction":0,"source":"deflock"}},{"type":"Feature","geometry":{"type":"Point","coordinates":[-112.435247,37.8033806]},"properties":{"brand":"Flock Safety","operator":"","surveillanceZone":"traffic","osmId":14064889201,"direction":0,"source":"deflock"}},{"type":"Feature","geometry":{"type":"Point","coordinates":[-111.9373366,40.7405103]},"properties":{"brand":"Motorola Solutions","operator":"","surveillanceZone":"traffic","osmId":14064892503,"direction":244,"source":"deflock"}},{"type":"Feature","geometry":{"type":"Point","coordinates":[-111.9819362,40.6589341]},"properties":{"brand":"Flock Safety","operator":"","surveillanceZone":"traffic","osmId":14065282401,"direction":153,"source":"deflock"}},{"type":"Feature","geometry":{"type":"Point","coordinates":[-111.8883699,40.5041865]},"properties":{"brand":"Flock Safety","operator":"","surveillanceZone":"traffic","osmId":14067144301,"direction":59,"source":"deflock"}},{"type":"Feature","geometry":{"type":"Point","coordinates":[-111.8800792,41.6782325]},"properties":{"brand":"Flock Safety","operator":"","surveillanceZone":"traffic","osmId":14067223501,"direction":282,"source":"deflock"}},{"type":"Feature","geometry":{"type":"Point","coordinates":[-111.8967932,40.6205512]},"properties":{"brand":"Flock Safety","operator":"","surveillanceZone":"traffic","osmId":14068614001,"direction":78,"source":"deflock"}},{"type":"Feature","geometry":{"type":"Point","coordinates":[-111.6295534,40.247684]},"properties":{"brand":"Flock Safety","operator":"","surveillanceZone":"traffic","osmId":14068694973,"direction":270,"source":"deflock"}},{"type":"Feature","geometry":{"type":"Point","coordinates":[-111.7735168,39.975704]},"properties":{"brand":"Flock Safety","operator":"","surveillanceZone":"traffic","osmId":14069293002,"direction":256,"source":"deflock"}},{"type":"Feature","geometry":{"type":"Point","coordinates":[-111.6927049,40.2972605]},"properties":{"brand":"Reconyx","operator":"","surveillanceZone":"traffic","osmId":14069372401,"direction":237,"source":"deflock"}},{"type":"Feature","geometry":{"type":"Point","coordinates":[-111.9386689,40.6823619]},"properties":{"brand":"Flock Safety","operator":"","surveillanceZone":"traffic","osmId":14069725001,"direction":324,"source":"deflock"}},{"type":"Feature","geometry":{"type":"Point","coordinates":[-111.9389721,40.7426242]},"properties":{"brand":"Flock Safety","operator":"","surveillanceZone":"traffic","osmId":14070213101,"direction":337,"source":"deflock"}},{"type":"Feature","geometry":{"type":"Point","coordinates":[-111.972283,40.6675454]},"properties":{"brand":"Flock Safety","operator":"","surveillanceZone":"traffic","osmId":14075073501,"direction":81,"source":"deflock"}},{"type":"Feature","geometry":{"type":"Point","coordinates":[-111.6105839,40.1587519]},"properties":{"brand":"Flock Safety","operator":"","surveillanceZone":"traffic","osmId":14075821902,"direction":329,"source":"deflock"}},{"type":"Feature","geometry":{"type":"Point","coordinates":[-111.6447099,40.2612737]},"properties":{"brand":"Flock Safety","operator":"","surveillanceZone":"traffic","osmId":14075895401,"direction":106,"source":"deflock"}},{"type":"Feature","geometry":{"type":"Point","coordinates":[-112.0821829,40.6821307]},"properties":{"brand":"Flock Safety","operator":"","surveillanceZone":"traffic","osmId":14080365202,"direction":339,"source":"deflock"}},{"type":"Feature","geometry":{"type":"Point","coordinates":[-111.9064863,40.5744321]},"properties":{"brand":"Flock Safety","operator":"","surveillanceZone":"traffic","osmId":14081225012,"direction":170,"source":"deflock"}},{"type":"Feature","geometry":{"type":"Point","coordinates":[-111.4844213,40.7187574]},"properties":{"brand":"Flock Safety","operator":"","surveillanceZone":"traffic","osmId":14083622797,"direction":195,"source":"deflock"}},{"type":"Feature","geometry":{"type":"Point","coordinates":[-111.4835387,40.7184486]},"properties":{"brand":"Flock Safety","operator":"","surveillanceZone":"traffic","osmId":14083622798,"direction":190,"source":"deflock"}},{"type":"Feature","geometry":{"type":"Point","coordinates":[-111.4256387,37.9012132]},"properties":{"brand":"Flock Safety","operator":"","surveillanceZone":"traffic","osmId":14084756401,"direction":74,"source":"deflock"}},{"type":"Feature","geometry":{"type":"Point","coordinates":[-113.997585,41.3793682]},"properties":{"brand":"Flock Safety","operator":"","surveillanceZone":"traffic","osmId":14086418701,"direction":331,"source":"deflock"}},{"type":"Feature","geometry":{"type":"Point","coordinates":[-111.3347706,40.4696375]},"properties":{"brand":"Motorola Solutions","operator":"","surveillanceZone":"traffic","osmId":14090346901,"direction":174,"source":"deflock"}},{"type":"Feature","geometry":{"type":"Point","coordinates":[-111.7406735,40.3336522]},"properties":{"brand":"Flock Safety","operator":"","surveillanceZone":"traffic","osmId":14090598003,"direction":260,"source":"deflock"}},{"type":"Feature","geometry":{"type":"Point","coordinates":[-111.9760909,40.6238146]},"properties":{"brand":"Motorola Solutions","operator":"","surveillanceZone":"traffic","osmId":14090844102,"direction":75,"source":"deflock"}},{"type":"Feature","geometry":{"type":"Point","coordinates":[-111.9389131,40.6387637]},"properties":{"brand":"Flock Safety","operator":"","surveillanceZone":"traffic","osmId":14093600601,"direction":148,"source":"deflock"}},{"type":"Feature","geometry":{"type":"Point","coordinates":[-112.0125799,41.1833988]},"properties":{"brand":"Flock Safety","operator":"","surveillanceZone":"traffic","osmId":14094873901,"direction":243,"source":"deflock"}},{"type":"Feature","geometry":{"type":"Point","coordinates":[-111.8101435,40.6750742]},"properties":{"brand":"Flock Safety","operator":"","surveillanceZone":"traffic","osmId":14094967201,"direction":63,"source":"deflock"}},{"type":"Feature","geometry":{"type":"Point","coordinates":[-113.583601,37.120522]},"properties":{"brand":"Flock Safety","operator":"","surveillanceZone":"traffic","osmId":14094979601,"direction":141,"source":"deflock"}},{"type":"Feature","geometry":{"type":"Point","coordinates":[-111.9996783,40.6384494]},"properties":{"brand":"Flock Safety","operator":"","surveillanceZone":"traffic","osmId":14095030602,"direction":290,"source":"deflock"}},{"type":"Feature","geometry":{"type":"Point","coordinates":[-112.0238819,40.5397359]},"properties":{"brand":"Flock Safety","operator":"","surveillanceZone":"traffic","osmId":14097434401,"direction":346,"source":"deflock"}},{"type":"Feature","geometry":{"type":"Point","coordinates":[-111.9141327,40.5721478]},"properties":{"brand":"Flock Safety","operator":"","surveillanceZone":"traffic","osmId":14098001123,"direction":75,"source":"deflock"}},{"type":"Feature","geometry":{"type":"Point","coordinates":[-111.9324394,40.587604]},"properties":{"brand":"Flock Safety","operator":"West Jordan Police Department","surveillanceZone":"traffic","osmId":14098036151,"direction":75,"source":"deflock"}},{"type":"Feature","geometry":{"type":"Point","coordinates":[-111.9151522,40.5879055]},"properties":{"brand":"Flock Safety","operator":"West Jordan Police Department","surveillanceZone":"traffic","osmId":14098057415,"direction":255,"source":"deflock"}},{"type":"Feature","geometry":{"type":"Point","coordinates":[-111.6623963,40.6484549]},"properties":{"brand":"Motorola Solutions","operator":"","surveillanceZone":"traffic","osmId":14098121401,"direction":214,"source":"deflock"}},{"type":"Feature","geometry":{"type":"Point","coordinates":[-111.6368378,39.2605169]},"properties":{"brand":"Motorola Solutions","operator":"","surveillanceZone":"traffic","osmId":14098279501,"direction":0,"source":"deflock"}},{"type":"Feature","geometry":{"type":"Point","coordinates":[-111.9579188,40.6385171]},"properties":{"brand":"Flock Safety","operator":"","surveillanceZone":"traffic","osmId":14099502902,"direction":48,"source":"deflock"}},{"type":"Feature","geometry":{"type":"Point","coordinates":[-111.9672858,40.63853]},"properties":{"brand":"Flock Safety","operator":"","surveillanceZone":"traffic","osmId":14099505101,"direction":291,"source":"deflock"}},{"type":"Feature","geometry":{"type":"Point","coordinates":[-112.0244402,40.6385059]},"properties":{"brand":"Flock Safety","operator":"","surveillanceZone":"traffic","osmId":14099514401,"direction":337,"source":"deflock"}},{"type":"Feature","geometry":{"type":"Point","coordinates":[-112.0277525,40.6383984]},"properties":{"brand":"Motorola Solutions","operator":"","surveillanceZone":"traffic","osmId":14099515301,"direction":70,"source":"deflock"}},{"type":"Feature","geometry":{"type":"Point","coordinates":[-112.0464634,40.6386946]},"properties":{"brand":"Flock Safety","operator":"","surveillanceZone":"traffic","osmId":14099515302,"direction":118,"source":"deflock"}},{"type":"Feature","geometry":{"type":"Point","coordinates":[-112.0598877,40.639138]},"properties":{"brand":"Flock Safety","operator":"","surveillanceZone":"traffic","osmId":14099520801,"direction":0,"source":"deflock"}},{"type":"Feature","geometry":{"type":"Point","coordinates":[-112.0250724,40.6966353]},"properties":{"brand":"Flock Safety","operator":"","surveillanceZone":"traffic","osmId":14100160901,"direction":122,"source":"deflock"}},{"type":"Feature","geometry":{"type":"Point","coordinates":[-112.0249682,40.7013313]},"properties":{"brand":"Flock Safety","operator":"","surveillanceZone":"traffic","osmId":14100161401,"direction":99,"source":"deflock"}},{"type":"Feature","geometry":{"type":"Point","coordinates":[-111.7503597,40.3638794]},"properties":{"brand":"Flock Safety","operator":"","surveillanceZone":"traffic","osmId":14101878801,"direction":79,"source":"deflock"}},{"type":"Feature","geometry":{"type":"Point","coordinates":[-111.9027913,40.561518]},"properties":{"brand":"Motorola Solutions","operator":"","surveillanceZone":"traffic","osmId":14104379703,"direction":173,"source":"deflock"}},{"type":"Feature","geometry":{"type":"Point","coordinates":[-112.0215372,40.638317]},"properties":{"brand":"Axis Communications","operator":"","surveillanceZone":"traffic","osmId":14105487901,"direction":278,"source":"deflock"}},{"type":"Feature","geometry":{"type":"Point","coordinates":[-111.9770838,40.6385636]},"properties":{"brand":"Flock Safety","operator":"","surveillanceZone":"traffic","osmId":14105499102,"direction":268,"source":"deflock"}},{"type":"Feature","geometry":{"type":"Point","coordinates":[-111.9446088,40.6384951]},"properties":{"brand":"Axis Communications","operator":"","surveillanceZone":"traffic","osmId":14105509601,"direction":317,"source":"deflock"}},{"type":"Feature","geometry":{"type":"Point","coordinates":[-111.9387058,40.643221]},"properties":{"brand":"Flock Safety","operator":"","surveillanceZone":"traffic","osmId":14105530001,"direction":202,"source":"deflock"}},{"type":"Feature","geometry":{"type":"Point","coordinates":[-111.8924477,40.8924608]},"properties":{"brand":"Flock Safety","operator":"","surveillanceZone":"traffic","osmId":14106639401,"direction":295,"source":"deflock"}},{"type":"Feature","geometry":{"type":"Point","coordinates":[-111.9033081,40.992865]},"properties":{"brand":"Flock Safety","operator":"","surveillanceZone":"traffic","osmId":14108959201,"direction":357,"source":"deflock"}},{"type":"Feature","geometry":{"type":"Point","coordinates":[-112.0249502,40.7181676]},"properties":{"brand":"Flock Safety","operator":"","surveillanceZone":"traffic","osmId":14110347301,"direction":166,"source":"deflock"}},{"type":"Feature","geometry":{"type":"Point","coordinates":[-113.6165452,37.1236264]},"properties":{"brand":"Flock Safety","operator":"The Home Depot","surveillanceZone":"traffic","osmId":14111249601,"direction":0,"source":"deflock"}},{"type":"Feature","geometry":{"type":"Point","coordinates":[-111.9144079,40.6216826]},"properties":{"brand":"Flock Safety","operator":"","surveillanceZone":"traffic","osmId":14111319701,"direction":282,"source":"deflock"}},{"type":"Feature","geometry":{"type":"Point","coordinates":[-111.9103882,40.6210705]},"properties":{"brand":"Flock Safety","operator":"","surveillanceZone":"traffic","osmId":14111319702,"direction":128,"source":"deflock"}},{"type":"Feature","geometry":{"type":"Point","coordinates":[-111.8744815,40.7695265]},"properties":{"brand":"Motorola Solutions","operator":"","surveillanceZone":"traffic","osmId":14111428701,"direction":328,"source":"deflock"}},{"type":"Feature","geometry":{"type":"Point","coordinates":[-111.8729279,40.7695514]},"properties":{"brand":"Motorola Solutions","operator":"","surveillanceZone":"traffic","osmId":14115962001,"direction":313,"source":"deflock"}},{"type":"Feature","geometry":{"type":"Point","coordinates":[-109.2391879,41.5924178]},"properties":{"brand":"Flock Safety","operator":"","surveillanceZone":"traffic","osmId":14116687501,"direction":85,"source":"deflock"}},{"type":"Feature","geometry":{"type":"Point","coordinates":[-109.2396619,41.5923732]},"properties":{"brand":"Flock Safety","operator":"","surveillanceZone":"traffic","osmId":14116690601,"direction":86,"source":"deflock"}},{"type":"Feature","geometry":{"type":"Point","coordinates":[-109.2211625,41.5862664]},"properties":{"brand":"Flock Safety","operator":"","surveillanceZone":"traffic","osmId":14116716902,"direction":320,"source":"deflock"}},{"type":"Feature","geometry":{"type":"Point","coordinates":[-111.8825487,40.9205717]},"properties":{"brand":"Flock Safety","operator":"Simon Property Group","surveillanceZone":"traffic","osmId":14120393001,"direction":359,"source":"deflock"}},{"type":"Feature","geometry":{"type":"Point","coordinates":[-111.7610973,40.3430155]},"properties":{"brand":"Flock Safety","operator":"","surveillanceZone":"traffic","osmId":14121185501,"direction":109,"source":"deflock"}},{"type":"Feature","geometry":{"type":"Point","coordinates":[-113.5834889,37.1077055]},"properties":{"brand":"Flock Safety","operator":"","surveillanceZone":"traffic","osmId":14122757001,"direction":161,"source":"deflock"}},{"type":"Feature","geometry":{"type":"Point","coordinates":[-112.0524765,40.5732212]},"properties":{"brand":"Flock Safety","operator":"","surveillanceZone":"traffic","osmId":14123309301,"direction":71,"source":"deflock"}},{"type":"Feature","geometry":{"type":"Point","coordinates":[-111.4825301,40.716126]},"properties":{"brand":"Flock Safety","operator":"","surveillanceZone":"traffic","osmId":14123646201,"direction":277,"source":"deflock"}},{"type":"Feature","geometry":{"type":"Point","coordinates":[-112.0212288,40.7037983]},"properties":{"brand":"Flock Safety","operator":"","surveillanceZone":"traffic","osmId":14123696201,"direction":56,"source":"deflock"}},{"type":"Feature","geometry":{"type":"Point","coordinates":[-111.9812817,40.654479]},"properties":{"brand":"Flock Safety","operator":"","surveillanceZone":"traffic","osmId":14129019301,"direction":193,"source":"deflock"}},{"type":"Feature","geometry":{"type":"Point","coordinates":[-112.0356136,40.6531716]},"properties":{"brand":"Flock Safety","operator":"","surveillanceZone":"traffic","osmId":14129030402,"direction":106,"source":"deflock"}},{"type":"Feature","geometry":{"type":"Point","coordinates":[-111.9372952,40.4044287]},"properties":{"brand":"Flock Safety","operator":"","surveillanceZone":"traffic","osmId":14129301401,"direction":0,"source":"deflock"}},{"type":"Feature","geometry":{"type":"Point","coordinates":[-111.672711,40.739093]},"properties":{"brand":"Flock Safety","operator":"","surveillanceZone":"traffic","osmId":14129518347,"direction":306,"source":"deflock"}},{"type":"Feature","geometry":{"type":"Point","coordinates":[-111.4570113,40.6533211]},"properties":{"brand":"Flock Safety","operator":"","surveillanceZone":"traffic","osmId":14129518348,"direction":141,"source":"deflock"}},{"type":"Feature","geometry":{"type":"Point","coordinates":[-111.4564413,40.6534641]},"properties":{"brand":"Flock Safety","operator":"","surveillanceZone":"traffic","osmId":14129518349,"direction":326,"source":"deflock"}},{"type":"Feature","geometry":{"type":"Point","coordinates":[-111.8883239,40.6492764]},"properties":{"brand":"Flock Safety","operator":"","surveillanceZone":"traffic","osmId":14129857201,"direction":81,"source":"deflock"}},{"type":"Feature","geometry":{"type":"Point","coordinates":[-112.0252891,40.7741471]},"properties":{"brand":"Flock Safety","operator":"","surveillanceZone":"traffic","osmId":14131050802,"direction":90,"source":"deflock"}},{"type":"Feature","geometry":{"type":"Point","coordinates":[-112.4134225,37.9644336]},"properties":{"brand":"Flock Safety","operator":"","surveillanceZone":"traffic","osmId":14131339501,"direction":51,"source":"deflock"}},{"type":"Feature","geometry":{"type":"Point","coordinates":[-111.8937944,40.8916244]},"properties":{"brand":"Flock Safety","operator":"","surveillanceZone":"traffic","osmId":14135938601,"direction":333,"source":"deflock"}},{"type":"Feature","geometry":{"type":"Point","coordinates":[-111.7042956,40.0467585]},"properties":{"brand":"Flock Safety","operator":"","surveillanceZone":"traffic","osmId":14138694101,"direction":226,"source":"deflock"}},{"type":"Feature","geometry":{"type":"Point","coordinates":[-112.0094095,41.2482037]},"properties":{"brand":"Flock Safety","operator":"","surveillanceZone":"traffic","osmId":14145194401,"direction":337,"source":"deflock"}},{"type":"Feature","geometry":{"type":"Point","coordinates":[-111.9836843,41.1726442]},"properties":{"brand":"Flock Safety","operator":"","surveillanceZone":"traffic","osmId":14145412501,"direction":178,"source":"deflock"}},{"type":"Feature","geometry":{"type":"Point","coordinates":[-112.1007957,40.5651219]},"properties":{"brand":"Flock Safety","operator":"","surveillanceZone":"traffic","osmId":14146010201,"direction":29,"source":"deflock"}},{"type":"Feature","geometry":{"type":"Point","coordinates":[-112.0265455,40.6841894]},"properties":{"brand":"Flock Safety","operator":"Lowe's","surveillanceZone":"traffic","osmId":14152518202,"direction":237,"source":"deflock"}},{"type":"Feature","geometry":{"type":"Point","coordinates":[-111.9823383,40.6203205]},"properties":{"brand":"Flock Safety","operator":"","surveillanceZone":"traffic","osmId":14152555302,"direction":345,"source":"deflock"}},{"type":"Feature","geometry":{"type":"Point","coordinates":[-109.5213968,40.4557039]},"properties":{"brand":"Flock Safety","operator":"","surveillanceZone":"traffic","osmId":14153791501,"direction":56,"source":"deflock"}},{"type":"Feature","geometry":{"type":"Point","coordinates":[-111.8658445,40.6317293]},"properties":{"brand":"Flock Safety","operator":"","surveillanceZone":"traffic","osmId":14155705315,"direction":0,"source":"deflock"}},{"type":"Feature","geometry":{"type":"Point","coordinates":[-113.5664044,37.1098273]},"properties":{"brand":"Flock Safety","operator":"","surveillanceZone":"traffic","osmId":14156193401,"direction":94,"source":"deflock"}},{"type":"Feature","geometry":{"type":"Point","coordinates":[-111.9020198,40.8328614]},"properties":{"brand":"Motorola Solutions","operator":"","surveillanceZone":"traffic","osmId":14156325101,"direction":210,"source":"deflock"}},{"type":"Feature","geometry":{"type":"Point","coordinates":[-111.8951792,41.9759594]},"properties":{"brand":"","operator":"","surveillanceZone":"","osmId":14163543502,"direction":187,"source":"deflock"}},{"type":"Feature","geometry":{"type":"Point","coordinates":[-111.8147722,41.8897923]},"properties":{"brand":"Axis Communications","operator":"","surveillanceZone":"traffic","osmId":14163544802,"direction":318,"source":"deflock"}},{"type":"Feature","geometry":{"type":"Point","coordinates":[-111.8930531,41.8461044]},"properties":{"brand":"Axis Communications","operator":"","surveillanceZone":"traffic","osmId":14163613501,"direction":0,"source":"deflock"}},{"type":"Feature","geometry":{"type":"Point","coordinates":[-111.7686547,41.9727927]},"properties":{"brand":"Axis Communications","operator":"","surveillanceZone":"traffic","osmId":14163613502,"direction":264,"source":"deflock"}},{"type":"Feature","geometry":{"type":"Point","coordinates":[-111.8941102,41.8488882]},"properties":{"brand":"Axis Communications","operator":"","surveillanceZone":"traffic","osmId":14163619601,"direction":98,"source":"deflock"}},{"type":"Feature","geometry":{"type":"Point","coordinates":[-111.8933381,41.8446828]},"properties":{"brand":"Axis Communications","operator":"","surveillanceZone":"traffic","osmId":14163620301,"direction":268,"source":"deflock"}},{"type":"Feature","geometry":{"type":"Point","coordinates":[-111.8914557,41.7947004]},"properties":{"brand":"Axis Communications","operator":"","surveillanceZone":"traffic","osmId":14163621601,"direction":262,"source":"deflock"}},{"type":"Feature","geometry":{"type":"Point","coordinates":[-111.9268678,41.8014748]},"properties":{"brand":"Axis Communications","operator":"","surveillanceZone":"traffic","osmId":14163626101,"direction":228,"source":"deflock"}},{"type":"Feature","geometry":{"type":"Point","coordinates":[-111.7652328,41.9738194]},"properties":{"brand":"Axis Communications","operator":"","surveillanceZone":"traffic","osmId":14163628601,"direction":282,"source":"deflock"}},{"type":"Feature","geometry":{"type":"Point","coordinates":[-111.723587,41.9762862]},"properties":{"brand":"Axis Communications","operator":"","surveillanceZone":"traffic","osmId":14163634001,"direction":170,"source":"deflock"}},{"type":"Feature","geometry":{"type":"Point","coordinates":[-111.7877285,41.7430189]},"properties":{"brand":"Axis Communications","operator":"","surveillanceZone":"traffic","osmId":14163634002,"direction":110,"source":"deflock"}},{"type":"Feature","geometry":{"type":"Point","coordinates":[-111.7834955,41.7430815]},"properties":{"brand":"Axis Communications","operator":"","surveillanceZone":"traffic","osmId":14163640601,"direction":112,"source":"deflock"}},{"type":"Feature","geometry":{"type":"Point","coordinates":[-111.9384812,41.6098887]},"properties":{"brand":"Axis Communications","operator":"","surveillanceZone":"traffic","osmId":14163643901,"direction":231,"source":"deflock"}},{"type":"Feature","geometry":{"type":"Point","coordinates":[-111.9591404,41.5581023]},"properties":{"brand":"Axis Communications","operator":"","surveillanceZone":"traffic","osmId":14163643902,"direction":291,"source":"deflock"}},{"type":"Feature","geometry":{"type":"Point","coordinates":[-111.8647421,41.7358774]},"properties":{"brand":"Axis Communications","operator":"","surveillanceZone":"traffic","osmId":14163657801,"direction":255,"source":"deflock"}},{"type":"Feature","geometry":{"type":"Point","coordinates":[-111.902326,40.6113306]},"properties":{"brand":"Flock Safety","operator":"","surveillanceZone":"traffic","osmId":14165271001,"direction":0,"source":"deflock"}},{"type":"Feature","geometry":{"type":"Point","coordinates":[-109.7635526,40.4114174]},"properties":{"brand":"Flock Safety","operator":"","surveillanceZone":"traffic","osmId":14176095401,"direction":221,"source":"deflock"}},{"type":"Feature","geometry":{"type":"Point","coordinates":[-112.042233,41.0747569]},"properties":{"brand":"Flock Safety","operator":"","surveillanceZone":"traffic","osmId":14179810501,"direction":277,"source":"deflock"}},{"type":"Feature","geometry":{"type":"Point","coordinates":[-111.8688377,40.5879361]},"properties":{"brand":"Motorola Solutions","operator":"","surveillanceZone":"traffic","osmId":14181249401,"direction":67,"source":"deflock"}},{"type":"Feature","geometry":{"type":"Point","coordinates":[-111.4208176,40.4880271]},"properties":{"brand":"Flock Safety","operator":"","surveillanceZone":"traffic","osmId":14184017501,"direction":22,"source":"deflock"}},{"type":"Feature","geometry":{"type":"Point","coordinates":[-111.8974699,40.4825866]},"properties":{"brand":"Flock Safety","operator":"","surveillanceZone":"traffic","osmId":14190696801,"direction":99,"source":"deflock"}},{"type":"Feature","geometry":{"type":"Point","coordinates":[-111.7015798,40.3618241]},"properties":{"brand":"Flock Safety","operator":"","surveillanceZone":"traffic","osmId":14190884701,"direction":108,"source":"deflock"}},{"type":"Feature","geometry":{"type":"Point","coordinates":[-111.70235,40.362529]},"properties":{"brand":"Flock Safety","operator":"","surveillanceZone":"traffic","osmId":14190886101,"direction":299,"source":"deflock"}},{"type":"Feature","geometry":{"type":"Point","coordinates":[-111.7008042,40.3630674]},"properties":{"brand":"Flock Safety","operator":"","surveillanceZone":"traffic","osmId":14193414602,"direction":164,"source":"deflock"}},{"type":"Feature","geometry":{"type":"Point","coordinates":[-111.9711554,41.2039022]},"properties":{"brand":"Flock Safety","operator":"","surveillanceZone":"traffic","osmId":14197563202,"direction":359,"source":"deflock"}},{"type":"Feature","geometry":{"type":"Point","coordinates":[-111.9693849,41.2139454]},"properties":{"brand":"Flock Safety","operator":"","surveillanceZone":"traffic","osmId":14197563601,"direction":359,"source":"deflock"}},{"type":"Feature","geometry":{"type":"Point","coordinates":[-111.7015869,40.3618314]},"properties":{"brand":"Flock Safety","operator":"","surveillanceZone":"traffic","osmId":14204796401,"direction":297,"source":"deflock"}},{"type":"Feature","geometry":{"type":"Point","coordinates":[-111.6585068,40.2909388]},"properties":{"brand":"Flock Safety","operator":"","surveillanceZone":"traffic","osmId":14205373401,"direction":148,"source":"deflock"}},{"type":"Feature","geometry":{"type":"Point","coordinates":[-111.6426796,40.1237319]},"properties":{"brand":"Flock Safety","operator":"","surveillanceZone":"traffic","osmId":14209839801,"direction":13,"source":"deflock"}},{"type":"Feature","geometry":{"type":"Point","coordinates":[-111.6429884,40.1238769]},"properties":{"brand":"Flock Safety","operator":"","surveillanceZone":"traffic","osmId":14209840401,"direction":189,"source":"deflock"}},{"type":"Feature","geometry":{"type":"Point","coordinates":[-111.6448596,40.122802]},"properties":{"brand":"Flock Safety","operator":"","surveillanceZone":"traffic","osmId":14209840701,"direction":233,"source":"deflock"}},{"type":"Feature","geometry":{"type":"Point","coordinates":[-111.6549325,40.1225283]},"properties":{"brand":"Flock Safety","operator":"","surveillanceZone":"traffic","osmId":14209844903,"direction":147,"source":"deflock"}},{"type":"Feature","geometry":{"type":"Point","coordinates":[-111.6536998,40.1228302]},"properties":{"brand":"Flock Safety","operator":"","surveillanceZone":"traffic","osmId":14209846101,"direction":60,"source":"deflock"}},{"type":"Feature","geometry":{"type":"Point","coordinates":[-111.6545575,40.1294193]},"properties":{"brand":"Flock Safety","operator":"","surveillanceZone":"traffic","osmId":14209846701,"direction":327,"source":"deflock"}},{"type":"Feature","geometry":{"type":"Point","coordinates":[-111.6435767,40.1612061]},"properties":{"brand":"Flock Safety","operator":"","surveillanceZone":"traffic","osmId":14209848801,"direction":60,"source":"deflock"}},{"type":"Feature","geometry":{"type":"Point","coordinates":[-111.5974322,40.1155282]},"properties":{"brand":"Flock Safety","operator":"","surveillanceZone":"traffic","osmId":14209856101,"direction":59,"source":"deflock"}},{"type":"Feature","geometry":{"type":"Point","coordinates":[-111.6768476,40.2336623]},"properties":{"brand":"Flock Safety","operator":"","surveillanceZone":"traffic","osmId":14209887201,"direction":50,"source":"deflock"}},{"type":"Feature","geometry":{"type":"Point","coordinates":[-111.6623548,40.2131976]},"properties":{"brand":"Flock Safety","operator":"The Home Depot","surveillanceZone":"traffic","osmId":14209893401,"direction":214,"source":"deflock"}},{"type":"Feature","geometry":{"type":"Point","coordinates":[-111.9552349,41.7463484]},"properties":{"brand":"Rekor","operator":"","surveillanceZone":"traffic","osmId":14212238901,"direction":256,"source":"deflock"}},{"type":"Feature","geometry":{"type":"Point","coordinates":[-109.5461008,38.5594458]},"properties":{"brand":"Motorola Solutions","operator":"","surveillanceZone":"traffic","osmId":14220046701,"direction":101,"source":"deflock"}},{"type":"Feature","geometry":{"type":"Point","coordinates":[-112.0146208,40.535279]},"properties":{"brand":"Flock Safety","operator":"","surveillanceZone":"traffic","osmId":14220323901,"direction":338,"source":"deflock"}},{"type":"Feature","geometry":{"type":"Point","coordinates":[-112.0224578,40.5431678]},"properties":{"brand":"Flock Safety","operator":"","surveillanceZone":"traffic","osmId":14220326201,"direction":48,"source":"deflock"}},{"type":"Feature","geometry":{"type":"Point","coordinates":[-112.0235657,40.5445687]},"properties":{"brand":"Flock Safety","operator":"","surveillanceZone":"traffic","osmId":14220327401,"direction":0,"source":"deflock"}},{"type":"Feature","geometry":{"type":"Point","coordinates":[-112.0333755,40.5672662]},"properties":{"brand":"Flock Safety","operator":"","surveillanceZone":"traffic","osmId":14220327402,"direction":47,"source":"deflock"}},{"type":"Feature","geometry":{"type":"Point","coordinates":[-112.0287396,40.5515543]},"properties":{"brand":"Flock Safety","operator":"","surveillanceZone":"traffic","osmId":14220327901,"direction":329,"source":"deflock"}},{"type":"Feature","geometry":{"type":"Point","coordinates":[-112.0616283,40.5757253]},"properties":{"brand":"Flock Safety","operator":"","surveillanceZone":"traffic","osmId":14220333201,"direction":25,"source":"deflock"}},{"type":"Feature","geometry":{"type":"Point","coordinates":[-112.0554586,40.6094659]},"properties":{"brand":"Flock Safety","operator":"","surveillanceZone":"traffic","osmId":14220336301,"direction":0,"source":"deflock"}},{"type":"Feature","geometry":{"type":"Point","coordinates":[-111.9316088,40.6448133]},"properties":{"brand":"Flock Safety","operator":"","surveillanceZone":"traffic","osmId":14227465101,"direction":120,"source":"deflock"}},{"type":"Feature","geometry":{"type":"Point","coordinates":[-111.5474577,40.6545591]},"properties":{"brand":"Flock Safety","operator":"","surveillanceZone":"traffic","osmId":14227979901,"direction":328,"source":"deflock"}},{"type":"Feature","geometry":{"type":"Point","coordinates":[-111.891307,40.5447935]},"properties":{"brand":"Motorola Solutions","operator":"","surveillanceZone":"traffic","osmId":14229456301,"direction":103,"source":"deflock"}},{"type":"Feature","geometry":{"type":"Point","coordinates":[-113.086017,37.6814038]},"properties":{"brand":"Flock Safety","operator":"","surveillanceZone":"traffic","osmId":14232868101,"direction":0,"source":"deflock"}},{"type":"Feature","geometry":{"type":"Point","coordinates":[-112.0343099,40.5875549]},"properties":{"brand":"Flock Safety","operator":"","surveillanceZone":"traffic","osmId":14236739201,"direction":1,"source":"deflock"}},{"type":"Feature","geometry":{"type":"Point","coordinates":[-111.980643,41.210894]},"properties":{"brand":"Flock Safety","operator":"","surveillanceZone":"traffic","direction":null,"source":"flocksurveillance.org"}},{"type":"Feature","geometry":{"type":"Point","coordinates":[-111.728036,40.276154]},"properties":{"brand":"Flock Safety","operator":"","surveillanceZone":"traffic","direction":155.3,"source":"flocksurveillance.org"}},{"type":"Feature","geometry":{"type":"Point","coordinates":[-111.777443,40.45358]},"properties":{"brand":"Flock Safety","operator":"","surveillanceZone":"traffic","direction":12,"source":"flocksurveillance.org"}},{"type":"Feature","geometry":{"type":"Point","coordinates":[-109.036952,37.814997]},"properties":{"brand":"Flock Safety","operator":"","surveillanceZone":"traffic","direction":177.5,"source":"flocksurveillance.org"}},{"type":"Feature","geometry":{"type":"Point","coordinates":[-109.037395,37.814959]},"properties":{"brand":"Flock Safety","operator":"","surveillanceZone":"traffic","direction":359.2,"source":"flocksurveillance.org"}},{"type":"Feature","geometry":{"type":"Point","coordinates":[-111.899235,40.735196]},"properties":{"brand":"Flock Safety","operator":"","surveillanceZone":"traffic","direction":null,"source":"flocksurveillance.org"}},{"type":"Feature","geometry":{"type":"Point","coordinates":[-111.89985,40.741265]},"properties":{"brand":"Flock Safety","operator":"","surveillanceZone":"traffic","direction":303.8,"source":"flocksurveillance.org"}},{"type":"Feature","geometry":{"type":"Point","coordinates":[-111.677278,40.282463]},"properties":{"brand":"Flock Safety","operator":"","surveillanceZone":"traffic","direction":207.1,"source":"flocksurveillance.org"}},{"type":"Feature","geometry":{"type":"Point","coordinates":[-111.88844,40.724642]},"properties":{"brand":"Flock Safety","operator":"","surveillanceZone":"traffic","direction":303.4,"source":"flocksurveillance.org"}},{"type":"Feature","geometry":{"type":"Point","coordinates":[-111.888453,40.717113]},"properties":{"brand":"Flock Safety","operator":"","surveillanceZone":"traffic","direction":303.4,"source":"flocksurveillance.org"}},{"type":"Feature","geometry":{"type":"Point","coordinates":[-112.006672,41.297879]},"properties":{"brand":"Flock Safety","operator":"","surveillanceZone":"traffic","direction":318.8,"source":"flocksurveillance.org"}},{"type":"Feature","geometry":{"type":"Point","coordinates":[-112.006705,41.298003]},"properties":{"brand":"Flock Safety","operator":"","surveillanceZone":"traffic","direction":92.6,"source":"flocksurveillance.org"}},{"type":"Feature","geometry":{"type":"Point","coordinates":[-111.91111,40.687178]},"properties":{"brand":"Flock Safety","operator":"","surveillanceZone":"traffic","direction":100.2,"source":"flocksurveillance.org"}},{"type":"Feature","geometry":{"type":"Point","coordinates":[-112.007491,41.29756]},"properties":{"brand":"Flock Safety","operator":"","surveillanceZone":"traffic","direction":322.4,"source":"flocksurveillance.org"}},{"type":"Feature","geometry":{"type":"Point","coordinates":[-111.856594,40.72303]},"properties":{"brand":"Flock Safety","operator":"","surveillanceZone":"traffic","direction":94.3,"source":"flocksurveillance.org"}},{"type":"Feature","geometry":{"type":"Point","coordinates":[-112.007338,41.29759]},"properties":{"brand":"Flock Safety","operator":"","surveillanceZone":"traffic","direction":135.8,"source":"flocksurveillance.org"}},{"type":"Feature","geometry":{"type":"Point","coordinates":[-111.910401,40.620523]},"properties":{"brand":"Flock Safety","operator":"","surveillanceZone":"traffic","direction":null,"source":"flocksurveillance.org"}},{"type":"Feature","geometry":{"type":"Point","coordinates":[-111.978793,41.217713]},"properties":{"brand":"Flock Safety","operator":"","surveillanceZone":"traffic","direction":null,"source":"flocksurveillance.org"}},{"type":"Feature","geometry":{"type":"Point","coordinates":[-111.979449,41.210856]},"properties":{"brand":"Flock Safety","operator":"","surveillanceZone":"traffic","direction":null,"source":"flocksurveillance.org"}},{"type":"Feature","geometry":{"type":"Point","coordinates":[-111.976207,41.221072]},"properties":{"brand":"Flock Safety","operator":"","surveillanceZone":"traffic","direction":null,"source":"flocksurveillance.org"}},{"type":"Feature","geometry":{"type":"Point","coordinates":[-111.974177,41.222706]},"properties":{"brand":"Flock Safety","operator":"","surveillanceZone":"traffic","direction":null,"source":"flocksurveillance.org"}},{"type":"Feature","geometry":{"type":"Point","coordinates":[-111.976406,41.21152]},"properties":{"brand":"Flock Safety","operator":"","surveillanceZone":"traffic","direction":null,"source":"flocksurveillance.org"}},{"type":"Feature","geometry":{"type":"Point","coordinates":[-111.911098,40.687921]},"properties":{"brand":"Flock Safety","operator":"","surveillanceZone":"traffic","direction":110.3,"source":"flocksurveillance.org"}},{"type":"Feature","geometry":{"type":"Point","coordinates":[-111.973587,41.21289]},"properties":{"brand":"Flock Safety","operator":"","surveillanceZone":"traffic","direction":null,"source":"flocksurveillance.org"}},{"type":"Feature","geometry":{"type":"Point","coordinates":[-111.973689,41.210383]},"properties":{"brand":"Flock Safety","operator":"","surveillanceZone":"traffic","direction":null,"source":"flocksurveillance.org"}},{"type":"Feature","geometry":{"type":"Point","coordinates":[-111.970868,41.211471]},"properties":{"brand":"Flock Safety","operator":"","surveillanceZone":"traffic","direction":null,"source":"flocksurveillance.org"}},{"type":"Feature","geometry":{"type":"Point","coordinates":[-111.973444,41.220386]},"properties":{"brand":"Flock Safety","operator":"","surveillanceZone":"traffic","direction":null,"source":"flocksurveillance.org"}},{"type":"Feature","geometry":{"type":"Point","coordinates":[-111.970808,41.214031]},"properties":{"brand":"Flock Safety","operator":"","surveillanceZone":"traffic","direction":null,"source":"flocksurveillance.org"}},{"type":"Feature","geometry":{"type":"Point","coordinates":[-111.970767,41.216613]},"properties":{"brand":"Flock Safety","operator":"","surveillanceZone":"traffic","direction":null,"source":"flocksurveillance.org"}},{"type":"Feature","geometry":{"type":"Point","coordinates":[-111.970973,41.218678]},"properties":{"brand":"Flock Safety","operator":"","surveillanceZone":"traffic","direction":null,"source":"flocksurveillance.org"}},{"type":"Feature","geometry":{"type":"Point","coordinates":[-111.967846,41.220491]},"properties":{"brand":"Flock Safety","operator":"","surveillanceZone":"traffic","direction":null,"source":"flocksurveillance.org"}},{"type":"Feature","geometry":{"type":"Point","coordinates":[-111.967835,41.217996]},"properties":{"brand":"Flock Safety","operator":"","surveillanceZone":"traffic","direction":null,"source":"flocksurveillance.org"}},{"type":"Feature","geometry":{"type":"Point","coordinates":[-111.967887,41.215595]},"properties":{"brand":"Flock Safety","operator":"","surveillanceZone":"traffic","direction":null,"source":"flocksurveillance.org"}},{"type":"Feature","geometry":{"type":"Point","coordinates":[-111.967932,41.212947]},"properties":{"brand":"Flock Safety","operator":"","surveillanceZone":"traffic","direction":null,"source":"flocksurveillance.org"}},{"type":"Feature","geometry":{"type":"Point","coordinates":[-111.967792,41.210666]},"properties":{"brand":"Flock Safety","operator":"","surveillanceZone":"traffic","direction":null,"source":"flocksurveillance.org"}},{"type":"Feature","geometry":{"type":"Point","coordinates":[-111.965063,41.216491]},"properties":{"brand":"Flock Safety","operator":"","surveillanceZone":"traffic","direction":null,"source":"flocksurveillance.org"}},{"type":"Feature","geometry":{"type":"Point","coordinates":[-111.965006,41.219044]},"properties":{"brand":"Flock Safety","operator":"","surveillanceZone":"traffic","direction":null,"source":"flocksurveillance.org"}},{"type":"Feature","geometry":{"type":"Point","coordinates":[-111.962425,41.210585]},"properties":{"brand":"Flock Safety","operator":"","surveillanceZone":"traffic","direction":null,"source":"flocksurveillance.org"}},{"type":"Feature","geometry":{"type":"Point","coordinates":[-111.962183,41.222741]},"properties":{"brand":"Flock Safety","operator":"","surveillanceZone":"traffic","direction":null,"source":"flocksurveillance.org"}},{"type":"Feature","geometry":{"type":"Point","coordinates":[-111.959467,41.219052]},"properties":{"brand":"Flock Safety","operator":"","surveillanceZone":"traffic","direction":null,"source":"flocksurveillance.org"}},{"type":"Feature","geometry":{"type":"Point","coordinates":[-111.964741,41.221467]},"properties":{"brand":"Flock Safety","operator":"","surveillanceZone":"traffic","direction":null,"source":"flocksurveillance.org"}},{"type":"Feature","geometry":{"type":"Point","coordinates":[-111.959411,41.221401]},"properties":{"brand":"Flock Safety","operator":"","surveillanceZone":"traffic","direction":null,"source":"flocksurveillance.org"}},{"type":"Feature","geometry":{"type":"Point","coordinates":[-111.962232,41.220209]},"properties":{"brand":"Flock Safety","operator":"","surveillanceZone":"traffic","direction":null,"source":"flocksurveillance.org"}},{"type":"Feature","geometry":{"type":"Point","coordinates":[-111.959288,41.216755]},"properties":{"brand":"Flock Safety","operator":"","surveillanceZone":"traffic","direction":null,"source":"flocksurveillance.org"}},{"type":"Feature","geometry":{"type":"Point","coordinates":[-111.956781,41.213252]},"properties":{"brand":"Flock Safety","operator":"","surveillanceZone":"traffic","direction":null,"source":"flocksurveillance.org"}},{"type":"Feature","geometry":{"type":"Point","coordinates":[-111.956737,41.215339]},"properties":{"brand":"Flock Safety","operator":"","surveillanceZone":"traffic","direction":null,"source":"flocksurveillance.org"}},{"type":"Feature","geometry":{"type":"Point","coordinates":[-111.956478,41.217866]},"properties":{"brand":"Flock Safety","operator":"","surveillanceZone":"traffic","direction":null,"source":"flocksurveillance.org"}},{"type":"Feature","geometry":{"type":"Point","coordinates":[-111.956638,41.220191]},"properties":{"brand":"Flock Safety","operator":"","surveillanceZone":"traffic","direction":null,"source":"flocksurveillance.org"}},{"type":"Feature","geometry":{"type":"Point","coordinates":[-111.887759,40.922197]},"properties":{"brand":"Flock Safety","operator":"","surveillanceZone":"traffic","direction":136.5,"source":"flocksurveillance.org"}},{"type":"Feature","geometry":{"type":"Point","coordinates":[-111.956594,41.222464]},"properties":{"brand":"Flock Safety","operator":"","surveillanceZone":"traffic","direction":null,"source":"flocksurveillance.org"}},{"type":"Feature","geometry":{"type":"Point","coordinates":[-111.964972,41.210023]},"properties":{"brand":"Flock Safety","operator":"","surveillanceZone":"traffic","direction":null,"source":"flocksurveillance.org"}},{"type":"Feature","geometry":{"type":"Point","coordinates":[-112.008018,41.267299]},"properties":{"brand":"Flock Safety","operator":"","surveillanceZone":"traffic","direction":null,"source":"flocksurveillance.org"}},{"type":"Feature","geometry":{"type":"Point","coordinates":[-111.970906,41.209708]},"properties":{"brand":"Flock Safety","operator":"","surveillanceZone":"traffic","direction":null,"source":"flocksurveillance.org"}},{"type":"Feature","geometry":{"type":"Point","coordinates":[-111.856552,40.723003]},"properties":{"brand":"Flock Safety","operator":"","surveillanceZone":"traffic","direction":89.2,"source":"flocksurveillance.org"}},{"type":"Feature","geometry":{"type":"Point","coordinates":[-111.97624,41.210161]},"properties":{"brand":"Flock Safety","operator":"","surveillanceZone":"traffic","direction":null,"source":"flocksurveillance.org"}},{"type":"Feature","geometry":{"type":"Point","coordinates":[-111.906936,40.60599]},"properties":{"brand":"Flock Safety","operator":"","surveillanceZone":"traffic","direction":329.1,"source":"flocksurveillance.org"}},{"type":"Feature","geometry":{"type":"Point","coordinates":[-111.986738,40.65323]},"properties":{"brand":"Flock Safety","operator":"","surveillanceZone":"traffic","direction":117.4,"source":"flocksurveillance.org"}},{"type":"Feature","geometry":{"type":"Point","coordinates":[-112.03592,41.269887]},"properties":{"brand":"Flock Safety","operator":"","surveillanceZone":"traffic","direction":176.1,"source":"flocksurveillance.org"}},{"type":"Feature","geometry":{"type":"Point","coordinates":[-111.9782,41.220611]},"properties":{"brand":"Flock Safety","operator":"","surveillanceZone":"traffic","direction":null,"source":"flocksurveillance.org"}},{"type":"Feature","geometry":{"type":"Point","coordinates":[-112.11123,39.955972]},"properties":{"brand":"Flock Safety","operator":"","surveillanceZone":"traffic","direction":217.1,"source":"flocksurveillance.org"}},{"type":"Feature","geometry":{"type":"Point","coordinates":[-112.039318,40.575204]},"properties":{"brand":"Flock Safety","operator":"","surveillanceZone":"traffic","direction":103.2,"source":"flocksurveillance.org"}},{"type":"Feature","geometry":{"type":"Point","coordinates":[-111.89154,40.546363]},"properties":{"brand":"Flock Safety","operator":"","surveillanceZone":"traffic","direction":211.3,"source":"flocksurveillance.org"}},{"type":"Feature","geometry":{"type":"Point","coordinates":[-111.656295,40.255919]},"properties":{"brand":"Flock Safety","operator":"","surveillanceZone":"traffic","direction":210,"source":"flocksurveillance.org"}},{"type":"Feature","geometry":{"type":"Point","coordinates":[-111.658117,40.244288]},"properties":{"brand":"Flock Safety","operator":"","surveillanceZone":"traffic","direction":15,"source":"flocksurveillance.org"}},{"type":"Feature","geometry":{"type":"Point","coordinates":[-111.656188,40.262216]},"properties":{"brand":"Flock Safety","operator":"","surveillanceZone":"traffic","direction":293.2,"source":"flocksurveillance.org"}},{"type":"Feature","geometry":{"type":"Point","coordinates":[-111.661454,40.263335]},"properties":{"brand":"Flock Safety","operator":"","surveillanceZone":"traffic","direction":285,"source":"flocksurveillance.org"}},{"type":"Feature","geometry":{"type":"Point","coordinates":[-111.629522,40.246768]},"properties":{"brand":"Flock Safety","operator":"","surveillanceZone":"traffic","direction":300,"source":"flocksurveillance.org"}},{"type":"Feature","geometry":{"type":"Point","coordinates":[-111.643439,40.256104]},"properties":{"brand":"Flock Safety","operator":"","surveillanceZone":"traffic","direction":284.2,"source":"flocksurveillance.org"}},{"type":"Feature","geometry":{"type":"Point","coordinates":[-111.6544,40.255657]},"properties":{"brand":"Flock Safety","operator":"","surveillanceZone":"traffic","direction":21.1,"source":"flocksurveillance.org"}},{"type":"Feature","geometry":{"type":"Point","coordinates":[-111.661443,40.263556]},"properties":{"brand":"Flock Safety","operator":"","surveillanceZone":"traffic","direction":199.9,"source":"flocksurveillance.org"}},{"type":"Feature","geometry":{"type":"Point","coordinates":[-111.654707,40.244182]},"properties":{"brand":"Flock Safety","operator":"","surveillanceZone":"traffic","direction":28.3,"source":"flocksurveillance.org"}},{"type":"Feature","geometry":{"type":"Point","coordinates":[-111.643227,40.246682]},"properties":{"brand":"Flock Safety","operator":"","surveillanceZone":"traffic","direction":285,"source":"flocksurveillance.org"}},{"type":"Feature","geometry":{"type":"Point","coordinates":[-111.655984,40.256487]},"properties":{"brand":"Flock Safety","operator":"","surveillanceZone":"traffic","direction":120,"source":"flocksurveillance.org"}},{"type":"Feature","geometry":{"type":"Point","coordinates":[-111.64353,40.25678]},"properties":{"brand":"Flock Safety","operator":"","surveillanceZone":"traffic","direction":195.6,"source":"flocksurveillance.org"}},{"type":"Feature","geometry":{"type":"Point","coordinates":[-112.006066,41.297952]},"properties":{"brand":"Flock Safety","operator":"","surveillanceZone":"traffic","direction":47.3,"source":"flocksurveillance.org"}},{"type":"Feature","geometry":{"type":"Point","coordinates":[-112.29485,40.575]},"properties":{"brand":"Flock Safety","operator":"","surveillanceZone":"traffic","direction":285,"source":"flocksurveillance.org"}},{"type":"Feature","geometry":{"type":"Point","coordinates":[-112.320278,40.504611]},"properties":{"brand":"Flock Safety","operator":"","surveillanceZone":"traffic","direction":66.5,"source":"flocksurveillance.org"}},{"type":"Feature","geometry":{"type":"Point","coordinates":[-112.045194,41.125874]},"properties":{"brand":"Flock Safety","operator":"","surveillanceZone":"traffic","direction":105.4,"source":"flocksurveillance.org"}},{"type":"Feature","geometry":{"type":"Point","coordinates":[-112.083593,41.156959]},"properties":{"brand":"Flock Safety","operator":"","surveillanceZone":"traffic","direction":119.7,"source":"flocksurveillance.org"}},{"type":"Feature","geometry":{"type":"Point","coordinates":[-112.083647,41.161949]},"properties":{"brand":"Flock Safety","operator":"","surveillanceZone":"traffic","direction":254.1,"source":"flocksurveillance.org"}},{"type":"Feature","geometry":{"type":"Point","coordinates":[-111.658804,40.247319]},"properties":{"brand":"Flock Safety","operator":"","surveillanceZone":"traffic","direction":293.6,"source":"flocksurveillance.org"}},{"type":"Feature","geometry":{"type":"Point","coordinates":[-111.656213,40.257862]},"properties":{"brand":"Flock Safety","operator":"","surveillanceZone":"traffic","direction":279.6,"source":"flocksurveillance.org"}},{"type":"Feature","geometry":{"type":"Point","coordinates":[-112.006565,41.229054]},"properties":{"brand":"Flock Safety","operator":"","surveillanceZone":"traffic","direction":283.1,"source":"flocksurveillance.org"}},{"type":"Feature","geometry":{"type":"Point","coordinates":[-111.935963,40.646142]},"properties":{"brand":"Flock Safety","operator":"","surveillanceZone":"traffic","direction":72,"source":"flocksurveillance.org"}},{"type":"Feature","geometry":{"type":"Point","coordinates":[-112.093295,41.20082]},"properties":{"brand":"Flock Safety","operator":"","surveillanceZone":"traffic","direction":285.4,"source":"flocksurveillance.org"}},{"type":"Feature","geometry":{"type":"Point","coordinates":[-112.006066,41.297952]},"properties":{"brand":"Flock Safety","operator":"","surveillanceZone":"traffic","direction":47.3,"source":"flocksurveillance.org"}},{"type":"Feature","geometry":{"type":"Point","coordinates":[-112.007491,41.29756]},"properties":{"brand":"Flock Safety","operator":"","surveillanceZone":"traffic","direction":322.4,"source":"flocksurveillance.org"}},{"type":"Feature","geometry":{"type":"Point","coordinates":[-111.89154,40.546363]},"properties":{"brand":"Flock Safety","operator":"","surveillanceZone":"traffic","direction":211.3,"source":"flocksurveillance.org"}},{"type":"Feature","geometry":{"type":"Point","coordinates":[-112.007338,41.29759]},"properties":{"brand":"Flock Safety","operator":"","surveillanceZone":"traffic","direction":135.8,"source":"flocksurveillance.org"}},{"type":"Feature","geometry":{"type":"Point","coordinates":[-112.006672,41.297879]},"properties":{"brand":"Flock Safety","operator":"","surveillanceZone":"traffic","direction":318.8,"source":"flocksurveillance.org"}},{"type":"Feature","geometry":{"type":"Point","coordinates":[-112.006705,41.298003]},"properties":{"brand":"Flock Safety","operator":"","surveillanceZone":"traffic","direction":92.6,"source":"flocksurveillance.org"}},{"type":"Feature","geometry":{"type":"Point","coordinates":[-111.655528,40.303481]},"properties":{"brand":"Flock Safety","operator":"","surveillanceZone":"traffic","direction":114.4,"source":"flocksurveillance.org"}},{"type":"Feature","geometry":{"type":"Point","coordinates":[-111.661435,40.214671]},"properties":{"brand":"Flock Safety","operator":"","surveillanceZone":"traffic","direction":null,"source":"flocksurveillance.org"}},{"type":"Feature","geometry":{"type":"Point","coordinates":[-111.66186,40.22962]},"properties":{"brand":"Flock Safety","operator":"","surveillanceZone":"traffic","direction":null,"source":"flocksurveillance.org"}},{"type":"Feature","geometry":{"type":"Point","coordinates":[-111.65304,40.222154]},"properties":{"brand":"Flock Safety","operator":"","surveillanceZone":"traffic","direction":null,"source":"flocksurveillance.org"}},{"type":"Feature","geometry":{"type":"Point","coordinates":[-111.658465,40.229165]},"properties":{"brand":"Flock Safety","operator":"","surveillanceZone":"traffic","direction":null,"source":"flocksurveillance.org"}},{"type":"Feature","geometry":{"type":"Point","coordinates":[-111.661435,40.214671]},"properties":{"brand":"Flock Safety","operator":"","surveillanceZone":"traffic","direction":null,"source":"flocksurveillance.org"}},{"type":"Feature","geometry":{"type":"Point","coordinates":[-111.66186,40.22962]},"properties":{"brand":"Flock Safety","operator":"","surveillanceZone":"traffic","direction":139.6,"source":"flocksurveillance.org"}},{"type":"Feature","geometry":{"type":"Point","coordinates":[-111.65304,40.222154]},"properties":{"brand":"Flock Safety","operator":"","surveillanceZone":"traffic","direction":259.7,"source":"flocksurveillance.org"}},{"type":"Feature","geometry":{"type":"Point","coordinates":[-111.658465,40.229165]},"properties":{"brand":"Flock Safety","operator":"","surveillanceZone":"traffic","direction":135,"source":"flocksurveillance.org"}},{"type":"Feature","geometry":{"type":"Point","coordinates":[-111.36373,40.507867]},"properties":{"brand":"Flock Safety","operator":"","surveillanceZone":"traffic","direction":190,"source":"flocksurveillance.org"}},{"type":"Feature","geometry":{"type":"Point","coordinates":[-111.8914,40.544085]},"properties":{"brand":"Flock Safety","operator":"","surveillanceZone":"traffic","direction":306.6,"source":"flocksurveillance.org"}},{"type":"Feature","geometry":{"type":"Point","coordinates":[-111.885665,40.544143]},"properties":{"brand":"Flock Safety","operator":"","surveillanceZone":"traffic","direction":29.6,"source":"flocksurveillance.org"}},{"type":"Feature","geometry":{"type":"Point","coordinates":[-111.853265,40.503625]},"properties":{"brand":"Flock Safety","operator":"","surveillanceZone":"traffic","direction":330.1,"source":"flocksurveillance.org"}},{"type":"Feature","geometry":{"type":"Point","coordinates":[-111.888721,40.526368]},"properties":{"brand":"Flock Safety","operator":"","surveillanceZone":"traffic","direction":296.7,"source":"flocksurveillance.org"}},{"type":"Feature","geometry":{"type":"Point","coordinates":[-111.895941,40.526947]},"properties":{"brand":"Flock Safety","operator":"","surveillanceZone":"traffic","direction":198.6,"source":"flocksurveillance.org"}},{"type":"Feature","geometry":{"type":"Point","coordinates":[-111.896488,40.482077]},"properties":{"brand":"Flock Safety","operator":"","surveillanceZone":"traffic","direction":1.3,"source":"flocksurveillance.org"}},{"type":"Feature","geometry":{"type":"Point","coordinates":[-111.897001,40.482095]},"properties":{"brand":"Flock Safety","operator":"","surveillanceZone":"traffic","direction":254.3,"source":"flocksurveillance.org"}},{"type":"Feature","geometry":{"type":"Point","coordinates":[-111.921553,40.52358]},"properties":{"brand":"Flock Safety","operator":"","surveillanceZone":"traffic","direction":47.9,"source":"flocksurveillance.org"}},{"type":"Feature","geometry":{"type":"Point","coordinates":[-111.414463,40.494675]},"properties":{"brand":"Flock Safety","operator":"","surveillanceZone":"traffic","direction":196.2,"source":"flocksurveillance.org"}},{"type":"Feature","geometry":{"type":"Point","coordinates":[-111.411412,40.506275]},"properties":{"brand":"Flock Safety","operator":"","surveillanceZone":"traffic","direction":14.3,"source":"flocksurveillance.org"}},{"type":"Feature","geometry":{"type":"Point","coordinates":[-112.007288,41.298584]},"properties":{"brand":"Flock Safety","operator":"","surveillanceZone":"traffic","direction":null,"source":"flocksurveillance.org"}},{"type":"Feature","geometry":{"type":"Point","coordinates":[-112.006353,41.299601]},"properties":{"brand":"Flock Safety","operator":"","surveillanceZone":"traffic","direction":null,"source":"flocksurveillance.org"}},{"type":"Feature","geometry":{"type":"Point","coordinates":[-112.005182,41.298662]},"properties":{"brand":"Flock Safety","operator":"","surveillanceZone":"traffic","direction":null,"source":"flocksurveillance.org"}},{"type":"Feature","geometry":{"type":"Point","coordinates":[-112.007288,41.298584]},"properties":{"brand":"Flock Safety","operator":"","surveillanceZone":"traffic","direction":null,"source":"flocksurveillance.org"}},{"type":"Feature","geometry":{"type":"Point","coordinates":[-112.005182,41.298662]},"properties":{"brand":"Flock Safety","operator":"","surveillanceZone":"traffic","direction":null,"source":"flocksurveillance.org"}},{"type":"Feature","geometry":{"type":"Point","coordinates":[-112.006353,41.299601]},"properties":{"brand":"Flock Safety","operator":"","surveillanceZone":"traffic","direction":null,"source":"flocksurveillance.org"}},{"type":"Feature","geometry":{"type":"Point","coordinates":[-111.979294,40.62352]},"properties":{"brand":"Flock Safety","operator":"","surveillanceZone":"traffic","direction":319.8,"source":"flocksurveillance.org"}},{"type":"Feature","geometry":{"type":"Point","coordinates":[-111.977237,40.624145]},"properties":{"brand":"Flock Safety","operator":"","surveillanceZone":"traffic","direction":201.5,"source":"flocksurveillance.org"}},{"type":"Feature","geometry":{"type":"Point","coordinates":[-112.062934,40.56593]},"properties":{"brand":"Flock Safety","operator":"","surveillanceZone":"traffic","direction":9,"source":"flocksurveillance.org"}},{"type":"Feature","geometry":{"type":"Point","coordinates":[-111.98427,40.613293]},"properties":{"brand":"Flock Safety","operator":"","surveillanceZone":"traffic","direction":300.3,"source":"flocksurveillance.org"}},{"type":"Feature","geometry":{"type":"Point","coordinates":[-111.98062,40.613926]},"properties":{"brand":"Flock Safety","operator":"","surveillanceZone":"traffic","direction":263,"source":"flocksurveillance.org"}},{"type":"Feature","geometry":{"type":"Point","coordinates":[-111.98427,40.613293]},"properties":{"brand":"Flock Safety","operator":"","surveillanceZone":"traffic","direction":300.3,"source":"flocksurveillance.org"}},{"type":"Feature","geometry":{"type":"Point","coordinates":[-111.98062,40.613926]},"properties":{"brand":"Flock Safety","operator":"","surveillanceZone":"traffic","direction":263,"source":"flocksurveillance.org"}},{"type":"Feature","geometry":{"type":"Point","coordinates":[-111.976043,40.63845]},"properties":{"brand":"Flock Safety","operator":"","surveillanceZone":"traffic","direction":9.6,"source":"flocksurveillance.org"}},{"type":"Feature","geometry":{"type":"Point","coordinates":[-111.976043,40.63845]},"properties":{"brand":"Flock Safety","operator":"","surveillanceZone":"traffic","direction":9.6,"source":"flocksurveillance.org"}},{"type":"Feature","geometry":{"type":"Point","coordinates":[-111.854761,38.932884]},"properties":{"brand":"Flock Safety","operator":"","surveillanceZone":"traffic","direction":303.6,"source":"flocksurveillance.org"}},{"type":"Feature","geometry":{"type":"Point","coordinates":[-111.854486,38.934538]},"properties":{"brand":"Flock Safety","operator":"","surveillanceZone":"traffic","direction":120.7,"source":"flocksurveillance.org"}},{"type":"Feature","geometry":{"type":"Point","coordinates":[-112.005479,40.7483]},"properties":{"brand":"Flock Safety","operator":"","surveillanceZone":"traffic","direction":129.5,"source":"flocksurveillance.org"}},{"type":"Feature","geometry":{"type":"Point","coordinates":[-112.005604,40.746625]},"properties":{"brand":"Flock Safety","operator":"","surveillanceZone":"traffic","direction":305.2,"source":"flocksurveillance.org"}},{"type":"Feature","geometry":{"type":"Point","coordinates":[-112.005574,40.748328]},"properties":{"brand":"Flock Safety","operator":"","surveillanceZone":"traffic","direction":298.5,"source":"flocksurveillance.org"}},{"type":"Feature","geometry":{"type":"Point","coordinates":[-112.005513,40.746564]},"properties":{"brand":"Flock Safety","operator":"","surveillanceZone":"traffic","direction":119.3,"source":"flocksurveillance.org"}},{"type":"Feature","geometry":{"type":"Point","coordinates":[-111.734566,40.297296]},"properties":{"brand":"Flock Safety","operator":"","surveillanceZone":"traffic","direction":199.3,"source":"flocksurveillance.org"}},{"type":"Feature","geometry":{"type":"Point","coordinates":[-111.735095,40.289949]},"properties":{"brand":"Flock Safety","operator":"","surveillanceZone":"traffic","direction":206.7,"source":"flocksurveillance.org"}},{"type":"Feature","geometry":{"type":"Point","coordinates":[-112.052127,40.573118]},"properties":{"brand":"Flock Safety","operator":"","surveillanceZone":"traffic","direction":11.6,"source":"flocksurveillance.org"}},{"type":"Feature","geometry":{"type":"Point","coordinates":[-111.664396,40.241802]},"properties":{"brand":"Flock Safety","operator":"","surveillanceZone":"traffic","direction":null,"source":"flocksurveillance.org"}},{"type":"Feature","geometry":{"type":"Point","coordinates":[-111.66698,40.233389]},"properties":{"brand":"Flock Safety","operator":"","surveillanceZone":"traffic","direction":null,"source":"flocksurveillance.org"}},{"type":"Feature","geometry":{"type":"Point","coordinates":[-113.062286,37.686471]},"properties":{"brand":"Flock Safety","operator":"","surveillanceZone":"traffic","direction":null,"source":"flocksurveillance.org"}},{"type":"Feature","geometry":{"type":"Point","coordinates":[-113.061789,37.669848]},"properties":{"brand":"Flock Safety","operator":"","surveillanceZone":"traffic","direction":null,"source":"flocksurveillance.org"}},{"type":"Feature","geometry":{"type":"Point","coordinates":[-113.084005,37.680333]},"properties":{"brand":"Flock Safety","operator":"","surveillanceZone":"traffic","direction":null,"source":"flocksurveillance.org"}},{"type":"Feature","geometry":{"type":"Point","coordinates":[-113.062286,37.686471]},"properties":{"brand":"Flock Safety","operator":"","surveillanceZone":"traffic","direction":175.9,"source":"flocksurveillance.org"}},{"type":"Feature","geometry":{"type":"Point","coordinates":[-113.062286,37.686471]},"properties":{"brand":"Flock Safety","operator":"","surveillanceZone":"traffic","direction":337.3,"source":"flocksurveillance.org"}},{"type":"Feature","geometry":{"type":"Point","coordinates":[-113.061789,37.669848]},"properties":{"brand":"Flock Safety","operator":"","surveillanceZone":"traffic","direction":293.3,"source":"flocksurveillance.org"}},{"type":"Feature","geometry":{"type":"Point","coordinates":[-113.061789,37.669848]},"properties":{"brand":"Flock Safety","operator":"","surveillanceZone":"traffic","direction":67.4,"source":"flocksurveillance.org"}},{"type":"Feature","geometry":{"type":"Point","coordinates":[-113.078961,37.675337]},"properties":{"brand":"Flock Safety","operator":"","surveillanceZone":"traffic","direction":254.2,"source":"flocksurveillance.org"}},{"type":"Feature","geometry":{"type":"Point","coordinates":[-113.079365,37.675533]},"properties":{"brand":"Flock Safety","operator":"","surveillanceZone":"traffic","direction":113.9,"source":"flocksurveillance.org"}},{"type":"Feature","geometry":{"type":"Point","coordinates":[-113.066991,37.673917]},"properties":{"brand":"Flock Safety","operator":"","surveillanceZone":"traffic","direction":null,"source":"flocksurveillance.org"}},{"type":"Feature","geometry":{"type":"Point","coordinates":[-113.055083,37.731184]},"properties":{"brand":"Flock Safety","operator":"","surveillanceZone":"traffic","direction":null,"source":"flocksurveillance.org"}},{"type":"Feature","geometry":{"type":"Point","coordinates":[-113.084868,37.655235]},"properties":{"brand":"Flock Safety","operator":"","surveillanceZone":"traffic","direction":null,"source":"flocksurveillance.org"}},{"type":"Feature","geometry":{"type":"Point","coordinates":[-113.067082,37.677487]},"properties":{"brand":"Flock Safety","operator":"","surveillanceZone":"traffic","direction":null,"source":"flocksurveillance.org"}},{"type":"Feature","geometry":{"type":"Point","coordinates":[-113.055083,37.731184]},"properties":{"brand":"Flock Safety","operator":"","surveillanceZone":"traffic","direction":125,"source":"flocksurveillance.org"}},{"type":"Feature","geometry":{"type":"Point","coordinates":[-113.066991,37.673917]},"properties":{"brand":"Flock Safety","operator":"","surveillanceZone":"traffic","direction":313.9,"source":"flocksurveillance.org"}},{"type":"Feature","geometry":{"type":"Point","coordinates":[-113.067082,37.677487]},"properties":{"brand":"Flock Safety","operator":"","surveillanceZone":"traffic","direction":316.5,"source":"flocksurveillance.org"}},{"type":"Feature","geometry":{"type":"Point","coordinates":[-113.084868,37.655235]},"properties":{"brand":"Flock Safety","operator":"","surveillanceZone":"traffic","direction":219,"source":"flocksurveillance.org"}},{"type":"Feature","geometry":{"type":"Point","coordinates":[-113.048493,37.732884]},"properties":{"brand":"Flock Safety","operator":"","surveillanceZone":"traffic","direction":238.9,"source":"flocksurveillance.org"}},{"type":"Feature","geometry":{"type":"Point","coordinates":[-113.048493,37.732884]},"properties":{"brand":"Flock Safety","operator":"","surveillanceZone":"traffic","direction":238.9,"source":"flocksurveillance.org"}},{"type":"Feature","geometry":{"type":"Point","coordinates":[-113.080779,37.667121]},"properties":{"brand":"Flock Safety","operator":"","surveillanceZone":"traffic","direction":118.3,"source":"flocksurveillance.org"}},{"type":"Feature","geometry":{"type":"Point","coordinates":[-113.064017,37.677466]},"properties":{"brand":"Flock Safety","operator":"","surveillanceZone":"traffic","direction":202.5,"source":"flocksurveillance.org"}},{"type":"Feature","geometry":{"type":"Point","coordinates":[-113.065641,37.67724]},"properties":{"brand":"Flock Safety","operator":"","surveillanceZone":"traffic","direction":25.7,"source":"flocksurveillance.org"}},{"type":"Feature","geometry":{"type":"Point","coordinates":[-113.106296,37.686266]},"properties":{"brand":"Flock Safety","operator":"","surveillanceZone":"traffic","direction":116.3,"source":"flocksurveillance.org"}},{"type":"Feature","geometry":{"type":"Point","coordinates":[-111.679579,40.323456]},"properties":{"brand":"Flock Safety","operator":"","surveillanceZone":"traffic","direction":160.6,"source":"flocksurveillance.org"}},{"type":"Feature","geometry":{"type":"Point","coordinates":[-111.683546,40.325852]},"properties":{"brand":"Flock Safety","operator":"","surveillanceZone":"traffic","direction":315.1,"source":"flocksurveillance.org"}},{"type":"Feature","geometry":{"type":"Point","coordinates":[-111.682316,40.322849]},"properties":{"brand":"Flock Safety","operator":"","surveillanceZone":"traffic","direction":194,"source":"flocksurveillance.org"}},{"type":"Feature","geometry":{"type":"Point","coordinates":[-111.682296,40.32325]},"properties":{"brand":"Flock Safety","operator":"","surveillanceZone":"traffic","direction":184.8,"source":"flocksurveillance.org"}},{"type":"Feature","geometry":{"type":"Point","coordinates":[-111.683546,40.325852]},"properties":{"brand":"Flock Safety","operator":"","surveillanceZone":"traffic","direction":315.1,"source":"flocksurveillance.org"}},{"type":"Feature","geometry":{"type":"Point","coordinates":[-111.682296,40.32325]},"properties":{"brand":"Flock Safety","operator":"","surveillanceZone":"traffic","direction":264.4,"source":"flocksurveillance.org"}},{"type":"Feature","geometry":{"type":"Point","coordinates":[-111.683694,40.319411]},"properties":{"brand":"Flock Safety","operator":"","surveillanceZone":"traffic","direction":102.7,"source":"flocksurveillance.org"}},{"type":"Feature","geometry":{"type":"Point","coordinates":[-111.681044,40.323561]},"properties":{"brand":"Flock Safety","operator":"","surveillanceZone":"traffic","direction":154.5,"source":"flocksurveillance.org"}},{"type":"Feature","geometry":{"type":"Point","coordinates":[-111.751427,40.036695]},"properties":{"brand":"Flock Safety","operator":"","surveillanceZone":"traffic","direction":null,"source":"flocksurveillance.org"}},{"type":"Feature","geometry":{"type":"Point","coordinates":[-111.799052,40.711502]},"properties":{"brand":"Flock Safety","operator":"","surveillanceZone":"traffic","direction":null,"source":"flocksurveillance.org"}},{"type":"Feature","geometry":{"type":"Point","coordinates":[-112.051293,40.770785]},"properties":{"brand":"Flock Safety","operator":"","surveillanceZone":"traffic","direction":null,"source":"flocksurveillance.org"}},{"type":"Feature","geometry":{"type":"Point","coordinates":[-111.761532,40.026333]},"properties":{"brand":"Flock Safety","operator":"","surveillanceZone":"traffic","direction":null,"source":"flocksurveillance.org"}},{"type":"Feature","geometry":{"type":"Point","coordinates":[-111.797343,40.710865]},"properties":{"brand":"Flock Safety","operator":"","surveillanceZone":"traffic","direction":null,"source":"flocksurveillance.org"}},{"type":"Feature","geometry":{"type":"Point","coordinates":[-112.046298,40.771235]},"properties":{"brand":"Flock Safety","operator":"","surveillanceZone":"traffic","direction":null,"source":"flocksurveillance.org"}},{"type":"Feature","geometry":{"type":"Point","coordinates":[-111.751427,40.036695]},"properties":{"brand":"Flock Safety","operator":"","surveillanceZone":"traffic","direction":62.6,"source":"flocksurveillance.org"}},{"type":"Feature","geometry":{"type":"Point","coordinates":[-111.796276,40.707345]},"properties":{"brand":"Flock Safety","operator":"","surveillanceZone":"traffic","direction":121.9,"source":"flocksurveillance.org"}},{"type":"Feature","geometry":{"type":"Point","coordinates":[-111.799052,40.711502]},"properties":{"brand":"Flock Safety","operator":"","surveillanceZone":"traffic","direction":173.1,"source":"flocksurveillance.org"}},{"type":"Feature","geometry":{"type":"Point","coordinates":[-112.051293,40.770785]},"properties":{"brand":"Flock Safety","operator":"","surveillanceZone":"traffic","direction":12.7,"source":"flocksurveillance.org"}},{"type":"Feature","geometry":{"type":"Point","coordinates":[-111.761532,40.026333]},"properties":{"brand":"Flock Safety","operator":"","surveillanceZone":"traffic","direction":263.3,"source":"flocksurveillance.org"}},{"type":"Feature","geometry":{"type":"Point","coordinates":[-111.797343,40.710865]},"properties":{"brand":"Flock Safety","operator":"","surveillanceZone":"traffic","direction":12.4,"source":"flocksurveillance.org"}},{"type":"Feature","geometry":{"type":"Point","coordinates":[-111.788138,40.713257]},"properties":{"brand":"Flock Safety","operator":"","surveillanceZone":"traffic","direction":228,"source":"flocksurveillance.org"}},{"type":"Feature","geometry":{"type":"Point","coordinates":[-112.046298,40.771235]},"properties":{"brand":"Flock Safety","operator":"","surveillanceZone":"traffic","direction":190.8,"source":"flocksurveillance.org"}},{"type":"Feature","geometry":{"type":"Point","coordinates":[-111.981731,40.507654]},"properties":{"brand":"Flock Safety","operator":"","surveillanceZone":"traffic","direction":null,"source":"flocksurveillance.org"}},{"type":"Feature","geometry":{"type":"Point","coordinates":[-111.982972,40.522055]},"properties":{"brand":"Flock Safety","operator":"","surveillanceZone":"traffic","direction":null,"source":"flocksurveillance.org"}},{"type":"Feature","geometry":{"type":"Point","coordinates":[-111.984991,40.522389]},"properties":{"brand":"Flock Safety","operator":"","surveillanceZone":"traffic","direction":null,"source":"flocksurveillance.org"}},{"type":"Feature","geometry":{"type":"Point","coordinates":[-112.001168,40.508061]},"properties":{"brand":"Flock Safety","operator":"","surveillanceZone":"traffic","direction":null,"source":"flocksurveillance.org"}},{"type":"Feature","geometry":{"type":"Point","coordinates":[-111.938585,40.522499]},"properties":{"brand":"Flock Safety","operator":"","surveillanceZone":"traffic","direction":null,"source":"flocksurveillance.org"}},{"type":"Feature","geometry":{"type":"Point","coordinates":[-111.939025,40.522104]},"properties":{"brand":"Flock Safety","operator":"","surveillanceZone":"traffic","direction":null,"source":"flocksurveillance.org"}},{"type":"Feature","geometry":{"type":"Point","coordinates":[-111.983988,40.512741]},"properties":{"brand":"Flock Safety","operator":"","surveillanceZone":"traffic","direction":null,"source":"flocksurveillance.org"}},{"type":"Feature","geometry":{"type":"Point","coordinates":[-111.980709,40.50796]},"properties":{"brand":"Flock Safety","operator":"","surveillanceZone":"traffic","direction":null,"source":"flocksurveillance.org"}},{"type":"Feature","geometry":{"type":"Point","coordinates":[-111.978523,40.503277]},"properties":{"brand":"Flock Safety","operator":"","surveillanceZone":"traffic","direction":null,"source":"flocksurveillance.org"}},{"type":"Feature","geometry":{"type":"Point","coordinates":[-111.981731,40.507654]},"properties":{"brand":"Flock Safety","operator":"","surveillanceZone":"traffic","direction":7.4,"source":"flocksurveillance.org"}},{"type":"Feature","geometry":{"type":"Point","coordinates":[-112.005926,40.521768]},"properties":{"brand":"Flock Safety","operator":"","surveillanceZone":"traffic","direction":310.4,"source":"flocksurveillance.org"}},{"type":"Feature","geometry":{"type":"Point","coordinates":[-111.939403,40.522422]},"properties":{"brand":"Flock Safety","operator":"","surveillanceZone":"traffic","direction":197.3,"source":"flocksurveillance.org"}},{"type":"Feature","geometry":{"type":"Point","coordinates":[-112.003693,40.508594]},"properties":{"brand":"Flock Safety","operator":"","surveillanceZone":"traffic","direction":109.1,"source":"flocksurveillance.org"}},{"type":"Feature","geometry":{"type":"Point","coordinates":[-111.982972,40.522055]},"properties":{"brand":"Flock Safety","operator":"","surveillanceZone":"traffic","direction":11.9,"source":"flocksurveillance.org"}},{"type":"Feature","geometry":{"type":"Point","coordinates":[-111.984991,40.522389]},"properties":{"brand":"Flock Safety","operator":"","surveillanceZone":"traffic","direction":201.1,"source":"flocksurveillance.org"}},{"type":"Feature","geometry":{"type":"Point","coordinates":[-112.001168,40.508061]},"properties":{"brand":"Flock Safety","operator":"","surveillanceZone":"traffic","direction":187.6,"source":"flocksurveillance.org"}},{"type":"Feature","geometry":{"type":"Point","coordinates":[-111.938585,40.522499]},"properties":{"brand":"Flock Safety","operator":"","surveillanceZone":"traffic","direction":106.7,"source":"flocksurveillance.org"}},{"type":"Feature","geometry":{"type":"Point","coordinates":[-111.939025,40.522104]},"properties":{"brand":"Flock Safety","operator":"","surveillanceZone":"traffic","direction":293.4,"source":"flocksurveillance.org"}},{"type":"Feature","geometry":{"type":"Point","coordinates":[-111.983988,40.512741]},"properties":{"brand":"Flock Safety","operator":"","surveillanceZone":"traffic","direction":104.4,"source":"flocksurveillance.org"}},{"type":"Feature","geometry":{"type":"Point","coordinates":[-111.980709,40.50796]},"properties":{"brand":"Flock Safety","operator":"","surveillanceZone":"traffic","direction":195.6,"source":"flocksurveillance.org"}},{"type":"Feature","geometry":{"type":"Point","coordinates":[-111.978523,40.503277]},"properties":{"brand":"Flock Safety","operator":"","surveillanceZone":"traffic","direction":340.3,"source":"flocksurveillance.org"}},{"type":"Feature","geometry":{"type":"Point","coordinates":[-112.005263,40.506946]},"properties":{"brand":"Flock Safety","operator":"","surveillanceZone":"traffic","direction":299.9,"source":"flocksurveillance.org"}},{"type":"Feature","geometry":{"type":"Point","coordinates":[-111.93744,40.522173]},"properties":{"brand":"Flock Safety","operator":"","surveillanceZone":"traffic","direction":15.6,"source":"flocksurveillance.org"}},{"type":"Feature","geometry":{"type":"Point","coordinates":[-111.749524,40.36891]},"properties":{"brand":"Flock Safety","operator":"","surveillanceZone":"traffic","direction":124.3,"source":"flocksurveillance.org"}},{"type":"Feature","geometry":{"type":"Point","coordinates":[-111.650939,40.265358]},"properties":{"brand":"Flock Safety","operator":"","surveillanceZone":"traffic","direction":null,"source":"flocksurveillance.org"}},{"type":"Feature","geometry":{"type":"Point","coordinates":[-111.649918,40.265414]},"properties":{"brand":"Flock Safety","operator":"","surveillanceZone":"traffic","direction":null,"source":"flocksurveillance.org"}},{"type":"Feature","geometry":{"type":"Point","coordinates":[-111.626031,40.209412]},"properties":{"brand":"Flock Safety","operator":"","surveillanceZone":"traffic","direction":null,"source":"flocksurveillance.org"}},{"type":"Feature","geometry":{"type":"Point","coordinates":[-111.686215,40.226135]},"properties":{"brand":"Flock Safety","operator":"","surveillanceZone":"traffic","direction":null,"source":"flocksurveillance.org"}},{"type":"Feature","geometry":{"type":"Point","coordinates":[-111.685513,40.226203]},"properties":{"brand":"Flock Safety","operator":"","surveillanceZone":"traffic","direction":null,"source":"flocksurveillance.org"}},{"type":"Feature","geometry":{"type":"Point","coordinates":[-111.686292,40.22652]},"properties":{"brand":"Flock Safety","operator":"","surveillanceZone":"traffic","direction":null,"source":"flocksurveillance.org"}},{"type":"Feature","geometry":{"type":"Point","coordinates":[-111.685992,40.22639]},"properties":{"brand":"Flock Safety","operator":"","surveillanceZone":"traffic","direction":null,"source":"flocksurveillance.org"}},{"type":"Feature","geometry":{"type":"Point","coordinates":[-111.686764,40.226385]},"properties":{"brand":"Flock Safety","operator":"","surveillanceZone":"traffic","direction":null,"source":"flocksurveillance.org"}},{"type":"Feature","geometry":{"type":"Point","coordinates":[-111.668177,40.239648]},"properties":{"brand":"Flock Safety","operator":"","surveillanceZone":"traffic","direction":null,"source":"flocksurveillance.org"}},{"type":"Feature","geometry":{"type":"Point","coordinates":[-111.668177,40.239648]},"properties":{"brand":"Flock Safety","operator":"","surveillanceZone":"traffic","direction":null,"source":"flocksurveillance.org"}},{"type":"Feature","geometry":{"type":"Point","coordinates":[-111.668373,40.239824]},"properties":{"brand":"Flock Safety","operator":"","surveillanceZone":"traffic","direction":null,"source":"flocksurveillance.org"}},{"type":"Feature","geometry":{"type":"Point","coordinates":[-111.668231,40.239569]},"properties":{"brand":"Flock Safety","operator":"","surveillanceZone":"traffic","direction":null,"source":"flocksurveillance.org"}},{"type":"Feature","geometry":{"type":"Point","coordinates":[-111.711382,40.251016]},"properties":{"brand":"Flock Safety","operator":"","surveillanceZone":"traffic","direction":null,"source":"flocksurveillance.org"}},{"type":"Feature","geometry":{"type":"Point","coordinates":[-111.710233,40.251014]},"properties":{"brand":"Flock Safety","operator":"","surveillanceZone":"traffic","direction":null,"source":"flocksurveillance.org"}},{"type":"Feature","geometry":{"type":"Point","coordinates":[-111.641614,40.225593]},"properties":{"brand":"Flock Safety","operator":"","surveillanceZone":"traffic","direction":null,"source":"flocksurveillance.org"}},{"type":"Feature","geometry":{"type":"Point","coordinates":[-111.641841,40.22527]},"properties":{"brand":"Flock Safety","operator":"","surveillanceZone":"traffic","direction":null,"source":"flocksurveillance.org"}},{"type":"Feature","geometry":{"type":"Point","coordinates":[-111.642211,40.225593]},"properties":{"brand":"Flock Safety","operator":"","surveillanceZone":"traffic","direction":null,"source":"flocksurveillance.org"}},{"type":"Feature","geometry":{"type":"Point","coordinates":[-111.647286,40.234331]},"properties":{"brand":"Flock Safety","operator":"","surveillanceZone":"traffic","direction":null,"source":"flocksurveillance.org"}},{"type":"Feature","geometry":{"type":"Point","coordinates":[-111.646901,40.234254]},"properties":{"brand":"Flock Safety","operator":"","surveillanceZone":"traffic","direction":null,"source":"flocksurveillance.org"}},{"type":"Feature","geometry":{"type":"Point","coordinates":[-111.647843,40.234238]},"properties":{"brand":"Flock Safety","operator":"","surveillanceZone":"traffic","direction":null,"source":"flocksurveillance.org"}},{"type":"Feature","geometry":{"type":"Point","coordinates":[-111.647846,40.234657]},"properties":{"brand":"Flock Safety","operator":"","surveillanceZone":"traffic","direction":null,"source":"flocksurveillance.org"}},{"type":"Feature","geometry":{"type":"Point","coordinates":[-111.647272,40.234651]},"properties":{"brand":"Flock Safety","operator":"","surveillanceZone":"traffic","direction":null,"source":"flocksurveillance.org"}},{"type":"Feature","geometry":{"type":"Point","coordinates":[-111.650599,40.26512]},"properties":{"brand":"Flock Safety","operator":"","surveillanceZone":"traffic","direction":null,"source":"flocksurveillance.org"}},{"type":"Feature","geometry":{"type":"Point","coordinates":[-111.646285,40.281031]},"properties":{"brand":"Flock Safety","operator":"","surveillanceZone":"traffic","direction":null,"source":"flocksurveillance.org"}},{"type":"Feature","geometry":{"type":"Point","coordinates":[-111.646288,40.281517]},"properties":{"brand":"Flock Safety","operator":"","surveillanceZone":"traffic","direction":null,"source":"flocksurveillance.org"}},{"type":"Feature","geometry":{"type":"Point","coordinates":[-111.646391,40.281328]},"properties":{"brand":"Flock Safety","operator":"","surveillanceZone":"traffic","direction":null,"source":"flocksurveillance.org"}},{"type":"Feature","geometry":{"type":"Point","coordinates":[-111.668231,40.239569]},"properties":{"brand":"Flock Safety","operator":"","surveillanceZone":"traffic","direction":null,"source":"flocksurveillance.org"}},{"type":"Feature","geometry":{"type":"Point","coordinates":[-111.641129,40.247574]},"properties":{"brand":"Flock Safety","operator":"","surveillanceZone":"traffic","direction":null,"source":"flocksurveillance.org"}},{"type":"Feature","geometry":{"type":"Point","coordinates":[-111.641922,40.248226]},"properties":{"brand":"Flock Safety","operator":"","surveillanceZone":"traffic","direction":null,"source":"flocksurveillance.org"}},{"type":"Feature","geometry":{"type":"Point","coordinates":[-111.688035,40.254403]},"properties":{"brand":"Flock Safety","operator":"","surveillanceZone":"traffic","direction":null,"source":"flocksurveillance.org"}},{"type":"Feature","geometry":{"type":"Point","coordinates":[-111.689066,40.254107]},"properties":{"brand":"Flock Safety","operator":"","surveillanceZone":"traffic","direction":null,"source":"flocksurveillance.org"}},{"type":"Feature","geometry":{"type":"Point","coordinates":[-111.688297,40.25401]},"properties":{"brand":"Flock Safety","operator":"","surveillanceZone":"traffic","direction":null,"source":"flocksurveillance.org"}},{"type":"Feature","geometry":{"type":"Point","coordinates":[-111.653725,40.26504]},"properties":{"brand":"Flock Safety","operator":"","surveillanceZone":"traffic","direction":null,"source":"flocksurveillance.org"}},{"type":"Feature","geometry":{"type":"Point","coordinates":[-111.653725,40.26504]},"properties":{"brand":"Flock Safety","operator":"","surveillanceZone":"traffic","direction":null,"source":"flocksurveillance.org"}},{"type":"Feature","geometry":{"type":"Point","coordinates":[-111.652966,40.265789]},"properties":{"brand":"Flock Safety","operator":"","surveillanceZone":"traffic","direction":null,"source":"flocksurveillance.org"}},{"type":"Feature","geometry":{"type":"Point","coordinates":[-111.680031,40.221074]},"properties":{"brand":"Flock Safety","operator":"","surveillanceZone":"traffic","direction":null,"source":"flocksurveillance.org"}},{"type":"Feature","geometry":{"type":"Point","coordinates":[-111.680028,40.221375]},"properties":{"brand":"Flock Safety","operator":"","surveillanceZone":"traffic","direction":null,"source":"flocksurveillance.org"}},{"type":"Feature","geometry":{"type":"Point","coordinates":[-111.67935,40.221364]},"properties":{"brand":"Flock Safety","operator":"","surveillanceZone":"traffic","direction":null,"source":"flocksurveillance.org"}},{"type":"Feature","geometry":{"type":"Point","coordinates":[-111.67935,40.221364]},"properties":{"brand":"Flock Safety","operator":"","surveillanceZone":"traffic","direction":null,"source":"flocksurveillance.org"}},{"type":"Feature","geometry":{"type":"Point","coordinates":[-111.679459,40.220944]},"properties":{"brand":"Flock Safety","operator":"","surveillanceZone":"traffic","direction":null,"source":"flocksurveillance.org"}},{"type":"Feature","geometry":{"type":"Point","coordinates":[-111.679459,40.220944]},"properties":{"brand":"Flock Safety","operator":"","surveillanceZone":"traffic","direction":null,"source":"flocksurveillance.org"}},{"type":"Feature","geometry":{"type":"Point","coordinates":[-111.687028,40.242975]},"properties":{"brand":"Flock Safety","operator":"","surveillanceZone":"traffic","direction":null,"source":"flocksurveillance.org"}},{"type":"Feature","geometry":{"type":"Point","coordinates":[-111.687438,40.242787]},"properties":{"brand":"Flock Safety","operator":"","surveillanceZone":"traffic","direction":null,"source":"flocksurveillance.org"}},{"type":"Feature","geometry":{"type":"Point","coordinates":[-111.686904,40.24279]},"properties":{"brand":"Flock Safety","operator":"","surveillanceZone":"traffic","direction":null,"source":"flocksurveillance.org"}},{"type":"Feature","geometry":{"type":"Point","coordinates":[-111.687512,40.24275]},"properties":{"brand":"Flock Safety","operator":"","surveillanceZone":"traffic","direction":null,"source":"flocksurveillance.org"}},{"type":"Feature","geometry":{"type":"Point","coordinates":[-111.715298,40.249104]},"properties":{"brand":"Flock Safety","operator":"","surveillanceZone":"traffic","direction":null,"source":"flocksurveillance.org"}},{"type":"Feature","geometry":{"type":"Point","coordinates":[-111.715295,40.249964]},"properties":{"brand":"Flock Safety","operator":"","surveillanceZone":"traffic","direction":null,"source":"flocksurveillance.org"}},{"type":"Feature","geometry":{"type":"Point","coordinates":[-111.687512,40.249104]},"properties":{"brand":"Flock Safety","operator":"","surveillanceZone":"traffic","direction":null,"source":"flocksurveillance.org"}},{"type":"Feature","geometry":{"type":"Point","coordinates":[-111.704107,40.230332]},"properties":{"brand":"Flock Safety","operator":"","surveillanceZone":"traffic","direction":null,"source":"flocksurveillance.org"}},{"type":"Feature","geometry":{"type":"Point","coordinates":[-111.704166,40.230701]},"properties":{"brand":"Flock Safety","operator":"","surveillanceZone":"traffic","direction":null,"source":"flocksurveillance.org"}},{"type":"Feature","geometry":{"type":"Point","coordinates":[-111.704977,40.230707]},"properties":{"brand":"Flock Safety","operator":"","surveillanceZone":"traffic","direction":null,"source":"flocksurveillance.org"}},{"type":"Feature","geometry":{"type":"Point","coordinates":[-111.652638,40.295612]},"properties":{"brand":"Flock Safety","operator":"","surveillanceZone":"traffic","direction":null,"source":"flocksurveillance.org"}},{"type":"Feature","geometry":{"type":"Point","coordinates":[-111.652559,40.295437]},"properties":{"brand":"Flock Safety","operator":"","surveillanceZone":"traffic","direction":null,"source":"flocksurveillance.org"}},{"type":"Feature","geometry":{"type":"Point","coordinates":[-111.652087,40.295445]},"properties":{"brand":"Flock Safety","operator":"","surveillanceZone":"traffic","direction":null,"source":"flocksurveillance.org"}},{"type":"Feature","geometry":{"type":"Point","coordinates":[-111.648628,40.281139]},"properties":{"brand":"Flock Safety","operator":"","surveillanceZone":"traffic","direction":null,"source":"flocksurveillance.org"}},{"type":"Feature","geometry":{"type":"Point","coordinates":[-111.648421,40.280758]},"properties":{"brand":"Flock Safety","operator":"","surveillanceZone":"traffic","direction":null,"source":"flocksurveillance.org"}},{"type":"Feature","geometry":{"type":"Point","coordinates":[-111.648797,40.280526]},"properties":{"brand":"Flock Safety","operator":"","surveillanceZone":"traffic","direction":null,"source":"flocksurveillance.org"}},{"type":"Feature","geometry":{"type":"Point","coordinates":[-111.669637,40.229102]},"properties":{"brand":"Flock Safety","operator":"","surveillanceZone":"traffic","direction":null,"source":"flocksurveillance.org"}},{"type":"Feature","geometry":{"type":"Point","coordinates":[-111.669637,40.229102]},"properties":{"brand":"Flock Safety","operator":"","surveillanceZone":"traffic","direction":null,"source":"flocksurveillance.org"}},{"type":"Feature","geometry":{"type":"Point","coordinates":[-111.669668,40.228827]},"properties":{"brand":"Flock Safety","operator":"","surveillanceZone":"traffic","direction":null,"source":"flocksurveillance.org"}},{"type":"Feature","geometry":{"type":"Point","coordinates":[-111.670103,40.229472]},"properties":{"brand":"Flock Safety","operator":"","surveillanceZone":"traffic","direction":null,"source":"flocksurveillance.org"}},{"type":"Feature","geometry":{"type":"Point","coordinates":[-111.710827,40.251319]},"properties":{"brand":"Flock Safety","operator":"","surveillanceZone":"traffic","direction":null,"source":"flocksurveillance.org"}},{"type":"Feature","geometry":{"type":"Point","coordinates":[-111.543341,38.340713]},"properties":{"brand":"Flock Safety","operator":"","surveillanceZone":"traffic","direction":null,"source":"flocksurveillance.org"}},{"type":"Feature","geometry":{"type":"Point","coordinates":[-111.543341,38.340713]},"properties":{"brand":"Flock Safety","operator":"","surveillanceZone":"traffic","direction":183.1,"source":"flocksurveillance.org"}},{"type":"Feature","geometry":{"type":"Point","coordinates":[-111.556173,38.344559]},"properties":{"brand":"Flock Safety","operator":"","surveillanceZone":"traffic","direction":359.3,"source":"flocksurveillance.org"}},{"type":"Feature","geometry":{"type":"Point","coordinates":[-111.538281,38.336748]},"properties":{"brand":"Flock Safety","operator":"","surveillanceZone":"traffic","direction":127.9,"source":"flocksurveillance.org"}},{"type":"Feature","geometry":{"type":"Point","coordinates":[-111.642932,38.395232]},"properties":{"brand":"Flock Safety","operator":"","surveillanceZone":"traffic","direction":293.7,"source":"flocksurveillance.org"}},{"type":"Feature","geometry":{"type":"Point","coordinates":[-111.667125,40.233404]},"properties":{"brand":"Flock Safety","operator":"","surveillanceZone":"traffic","direction":null,"source":"flocksurveillance.org"}},{"type":"Feature","geometry":{"type":"Point","coordinates":[-111.663583,40.241568]},"properties":{"brand":"Flock Safety","operator":"","surveillanceZone":"traffic","direction":null,"source":"flocksurveillance.org"}},{"type":"Feature","geometry":{"type":"Point","coordinates":[-111.663878,40.241408]},"properties":{"brand":"Flock Safety","operator":"","surveillanceZone":"traffic","direction":null,"source":"flocksurveillance.org"}},{"type":"Feature","geometry":{"type":"Point","coordinates":[-111.712685,40.213468]},"properties":{"brand":"Flock Safety","operator":"","surveillanceZone":"traffic","direction":null,"source":"flocksurveillance.org"}},{"type":"Feature","geometry":{"type":"Point","coordinates":[-111.713302,40.214172]},"properties":{"brand":"Flock Safety","operator":"","surveillanceZone":"traffic","direction":null,"source":"flocksurveillance.org"}},{"type":"Feature","geometry":{"type":"Point","coordinates":[-111.712146,40.214694]},"properties":{"brand":"Flock Safety","operator":"","surveillanceZone":"traffic","direction":null,"source":"flocksurveillance.org"}},{"type":"Feature","geometry":{"type":"Point","coordinates":[-111.712778,40.215028]},"properties":{"brand":"Flock Safety","operator":"","surveillanceZone":"traffic","direction":null,"source":"flocksurveillance.org"}},{"type":"Feature","geometry":{"type":"Point","coordinates":[-111.712168,40.214167]},"properties":{"brand":"Flock Safety","operator":"","surveillanceZone":"traffic","direction":null,"source":"flocksurveillance.org"}},{"type":"Feature","geometry":{"type":"Point","coordinates":[-111.712168,40.214167]},"properties":{"brand":"Flock Safety","operator":"","surveillanceZone":"traffic","direction":null,"source":"flocksurveillance.org"}},{"type":"Feature","geometry":{"type":"Point","coordinates":[-111.712914,40.214324]},"properties":{"brand":"Flock Safety","operator":"","surveillanceZone":"traffic","direction":null,"source":"flocksurveillance.org"}},{"type":"Feature","geometry":{"type":"Point","coordinates":[-111.666403,40.233337]},"properties":{"brand":"Flock Safety","operator":"","surveillanceZone":"traffic","direction":null,"source":"flocksurveillance.org"}},{"type":"Feature","geometry":{"type":"Point","coordinates":[-111.666797,40.233545]},"properties":{"brand":"Flock Safety","operator":"","surveillanceZone":"traffic","direction":null,"source":"flocksurveillance.org"}},{"type":"Feature","geometry":{"type":"Point","coordinates":[-111.666872,40.233392]},"properties":{"brand":"Flock Safety","operator":"","surveillanceZone":"traffic","direction":null,"source":"flocksurveillance.org"}},{"type":"Feature","geometry":{"type":"Point","coordinates":[-111.666856,40.232936]},"properties":{"brand":"Flock Safety","operator":"","surveillanceZone":"traffic","direction":null,"source":"flocksurveillance.org"}},{"type":"Feature","geometry":{"type":"Point","coordinates":[-111.666912,40.233565]},"properties":{"brand":"Flock Safety","operator":"","surveillanceZone":"traffic","direction":null,"source":"flocksurveillance.org"}},{"type":"Feature","geometry":{"type":"Point","coordinates":[-111.666912,40.233565]},"properties":{"brand":"Flock Safety","operator":"","surveillanceZone":"traffic","direction":null,"source":"flocksurveillance.org"}},{"type":"Feature","geometry":{"type":"Point","coordinates":[-111.638392,40.234982]},"properties":{"brand":"Flock Safety","operator":"","surveillanceZone":"traffic","direction":null,"source":"flocksurveillance.org"}},{"type":"Feature","geometry":{"type":"Point","coordinates":[-111.945613,41.038007]},"properties":{"brand":"Flock Safety","operator":"","surveillanceZone":"traffic","direction":23.4,"source":"flocksurveillance.org"}},{"type":"Feature","geometry":{"type":"Point","coordinates":[-111.663153,40.207043]},"properties":{"brand":"Flock Safety","operator":"","surveillanceZone":"traffic","direction":163.3,"source":"flocksurveillance.org"}},{"type":"Feature","geometry":{"type":"Point","coordinates":[-111.945806,40.841675]},"properties":{"brand":"Flock Safety","operator":"","surveillanceZone":"traffic","direction":10,"source":"flocksurveillance.org"}},{"type":"Feature","geometry":{"type":"Point","coordinates":[-112.026002,41.191323]},"properties":{"brand":"Flock Safety","operator":"","surveillanceZone":"traffic","direction":294.7,"source":"flocksurveillance.org"}},{"type":"Feature","geometry":{"type":"Point","coordinates":[-112.002975,41.30914]},"properties":{"brand":"Flock Safety","operator":"","surveillanceZone":"traffic","direction":115.1,"source":"flocksurveillance.org"}},{"type":"Feature","geometry":{"type":"Point","coordinates":[-111.991979,41.306735]},"properties":{"brand":"Flock Safety","operator":"","surveillanceZone":"traffic","direction":109.4,"source":"flocksurveillance.org"}},{"type":"Feature","geometry":{"type":"Point","coordinates":[-112.025869,41.334131]},"properties":{"brand":"Flock Safety","operator":"","surveillanceZone":"traffic","direction":5,"source":"flocksurveillance.org"}},{"type":"Feature","geometry":{"type":"Point","coordinates":[-112.003334,41.304625]},"properties":{"brand":"Flock Safety","operator":"","surveillanceZone":"traffic","direction":161.9,"source":"flocksurveillance.org"}},{"type":"Feature","geometry":{"type":"Point","coordinates":[-112.007447,41.306719]},"properties":{"brand":"Flock Safety","operator":"","surveillanceZone":"traffic","direction":36.3,"source":"flocksurveillance.org"}},{"type":"Feature","geometry":{"type":"Point","coordinates":[-112.004579,41.305426]},"properties":{"brand":"Flock Safety","operator":"","surveillanceZone":"traffic","direction":346.1,"source":"flocksurveillance.org"}},{"type":"Feature","geometry":{"type":"Point","coordinates":[-112.027732,41.335602]},"properties":{"brand":"Flock Safety","operator":"","surveillanceZone":"traffic","direction":343.5,"source":"flocksurveillance.org"}},{"type":"Feature","geometry":{"type":"Point","coordinates":[-112.036815,41.139977]},"properties":{"brand":"Flock Safety","operator":"","surveillanceZone":"traffic","direction":199.8,"source":"flocksurveillance.org"}},{"type":"Feature","geometry":{"type":"Point","coordinates":[-111.855925,40.609667]},"properties":{"brand":"Flock Safety","operator":"","surveillanceZone":"traffic","direction":null,"source":"flocksurveillance.org"}},{"type":"Feature","geometry":{"type":"Point","coordinates":[-111.872479,40.609629]},"properties":{"brand":"Flock Safety","operator":"","surveillanceZone":"traffic","direction":null,"source":"flocksurveillance.org"}},{"type":"Feature","geometry":{"type":"Point","coordinates":[-111.942947,41.507135]},"properties":{"brand":"Flock Safety","operator":"","surveillanceZone":"traffic","direction":null,"source":"flocksurveillance.org"}},{"type":"Feature","geometry":{"type":"Point","coordinates":[-111.928905,40.687078]},"properties":{"brand":"Flock Safety","operator":"","surveillanceZone":"traffic","direction":null,"source":"flocksurveillance.org"}},{"type":"Feature","geometry":{"type":"Point","coordinates":[-111.67217,40.266354]},"properties":{"brand":"Flock Safety","operator":"","surveillanceZone":"traffic","direction":328,"source":"flocksurveillance.org"}},{"type":"Feature","geometry":{"type":"Point","coordinates":[-111.767319,40.35081]},"properties":{"brand":"Flock Safety","operator":"","surveillanceZone":"traffic","direction":67.9,"source":"flocksurveillance.org"}},{"type":"Feature","geometry":{"type":"Point","coordinates":[-111.773257,40.410202]},"properties":{"brand":"Flock Safety","operator":"","surveillanceZone":"traffic","direction":121.3,"source":"flocksurveillance.org"}},{"type":"Feature","geometry":{"type":"Point","coordinates":[-111.701491,40.253225]},"properties":{"brand":"Flock Safety","operator":"","surveillanceZone":"traffic","direction":84.4,"source":"flocksurveillance.org"}},{"type":"Feature","geometry":{"type":"Point","coordinates":[-111.700868,40.253134]},"properties":{"brand":"Flock Safety","operator":"","surveillanceZone":"traffic","direction":80.9,"source":"flocksurveillance.org"}},{"type":"Feature","geometry":{"type":"Point","coordinates":[-111.701422,40.254371]},"properties":{"brand":"Flock Safety","operator":"","surveillanceZone":"traffic","direction":263.1,"source":"flocksurveillance.org"}},{"type":"Feature","geometry":{"type":"Point","coordinates":[-111.701491,40.253225]},"properties":{"brand":"Flock Safety","operator":"","surveillanceZone":"traffic","direction":84.4,"source":"flocksurveillance.org"}},{"type":"Feature","geometry":{"type":"Point","coordinates":[-111.700868,40.253134]},"properties":{"brand":"Flock Safety","operator":"","surveillanceZone":"traffic","direction":80.9,"source":"flocksurveillance.org"}},{"type":"Feature","geometry":{"type":"Point","coordinates":[-111.701422,40.254371]},"properties":{"brand":"Flock Safety","operator":"","surveillanceZone":"traffic","direction":263.1,"source":"flocksurveillance.org"}},{"type":"Feature","geometry":{"type":"Point","coordinates":[-111.701422,40.254371]},"properties":{"brand":"Flock Safety","operator":"","surveillanceZone":"traffic","direction":337.7,"source":"flocksurveillance.org"}},{"type":"Feature","geometry":{"type":"Point","coordinates":[-111.828688,40.377402]},"properties":{"brand":"Flock Safety","operator":"","surveillanceZone":"traffic","direction":null,"source":"flocksurveillance.org"}},{"type":"Feature","geometry":{"type":"Point","coordinates":[-111.83243,40.388129]},"properties":{"brand":"Flock Safety","operator":"","surveillanceZone":"traffic","direction":null,"source":"flocksurveillance.org"}},{"type":"Feature","geometry":{"type":"Point","coordinates":[-111.83562,40.388388]},"properties":{"brand":"Flock Safety","operator":"","surveillanceZone":"traffic","direction":null,"source":"flocksurveillance.org"}},{"type":"Feature","geometry":{"type":"Point","coordinates":[-111.927318,40.427004]},"properties":{"brand":"Flock Safety","operator":"","surveillanceZone":"traffic","direction":null,"source":"flocksurveillance.org"}},{"type":"Feature","geometry":{"type":"Point","coordinates":[-111.827936,40.43222]},"properties":{"brand":"Flock Safety","operator":"","surveillanceZone":"traffic","direction":null,"source":"flocksurveillance.org"}},{"type":"Feature","geometry":{"type":"Point","coordinates":[-111.873728,40.413408]},"properties":{"brand":"Flock Safety","operator":"","surveillanceZone":"traffic","direction":null,"source":"flocksurveillance.org"}},{"type":"Feature","geometry":{"type":"Point","coordinates":[-111.828688,40.377402]},"properties":{"brand":"Flock Safety","operator":"","surveillanceZone":"traffic","direction":174.8,"source":"flocksurveillance.org"}},{"type":"Feature","geometry":{"type":"Point","coordinates":[-111.868594,40.414752]},"properties":{"brand":"Flock Safety","operator":"","surveillanceZone":"traffic","direction":128.7,"source":"flocksurveillance.org"}},{"type":"Feature","geometry":{"type":"Point","coordinates":[-111.827125,40.38907]},"properties":{"brand":"Flock Safety","operator":"","surveillanceZone":"traffic","direction":175.7,"source":"flocksurveillance.org"}},{"type":"Feature","geometry":{"type":"Point","coordinates":[-111.83243,40.388129]},"properties":{"brand":"Flock Safety","operator":"","surveillanceZone":"traffic","direction":17.6,"source":"flocksurveillance.org"}},{"type":"Feature","geometry":{"type":"Point","coordinates":[-111.83562,40.388388]},"properties":{"brand":"Flock Safety","operator":"","surveillanceZone":"traffic","direction":195.9,"source":"flocksurveillance.org"}},{"type":"Feature","geometry":{"type":"Point","coordinates":[-111.83562,40.388388]},"properties":{"brand":"Flock Safety","operator":"","surveillanceZone":"traffic","direction":137.2,"source":"flocksurveillance.org"}},{"type":"Feature","geometry":{"type":"Point","coordinates":[-111.922066,40.412549]},"properties":{"brand":"Flock Safety","operator":"","surveillanceZone":"traffic","direction":22.2,"source":"flocksurveillance.org"}},{"type":"Feature","geometry":{"type":"Point","coordinates":[-111.927318,40.427004]},"properties":{"brand":"Flock Safety","operator":"","surveillanceZone":"traffic","direction":306.9,"source":"flocksurveillance.org"}},{"type":"Feature","geometry":{"type":"Point","coordinates":[-111.827936,40.43222]},"properties":{"brand":"Flock Safety","operator":"","surveillanceZone":"traffic","direction":193.4,"source":"flocksurveillance.org"}},{"type":"Feature","geometry":{"type":"Point","coordinates":[-111.827936,40.43222]},"properties":{"brand":"Flock Safety","operator":"","surveillanceZone":"traffic","direction":155.3,"source":"flocksurveillance.org"}},{"type":"Feature","geometry":{"type":"Point","coordinates":[-111.902756,40.375455]},"properties":{"brand":"Flock Safety","operator":"","surveillanceZone":"traffic","direction":54.7,"source":"flocksurveillance.org"}},{"type":"Feature","geometry":{"type":"Point","coordinates":[-111.873728,40.413408]},"properties":{"brand":"Flock Safety","operator":"","surveillanceZone":"traffic","direction":198.8,"source":"flocksurveillance.org"}},{"type":"Feature","geometry":{"type":"Point","coordinates":[-111.866926,40.411082]},"properties":{"brand":"Flock Safety","operator":"","surveillanceZone":"traffic","direction":345.2,"source":"flocksurveillance.org"}},{"type":"Feature","geometry":{"type":"Point","coordinates":[-111.886341,40.431366]},"properties":{"brand":"Flock Safety","operator":"","surveillanceZone":"traffic","direction":null,"source":"flocksurveillance.org"}},{"type":"Feature","geometry":{"type":"Point","coordinates":[-111.886341,40.431366]},"properties":{"brand":"Flock Safety","operator":"","surveillanceZone":"traffic","direction":18.5,"source":"flocksurveillance.org"}},{"type":"Feature","geometry":{"type":"Point","coordinates":[-111.886341,40.431366]},"properties":{"brand":"Flock Safety","operator":"","surveillanceZone":"traffic","direction":19.5,"source":"flocksurveillance.org"}},{"type":"Feature","geometry":{"type":"Point","coordinates":[-111.977814,41.073586]},"properties":{"brand":"Flock Safety","operator":"","surveillanceZone":"traffic","direction":null,"source":"flocksurveillance.org"}},{"type":"Feature","geometry":{"type":"Point","coordinates":[-111.975568,41.074286]},"properties":{"brand":"Flock Safety","operator":"","surveillanceZone":"traffic","direction":null,"source":"flocksurveillance.org"}},{"type":"Feature","geometry":{"type":"Point","coordinates":[-111.993592,41.089366]},"properties":{"brand":"Flock Safety","operator":"","surveillanceZone":"traffic","direction":null,"source":"flocksurveillance.org"}},{"type":"Feature","geometry":{"type":"Point","coordinates":[-111.988807,41.089076]},"properties":{"brand":"Flock Safety","operator":"","surveillanceZone":"traffic","direction":null,"source":"flocksurveillance.org"}},{"type":"Feature","geometry":{"type":"Point","coordinates":[-111.915998,41.107994]},"properties":{"brand":"Flock Safety","operator":"","surveillanceZone":"traffic","direction":210.4,"source":"flocksurveillance.org"}},{"type":"Feature","geometry":{"type":"Point","coordinates":[-111.977814,41.073586]},"properties":{"brand":"Flock Safety","operator":"","surveillanceZone":"traffic","direction":251.3,"source":"flocksurveillance.org"}},{"type":"Feature","geometry":{"type":"Point","coordinates":[-111.985291,41.103422]},"properties":{"brand":"Flock Safety","operator":"","surveillanceZone":"traffic","direction":18.7,"source":"flocksurveillance.org"}},{"type":"Feature","geometry":{"type":"Point","coordinates":[-111.912081,41.092243]},"properties":{"brand":"Flock Safety","operator":"","surveillanceZone":"traffic","direction":205.5,"source":"flocksurveillance.org"}},{"type":"Feature","geometry":{"type":"Point","coordinates":[-111.9123,41.07745]},"properties":{"brand":"Flock Safety","operator":"","surveillanceZone":"traffic","direction":210,"source":"flocksurveillance.org"}},{"type":"Feature","geometry":{"type":"Point","coordinates":[-111.960668,41.059999]},"properties":{"brand":"Flock Safety","operator":"","surveillanceZone":"traffic","direction":14.7,"source":"flocksurveillance.org"}},{"type":"Feature","geometry":{"type":"Point","coordinates":[-111.975568,41.074286]},"properties":{"brand":"Flock Safety","operator":"","surveillanceZone":"traffic","direction":53.9,"source":"flocksurveillance.org"}},{"type":"Feature","geometry":{"type":"Point","coordinates":[-111.993592,41.089366]},"properties":{"brand":"Flock Safety","operator":"","surveillanceZone":"traffic","direction":192.7,"source":"flocksurveillance.org"}},{"type":"Feature","geometry":{"type":"Point","coordinates":[-111.988807,41.089076]},"properties":{"brand":"Flock Safety","operator":"","surveillanceZone":"traffic","direction":18.5,"source":"flocksurveillance.org"}},{"type":"Feature","geometry":{"type":"Point","coordinates":[-111.988807,41.089076]},"properties":{"brand":"Flock Safety","operator":"","surveillanceZone":"traffic","direction":22.2,"source":"flocksurveillance.org"}},{"type":"Feature","geometry":{"type":"Point","coordinates":[-111.91377,41.066198]},"properties":{"brand":"Flock Safety","operator":"","surveillanceZone":"traffic","direction":201.6,"source":"flocksurveillance.org"}},{"type":"Feature","geometry":{"type":"Point","coordinates":[-111.396271,38.297337]},"properties":{"brand":"Flock Safety","operator":"","surveillanceZone":"traffic","direction":202.3,"source":"flocksurveillance.org"}},{"type":"Feature","geometry":{"type":"Point","coordinates":[-111.447669,38.301161]},"properties":{"brand":"Flock Safety","operator":"","surveillanceZone":"traffic","direction":356,"source":"flocksurveillance.org"}},{"type":"Feature","geometry":{"type":"Point","coordinates":[-110.71041,38.374274]},"properties":{"brand":"Flock Safety","operator":"","surveillanceZone":"traffic","direction":null,"source":"flocksurveillance.org"}},{"type":"Feature","geometry":{"type":"Point","coordinates":[-111.418986,38.299133]},"properties":{"brand":"Flock Safety","operator":"","surveillanceZone":"traffic","direction":null,"source":"flocksurveillance.org"}},{"type":"Feature","geometry":{"type":"Point","coordinates":[-111.64267,38.402535]},"properties":{"brand":"Flock Safety","operator":"","surveillanceZone":"traffic","direction":null,"source":"flocksurveillance.org"}},{"type":"Feature","geometry":{"type":"Point","coordinates":[-110.71041,38.374274]},"properties":{"brand":"Flock Safety","operator":"","surveillanceZone":"traffic","direction":92.2,"source":"flocksurveillance.org"}},{"type":"Feature","geometry":{"type":"Point","coordinates":[-111.418986,38.299133]},"properties":{"brand":"Flock Safety","operator":"","surveillanceZone":"traffic","direction":314.9,"source":"flocksurveillance.org"}},{"type":"Feature","geometry":{"type":"Point","coordinates":[-111.64267,38.402535]},"properties":{"brand":"Flock Safety","operator":"","surveillanceZone":"traffic","direction":254.3,"source":"flocksurveillance.org"}},{"type":"Feature","geometry":{"type":"Point","coordinates":[-111.818171,38.449107]},"properties":{"brand":"Flock Safety","operator":"","surveillanceZone":"traffic","direction":358.4,"source":"flocksurveillance.org"}},{"type":"Feature","geometry":{"type":"Point","coordinates":[-111.579054,38.469579]},"properties":{"brand":"Flock Safety","operator":"","surveillanceZone":"traffic","direction":194.2,"source":"flocksurveillance.org"}},{"type":"Feature","geometry":{"type":"Point","coordinates":[-111.460831,38.273169]},"properties":{"brand":"Flock Safety","operator":"","surveillanceZone":"traffic","direction":161,"source":"flocksurveillance.org"}},{"type":"Feature","geometry":{"type":"Point","coordinates":[-111.396529,38.297143]},"properties":{"brand":"Flock Safety","operator":"","surveillanceZone":"traffic","direction":23.7,"source":"flocksurveillance.org"}},{"type":"Feature","geometry":{"type":"Point","coordinates":[-112.34685,38.947976]},"properties":{"brand":"Flock Safety","operator":"","surveillanceZone":"traffic","direction":null,"source":"flocksurveillance.org"}},{"type":"Feature","geometry":{"type":"Point","coordinates":[-112.595671,39.418114]},"properties":{"brand":"Flock Safety","operator":"","surveillanceZone":"traffic","direction":null,"source":"flocksurveillance.org"}},{"type":"Feature","geometry":{"type":"Point","coordinates":[-112.502339,39.353366]},"properties":{"brand":"Flock Safety","operator":"","surveillanceZone":"traffic","direction":200.9,"source":"flocksurveillance.org"}},{"type":"Feature","geometry":{"type":"Point","coordinates":[-112.506141,38.603367]},"properties":{"brand":"Flock Safety","operator":"","surveillanceZone":"traffic","direction":119.2,"source":"flocksurveillance.org"}},{"type":"Feature","geometry":{"type":"Point","coordinates":[-112.041991,39.054164]},"properties":{"brand":"Flock Safety","operator":"","surveillanceZone":"traffic","direction":107.3,"source":"flocksurveillance.org"}},{"type":"Feature","geometry":{"type":"Point","coordinates":[-112.096652,39.272523]},"properties":{"brand":"Flock Safety","operator":"","surveillanceZone":"traffic","direction":270,"source":"flocksurveillance.org"}},{"type":"Feature","geometry":{"type":"Point","coordinates":[-112.56415,39.352543]},"properties":{"brand":"Flock Safety","operator":"","surveillanceZone":"traffic","direction":205,"source":"flocksurveillance.org"}},{"type":"Feature","geometry":{"type":"Point","coordinates":[-112.561953,39.352319]},"properties":{"brand":"Flock Safety","operator":"","surveillanceZone":"traffic","direction":29.9,"source":"flocksurveillance.org"}},{"type":"Feature","geometry":{"type":"Point","coordinates":[-112.496734,39.352145]},"properties":{"brand":"Flock Safety","operator":"","surveillanceZone":"traffic","direction":302.7,"source":"flocksurveillance.org"}},{"type":"Feature","geometry":{"type":"Point","coordinates":[-112.372092,39.523533]},"properties":{"brand":"Flock Safety","operator":"","surveillanceZone":"traffic","direction":288.8,"source":"flocksurveillance.org"}},{"type":"Feature","geometry":{"type":"Point","coordinates":[-112.716676,39.330725]},"properties":{"brand":"Flock Safety","operator":"","surveillanceZone":"traffic","direction":21.4,"source":"flocksurveillance.org"}},{"type":"Feature","geometry":{"type":"Point","coordinates":[-112.34685,38.947976]},"properties":{"brand":"Flock Safety","operator":"","surveillanceZone":"traffic","direction":43.3,"source":"flocksurveillance.org"}},{"type":"Feature","geometry":{"type":"Point","coordinates":[-112.34685,38.947976]},"properties":{"brand":"Flock Safety","operator":"","surveillanceZone":"traffic","direction":55.1,"source":"flocksurveillance.org"}},{"type":"Feature","geometry":{"type":"Point","coordinates":[-112.595671,39.418114]},"properties":{"brand":"Flock Safety","operator":"","surveillanceZone":"traffic","direction":249.5,"source":"flocksurveillance.org"}},{"type":"Feature","geometry":{"type":"Point","coordinates":[-112.595671,39.418114]},"properties":{"brand":"Flock Safety","operator":"","surveillanceZone":"traffic","direction":109.1,"source":"flocksurveillance.org"}},{"type":"Feature","geometry":{"type":"Point","coordinates":[-112.323144,38.989365]},"properties":{"brand":"Flock Safety","operator":"","surveillanceZone":"traffic","direction":280.8,"source":"flocksurveillance.org"}},{"type":"Feature","geometry":{"type":"Point","coordinates":[-112.717454,39.330793]},"properties":{"brand":"Flock Safety","operator":"","surveillanceZone":"traffic","direction":207,"source":"flocksurveillance.org"}},{"type":"Feature","geometry":{"type":"Point","coordinates":[-112.603324,38.573026]},"properties":{"brand":"Flock Safety","operator":"","surveillanceZone":"traffic","direction":108.3,"source":"flocksurveillance.org"}},{"type":"Feature","geometry":{"type":"Point","coordinates":[-111.953164,40.78166]},"properties":{"brand":"Flock Safety","operator":"","surveillanceZone":"traffic","direction":189.5,"source":"flocksurveillance.org"}},{"type":"Feature","geometry":{"type":"Point","coordinates":[-111.953173,40.779939]},"properties":{"brand":"Flock Safety","operator":"","surveillanceZone":"traffic","direction":275.5,"source":"flocksurveillance.org"}},{"type":"Feature","geometry":{"type":"Point","coordinates":[-111.953292,40.780505]},"properties":{"brand":"Flock Safety","operator":"","surveillanceZone":"traffic","direction":67.7,"source":"flocksurveillance.org"}},{"type":"Feature","geometry":{"type":"Point","coordinates":[-111.773251,40.40865]},"properties":{"brand":"Flock Safety","operator":"","surveillanceZone":"traffic","direction":118.4,"source":"flocksurveillance.org"}},{"type":"Feature","geometry":{"type":"Point","coordinates":[-111.773251,40.40865]},"properties":{"brand":"Flock Safety","operator":"","surveillanceZone":"traffic","direction":null,"source":"flocksurveillance.org"}},{"type":"Feature","geometry":{"type":"Point","coordinates":[-112.143239,41.72686]},"properties":{"brand":"Flock Safety","operator":"","surveillanceZone":"traffic","direction":null,"source":"flocksurveillance.org"}},{"type":"Feature","geometry":{"type":"Point","coordinates":[-112.180402,41.697262]},"properties":{"brand":"Flock Safety","operator":"","surveillanceZone":"traffic","direction":null,"source":"flocksurveillance.org"}},{"type":"Feature","geometry":{"type":"Point","coordinates":[-112.149568,41.741585]},"properties":{"brand":"Flock Safety","operator":"","surveillanceZone":"traffic","direction":null,"source":"flocksurveillance.org"}},{"type":"Feature","geometry":{"type":"Point","coordinates":[-112.161893,41.697452]},"properties":{"brand":"Flock Safety","operator":"","surveillanceZone":"traffic","direction":null,"source":"flocksurveillance.org"}},{"type":"Feature","geometry":{"type":"Point","coordinates":[-112.19345,41.725732]},"properties":{"brand":"Flock Safety","operator":"","surveillanceZone":"traffic","direction":null,"source":"flocksurveillance.org"}},{"type":"Feature","geometry":{"type":"Point","coordinates":[-112.203242,41.710769]},"properties":{"brand":"Flock Safety","operator":"","surveillanceZone":"traffic","direction":null,"source":"flocksurveillance.org"}},{"type":"Feature","geometry":{"type":"Point","coordinates":[-112.191585,41.725595]},"properties":{"brand":"Flock Safety","operator":"","surveillanceZone":"traffic","direction":null,"source":"flocksurveillance.org"}},{"type":"Feature","geometry":{"type":"Point","coordinates":[-112.16295,41.748465]},"properties":{"brand":"Flock Safety","operator":"","surveillanceZone":"traffic","direction":null,"source":"flocksurveillance.org"}},{"type":"Feature","geometry":{"type":"Point","coordinates":[-112.225435,41.723166]},"properties":{"brand":"Flock Safety","operator":"","surveillanceZone":"traffic","direction":null,"source":"flocksurveillance.org"}},{"type":"Feature","geometry":{"type":"Point","coordinates":[-112.143818,41.71239]},"properties":{"brand":"Flock Safety","operator":"","surveillanceZone":"traffic","direction":null,"source":"flocksurveillance.org"}},{"type":"Feature","geometry":{"type":"Point","coordinates":[-112.149568,41.741585]},"properties":{"brand":"Flock Safety","operator":"","surveillanceZone":"traffic","direction":194.4,"source":"flocksurveillance.org"}},{"type":"Feature","geometry":{"type":"Point","coordinates":[-112.16295,41.748465]},"properties":{"brand":"Flock Safety","operator":"","surveillanceZone":"traffic","direction":290.8,"source":"flocksurveillance.org"}},{"type":"Feature","geometry":{"type":"Point","coordinates":[-112.180402,41.697262]},"properties":{"brand":"Flock Safety","operator":"","surveillanceZone":"traffic","direction":113.6,"source":"flocksurveillance.org"}},{"type":"Feature","geometry":{"type":"Point","coordinates":[-112.225435,41.723166]},"properties":{"brand":"Flock Safety","operator":"","surveillanceZone":"traffic","direction":22,"source":"flocksurveillance.org"}},{"type":"Feature","geometry":{"type":"Point","coordinates":[-112.203242,41.710769]},"properties":{"brand":"Flock Safety","operator":"","surveillanceZone":"traffic","direction":10.9,"source":"flocksurveillance.org"}},{"type":"Feature","geometry":{"type":"Point","coordinates":[-112.191585,41.725595]},"properties":{"brand":"Flock Safety","operator":"","surveillanceZone":"traffic","direction":14.2,"source":"flocksurveillance.org"}},{"type":"Feature","geometry":{"type":"Point","coordinates":[-112.143818,41.71239]},"properties":{"brand":"Flock Safety","operator":"","surveillanceZone":"traffic","direction":194.7,"source":"flocksurveillance.org"}},{"type":"Feature","geometry":{"type":"Point","coordinates":[-112.19345,41.725732]},"properties":{"brand":"Flock Safety","operator":"","surveillanceZone":"traffic","direction":189.6,"source":"flocksurveillance.org"}},{"type":"Feature","geometry":{"type":"Point","coordinates":[-112.161893,41.697452]},"properties":{"brand":"Flock Safety","operator":"","surveillanceZone":"traffic","direction":192.6,"source":"flocksurveillance.org"}},{"type":"Feature","geometry":{"type":"Point","coordinates":[-112.143239,41.72686]},"properties":{"brand":"Flock Safety","operator":"","surveillanceZone":"traffic","direction":192.5,"source":"flocksurveillance.org"}},{"type":"Feature","geometry":{"type":"Point","coordinates":[-111.511635,40.03045]},"properties":{"brand":"Flock Safety","operator":"","surveillanceZone":"traffic","direction":null,"source":"flocksurveillance.org"}},{"type":"Feature","geometry":{"type":"Point","coordinates":[-111.504575,40.028919]},"properties":{"brand":"Flock Safety","operator":"","surveillanceZone":"traffic","direction":null,"source":"flocksurveillance.org"}},{"type":"Feature","geometry":{"type":"Point","coordinates":[-111.504575,40.028919]},"properties":{"brand":"Flock Safety","operator":"","surveillanceZone":"traffic","direction":169.4,"source":"flocksurveillance.org"}},{"type":"Feature","geometry":{"type":"Point","coordinates":[-111.511635,40.03045]},"properties":{"brand":"Flock Safety","operator":"","surveillanceZone":"traffic","direction":341.7,"source":"flocksurveillance.org"}},{"type":"Feature","geometry":{"type":"Point","coordinates":[-111.504575,40.028919]},"properties":{"brand":"Flock Safety","operator":"","surveillanceZone":"traffic","direction":180.1,"source":"flocksurveillance.org"}},{"type":"Feature","geometry":{"type":"Point","coordinates":[-111.818171,38.449107]},"properties":{"brand":"Flock Safety","operator":"","surveillanceZone":"traffic","direction":null,"source":"flocksurveillance.org"}},{"type":"Feature","geometry":{"type":"Point","coordinates":[-111.579054,38.469579]},"properties":{"brand":"Flock Safety","operator":"","surveillanceZone":"traffic","direction":null,"source":"flocksurveillance.org"}},{"type":"Feature","geometry":{"type":"Point","coordinates":[-111.556173,38.344559]},"properties":{"brand":"Flock Safety","operator":"","surveillanceZone":"traffic","direction":null,"source":"flocksurveillance.org"}},{"type":"Feature","geometry":{"type":"Point","coordinates":[-111.447669,38.301161]},"properties":{"brand":"Flock Safety","operator":"","surveillanceZone":"traffic","direction":null,"source":"flocksurveillance.org"}},{"type":"Feature","geometry":{"type":"Point","coordinates":[-111.396529,38.297143]},"properties":{"brand":"Flock Safety","operator":"","surveillanceZone":"traffic","direction":null,"source":"flocksurveillance.org"}},{"type":"Feature","geometry":{"type":"Point","coordinates":[-111.538281,38.336748]},"properties":{"brand":"Flock Safety","operator":"","surveillanceZone":"traffic","direction":null,"source":"flocksurveillance.org"}},{"type":"Feature","geometry":{"type":"Point","coordinates":[-111.396271,38.297337]},"properties":{"brand":"Flock Safety","operator":"","surveillanceZone":"traffic","direction":null,"source":"flocksurveillance.org"}},{"type":"Feature","geometry":{"type":"Point","coordinates":[-111.633925,40.246917]},"properties":{"brand":"Flock Safety","operator":"","surveillanceZone":"traffic","direction":null,"source":"flocksurveillance.org"}},{"type":"Feature","geometry":{"type":"Point","coordinates":[-111.633911,40.24692]},"properties":{"brand":"Flock Safety","operator":"","surveillanceZone":"traffic","direction":null,"source":"flocksurveillance.org"}},{"type":"Feature","geometry":{"type":"Point","coordinates":[-111.634,40.246831]},"properties":{"brand":"Flock Safety","operator":"","surveillanceZone":"traffic","direction":null,"source":"flocksurveillance.org"}},{"type":"Feature","geometry":{"type":"Point","coordinates":[-111.633916,40.246721]},"properties":{"brand":"Flock Safety","operator":"","surveillanceZone":"traffic","direction":null,"source":"flocksurveillance.org"}},{"type":"Feature","geometry":{"type":"Point","coordinates":[-111.633904,40.246917]},"properties":{"brand":"Flock Safety","operator":"","surveillanceZone":"traffic","direction":null,"source":"flocksurveillance.org"}},{"type":"Feature","geometry":{"type":"Point","coordinates":[-111.67217,40.266354]},"properties":{"brand":"Flock Safety","operator":"","surveillanceZone":"traffic","direction":null,"source":"flocksurveillance.org"}},{"type":"Feature","geometry":{"type":"Point","coordinates":[-112.11123,39.955972]},"properties":{"brand":"Flock Safety","operator":"","surveillanceZone":"traffic","direction":null,"source":"flocksurveillance.org"}},{"type":"Feature","geometry":{"type":"Point","coordinates":[-111.571322,37.00009]},"properties":{"brand":"Flock Safety","operator":"","surveillanceZone":"traffic","direction":null,"source":"flocksurveillance.org"}},{"type":"Feature","geometry":{"type":"Point","coordinates":[-111.571322,37.00009]},"properties":{"brand":"Flock Safety","operator":"","surveillanceZone":"traffic","direction":332.1,"source":"flocksurveillance.org"}},{"type":"Feature","geometry":{"type":"Point","coordinates":[-111.982612,41.184835]},"properties":{"brand":"Flock Safety","operator":"","surveillanceZone":"traffic","direction":null,"source":"flocksurveillance.org"}},{"type":"Feature","geometry":{"type":"Point","coordinates":[-112.00861,41.175522]},"properties":{"brand":"Flock Safety","operator":"","surveillanceZone":"traffic","direction":null,"source":"flocksurveillance.org"}},{"type":"Feature","geometry":{"type":"Point","coordinates":[-112.013326,41.173386]},"properties":{"brand":"Flock Safety","operator":"","surveillanceZone":"traffic","direction":null,"source":"flocksurveillance.org"}},{"type":"Feature","geometry":{"type":"Point","coordinates":[-112.021592,41.164187]},"properties":{"brand":"Flock Safety","operator":"","surveillanceZone":"traffic","direction":null,"source":"flocksurveillance.org"}},{"type":"Feature","geometry":{"type":"Point","coordinates":[-112.019208,41.1714]},"properties":{"brand":"Flock Safety","operator":"","surveillanceZone":"traffic","direction":null,"source":"flocksurveillance.org"}},{"type":"Feature","geometry":{"type":"Point","coordinates":[-112.013326,41.173386]},"properties":{"brand":"Flock Safety","operator":"","surveillanceZone":"traffic","direction":46.9,"source":"flocksurveillance.org"}},{"type":"Feature","geometry":{"type":"Point","coordinates":[-112.00861,41.175522]},"properties":{"brand":"Flock Safety","operator":"","surveillanceZone":"traffic","direction":211.8,"source":"flocksurveillance.org"}},{"type":"Feature","geometry":{"type":"Point","coordinates":[-112.021592,41.164187]},"properties":{"brand":"Flock Safety","operator":"","surveillanceZone":"traffic","direction":273.7,"source":"flocksurveillance.org"}},{"type":"Feature","geometry":{"type":"Point","coordinates":[-112.019208,41.1714]},"properties":{"brand":"Flock Safety","operator":"","surveillanceZone":"traffic","direction":237,"source":"flocksurveillance.org"}},{"type":"Feature","geometry":{"type":"Point","coordinates":[-111.982612,41.184835]},"properties":{"brand":"Flock Safety","operator":"","surveillanceZone":"traffic","direction":233.4,"source":"flocksurveillance.org"}},{"type":"Feature","geometry":{"type":"Point","coordinates":[-109.30605,37.261449]},"properties":{"brand":"Flock Safety","operator":"","surveillanceZone":"traffic","direction":0.4,"source":"flocksurveillance.org"}},{"type":"Feature","geometry":{"type":"Point","coordinates":[-109.306016,37.261881]},"properties":{"brand":"Flock Safety","operator":"","surveillanceZone":"traffic","direction":null,"source":"flocksurveillance.org"}},{"type":"Feature","geometry":{"type":"Point","coordinates":[-109.306016,37.261881]},"properties":{"brand":"Flock Safety","operator":"","surveillanceZone":"traffic","direction":80.4,"source":"flocksurveillance.org"}},{"type":"Feature","geometry":{"type":"Point","coordinates":[-109.306548,37.261432]},"properties":{"brand":"Flock Safety","operator":"","surveillanceZone":"traffic","direction":null,"source":"flocksurveillance.org"}},{"type":"Feature","geometry":{"type":"Point","coordinates":[-109.306548,37.261432]},"properties":{"brand":"Flock Safety","operator":"","surveillanceZone":"traffic","direction":271.3,"source":"flocksurveillance.org"}},{"type":"Feature","geometry":{"type":"Point","coordinates":[-109.090943,37.297771]},"properties":{"brand":"Flock Safety","operator":"","surveillanceZone":"traffic","direction":null,"source":"flocksurveillance.org"}},{"type":"Feature","geometry":{"type":"Point","coordinates":[-109.090943,37.297771]},"properties":{"brand":"Flock Safety","operator":"","surveillanceZone":"traffic","direction":143.6,"source":"flocksurveillance.org"}},{"type":"Feature","geometry":{"type":"Point","coordinates":[-109.047351,37.329136]},"properties":{"brand":"Flock Safety","operator":"","surveillanceZone":"traffic","direction":null,"source":"flocksurveillance.org"}},{"type":"Feature","geometry":{"type":"Point","coordinates":[-109.047351,37.329136]},"properties":{"brand":"Flock Safety","operator":"","surveillanceZone":"traffic","direction":239.9,"source":"flocksurveillance.org"}},{"type":"Feature","geometry":{"type":"Point","coordinates":[-109.046065,37.329173]},"properties":{"brand":"Flock Safety","operator":"","surveillanceZone":"traffic","direction":null,"source":"flocksurveillance.org"}},{"type":"Feature","geometry":{"type":"Point","coordinates":[-109.046065,37.329173]},"properties":{"brand":"Flock Safety","operator":"","surveillanceZone":"traffic","direction":37.3,"source":"flocksurveillance.org"}},{"type":"Feature","geometry":{"type":"Point","coordinates":[-109.045896,37.150469]},"properties":{"brand":"Flock Safety","operator":"","surveillanceZone":"traffic","direction":null,"source":"flocksurveillance.org"}},{"type":"Feature","geometry":{"type":"Point","coordinates":[-109.045896,37.150469]},"properties":{"brand":"Flock Safety","operator":"","surveillanceZone":"traffic","direction":144.2,"source":"flocksurveillance.org"}},{"type":"Feature","geometry":{"type":"Point","coordinates":[-109.045896,37.150469]},"properties":{"brand":"Flock Safety","operator":"","surveillanceZone":"traffic","direction":297.8,"source":"flocksurveillance.org"}},{"type":"Feature","geometry":{"type":"Point","coordinates":[-112.064386,41.126611]},"properties":{"brand":"Flock Safety","operator":"","surveillanceZone":"traffic","direction":113.7,"source":"flocksurveillance.org"}},{"type":"Feature","geometry":{"type":"Point","coordinates":[-111.642932,38.395232]},"properties":{"brand":"Flock Safety","operator":"","surveillanceZone":"traffic","direction":null,"source":"flocksurveillance.org"}},{"type":"Feature","geometry":{"type":"Point","coordinates":[-109.623822,37.265596]},"properties":{"brand":"Flock Safety","operator":"","surveillanceZone":"traffic","direction":null,"source":"flocksurveillance.org"}},{"type":"Feature","geometry":{"type":"Point","coordinates":[-109.625721,37.264985]},"properties":{"brand":"Flock Safety","operator":"","surveillanceZone":"traffic","direction":null,"source":"flocksurveillance.org"}},{"type":"Feature","geometry":{"type":"Point","coordinates":[-109.62762,37.265476]},"properties":{"brand":"Flock Safety","operator":"","surveillanceZone":"traffic","direction":null,"source":"flocksurveillance.org"}},{"type":"Feature","geometry":{"type":"Point","coordinates":[-109.623822,37.265596]},"properties":{"brand":"Flock Safety","operator":"","surveillanceZone":"traffic","direction":17.2,"source":"flocksurveillance.org"}},{"type":"Feature","geometry":{"type":"Point","coordinates":[-109.625721,37.264985]},"properties":{"brand":"Flock Safety","operator":"","surveillanceZone":"traffic","direction":293.2,"source":"flocksurveillance.org"}},{"type":"Feature","geometry":{"type":"Point","coordinates":[-109.62762,37.265476]},"properties":{"brand":"Flock Safety","operator":"","surveillanceZone":"traffic","direction":196.3,"source":"flocksurveillance.org"}},{"type":"Feature","geometry":{"type":"Point","coordinates":[-110.175076,37.00053]},"properties":{"brand":"Flock Safety","operator":"","surveillanceZone":"traffic","direction":null,"source":"flocksurveillance.org"}},{"type":"Feature","geometry":{"type":"Point","coordinates":[-110.170918,37.00335]},"properties":{"brand":"Flock Safety","operator":"","surveillanceZone":"traffic","direction":null,"source":"flocksurveillance.org"}},{"type":"Feature","geometry":{"type":"Point","coordinates":[-110.170918,37.00335]},"properties":{"brand":"Flock Safety","operator":"","surveillanceZone":"traffic","direction":4.1,"source":"flocksurveillance.org"}},{"type":"Feature","geometry":{"type":"Point","coordinates":[-110.175076,37.00053]},"properties":{"brand":"Flock Safety","operator":"","surveillanceZone":"traffic","direction":273.2,"source":"flocksurveillance.org"}},{"type":"Feature","geometry":{"type":"Point","coordinates":[-110.172644,37.005811]},"properties":{"brand":"Flock Safety","operator":"","surveillanceZone":"traffic","direction":null,"source":"flocksurveillance.org"}},{"type":"Feature","geometry":{"type":"Point","coordinates":[-110.172644,37.005811]},"properties":{"brand":"Flock Safety","operator":"","surveillanceZone":"traffic","direction":93.2,"source":"flocksurveillance.org"}},{"type":"Feature","geometry":{"type":"Point","coordinates":[-111.411541,40.519677]},"properties":{"brand":"Flock Safety","operator":"","surveillanceZone":"traffic","direction":288.4,"source":"flocksurveillance.org"}},{"type":"Feature","geometry":{"type":"Point","coordinates":[-112.949215,37.803526]},"properties":{"brand":"Flock Safety","operator":"","surveillanceZone":"traffic","direction":null,"source":"flocksurveillance.org"}},{"type":"Feature","geometry":{"type":"Point","coordinates":[-113.031459,37.903412]},"properties":{"brand":"Flock Safety","operator":"","surveillanceZone":"traffic","direction":null,"source":"flocksurveillance.org"}},{"type":"Feature","geometry":{"type":"Point","coordinates":[-112.836033,37.571987]},"properties":{"brand":"Flock Safety","operator":"","surveillanceZone":"traffic","direction":null,"source":"flocksurveillance.org"}},{"type":"Feature","geometry":{"type":"Point","coordinates":[-113.18505,37.531986]},"properties":{"brand":"Flock Safety","operator":"","surveillanceZone":"traffic","direction":null,"source":"flocksurveillance.org"}},{"type":"Feature","geometry":{"type":"Point","coordinates":[-112.825873,37.654436]},"properties":{"brand":"Flock Safety","operator":"","surveillanceZone":"traffic","direction":null,"source":"flocksurveillance.org"}},{"type":"Feature","geometry":{"type":"Point","coordinates":[-112.77521,37.907433]},"properties":{"brand":"Flock Safety","operator":"","surveillanceZone":"traffic","direction":null,"source":"flocksurveillance.org"}},{"type":"Feature","geometry":{"type":"Point","coordinates":[-112.77521,37.907433]},"properties":{"brand":"Flock Safety","operator":"","surveillanceZone":"traffic","direction":286.6,"source":"flocksurveillance.org"}},{"type":"Feature","geometry":{"type":"Point","coordinates":[-112.825873,37.654436]},"properties":{"brand":"Flock Safety","operator":"","surveillanceZone":"traffic","direction":34.8,"source":"flocksurveillance.org"}},{"type":"Feature","geometry":{"type":"Point","coordinates":[-112.949215,37.803526]},"properties":{"brand":"Flock Safety","operator":"","surveillanceZone":"traffic","direction":69.9,"source":"flocksurveillance.org"}},{"type":"Feature","geometry":{"type":"Point","coordinates":[-113.18505,37.531986]},"properties":{"brand":"Flock Safety","operator":"","surveillanceZone":"traffic","direction":43.3,"source":"flocksurveillance.org"}},{"type":"Feature","geometry":{"type":"Point","coordinates":[-113.031459,37.903412]},"properties":{"brand":"Flock Safety","operator":"","surveillanceZone":"traffic","direction":105.8,"source":"flocksurveillance.org"}},{"type":"Feature","geometry":{"type":"Point","coordinates":[-112.836033,37.571987]},"properties":{"brand":"Flock Safety","operator":"","surveillanceZone":"traffic","direction":19.3,"source":"flocksurveillance.org"}},{"type":"Feature","geometry":{"type":"Point","coordinates":[-110.868324,39.710721]},"properties":{"brand":"Flock Safety","operator":"","surveillanceZone":"traffic","direction":null,"source":"flocksurveillance.org"}},{"type":"Feature","geometry":{"type":"Point","coordinates":[-110.650063,39.548607]},"properties":{"brand":"Flock Safety","operator":"","surveillanceZone":"traffic","direction":null,"source":"flocksurveillance.org"}},{"type":"Feature","geometry":{"type":"Point","coordinates":[-110.650063,39.548607]},"properties":{"brand":"Flock Safety","operator":"","surveillanceZone":"traffic","direction":164,"source":"flocksurveillance.org"}},{"type":"Feature","geometry":{"type":"Point","coordinates":[-110.868324,39.710721]},"properties":{"brand":"Flock Safety","operator":"","surveillanceZone":"traffic","direction":258.5,"source":"flocksurveillance.org"}},{"type":"Feature","geometry":{"type":"Point","coordinates":[-112.331368,40.535851]},"properties":{"brand":"Flock Safety","operator":"","surveillanceZone":"traffic","direction":null,"source":"flocksurveillance.org"}},{"type":"Feature","geometry":{"type":"Point","coordinates":[-112.344039,40.547011]},"properties":{"brand":"Flock Safety","operator":"","surveillanceZone":"traffic","direction":null,"source":"flocksurveillance.org"}},{"type":"Feature","geometry":{"type":"Point","coordinates":[-112.344039,40.547011]},"properties":{"brand":"Flock Safety","operator":"","surveillanceZone":"traffic","direction":247.9,"source":"flocksurveillance.org"}},{"type":"Feature","geometry":{"type":"Point","coordinates":[-112.331368,40.535851]},"properties":{"brand":"Flock Safety","operator":"","surveillanceZone":"traffic","direction":225.9,"source":"flocksurveillance.org"}},{"type":"Feature","geometry":{"type":"Point","coordinates":[-111.571136,37.000187]},"properties":{"brand":"Flock Safety","operator":"","surveillanceZone":"traffic","direction":null,"source":"flocksurveillance.org"}},{"type":"Feature","geometry":{"type":"Point","coordinates":[-111.571136,37.000187]},"properties":{"brand":"Flock Safety","operator":"","surveillanceZone":"traffic","direction":147.9,"source":"flocksurveillance.org"}},{"type":"Feature","geometry":{"type":"Point","coordinates":[-112.294294,40.578743]},"properties":{"brand":"Flock Safety","operator":"","surveillanceZone":"traffic","direction":null,"source":"flocksurveillance.org"}},{"type":"Feature","geometry":{"type":"Point","coordinates":[-112.294294,40.578743]},"properties":{"brand":"Flock Safety","operator":"","surveillanceZone":"traffic","direction":285.3,"source":"flocksurveillance.org"}},{"type":"Feature","geometry":{"type":"Point","coordinates":[-111.460167,38.302484]},"properties":{"brand":"Flock Safety","operator":"","surveillanceZone":"traffic","direction":null,"source":"flocksurveillance.org"}},{"type":"Feature","geometry":{"type":"Point","coordinates":[-111.460167,38.302484]},"properties":{"brand":"Flock Safety","operator":"","surveillanceZone":"traffic","direction":14,"source":"flocksurveillance.org"}},{"type":"Feature","geometry":{"type":"Point","coordinates":[-111.986634,40.638671]},"properties":{"brand":"Flock Safety","operator":"","surveillanceZone":"traffic","direction":200.3,"source":"flocksurveillance.org"}},{"type":"Feature","geometry":{"type":"Point","coordinates":[-112.024471,40.664876]},"properties":{"brand":"Flock Safety","operator":"","surveillanceZone":"traffic","direction":121.9,"source":"flocksurveillance.org"}},{"type":"Feature","geometry":{"type":"Point","coordinates":[-111.781175,40.478559]},"properties":{"brand":"Flock Safety","operator":"","surveillanceZone":"traffic","direction":239.3,"source":"flocksurveillance.org"}},{"type":"Feature","geometry":{"type":"Point","coordinates":[-111.781122,40.478544]},"properties":{"brand":"Flock Safety","operator":"","surveillanceZone":"traffic","direction":52.3,"source":"flocksurveillance.org"}},{"type":"Feature","geometry":{"type":"Point","coordinates":[-112.050163,40.573283]},"properties":{"brand":"Flock Safety","operator":"","surveillanceZone":"traffic","direction":201.9,"source":"flocksurveillance.org"}},{"type":"Feature","geometry":{"type":"Point","coordinates":[-112.04699,41.190544]},"properties":{"brand":"Flock Safety","operator":"","surveillanceZone":"traffic","direction":null,"source":"flocksurveillance.org"}},{"type":"Feature","geometry":{"type":"Point","coordinates":[-111.976069,41.216356]},"properties":{"brand":"Flock Safety","operator":"","surveillanceZone":"traffic","direction":null,"source":"flocksurveillance.org"}},{"type":"Feature","geometry":{"type":"Point","coordinates":[-111.96518,41.211873]},"properties":{"brand":"Flock Safety","operator":"","surveillanceZone":"traffic","direction":null,"source":"flocksurveillance.org"}},{"type":"Feature","geometry":{"type":"Point","coordinates":[-111.962406,41.213151]},"properties":{"brand":"Flock Safety","operator":"","surveillanceZone":"traffic","direction":null,"source":"flocksurveillance.org"}},{"type":"Feature","geometry":{"type":"Point","coordinates":[-111.956833,41.211329]},"properties":{"brand":"Flock Safety","operator":"","surveillanceZone":"traffic","direction":null,"source":"flocksurveillance.org"}},{"type":"Feature","geometry":{"type":"Point","coordinates":[-111.967748,41.222583]},"properties":{"brand":"Flock Safety","operator":"","surveillanceZone":"traffic","direction":null,"source":"flocksurveillance.org"}},{"type":"Feature","geometry":{"type":"Point","coordinates":[-111.978763,41.220186]},"properties":{"brand":"Flock Safety","operator":"","surveillanceZone":"traffic","direction":null,"source":"flocksurveillance.org"}},{"type":"Feature","geometry":{"type":"Point","coordinates":[-111.978998,41.222655]},"properties":{"brand":"Flock Safety","operator":"","surveillanceZone":"traffic","direction":null,"source":"flocksurveillance.org"}},{"type":"Feature","geometry":{"type":"Point","coordinates":[-111.973495,41.218072]},"properties":{"brand":"Flock Safety","operator":"","surveillanceZone":"traffic","direction":null,"source":"flocksurveillance.org"}},{"type":"Feature","geometry":{"type":"Point","coordinates":[-111.965181,41.214215]},"properties":{"brand":"Flock Safety","operator":"","surveillanceZone":"traffic","direction":null,"source":"flocksurveillance.org"}},{"type":"Feature","geometry":{"type":"Point","coordinates":[-111.962334,41.215548]},"properties":{"brand":"Flock Safety","operator":"","surveillanceZone":"traffic","direction":null,"source":"flocksurveillance.org"}},{"type":"Feature","geometry":{"type":"Point","coordinates":[-111.95963,41.214358]},"properties":{"brand":"Flock Safety","operator":"","surveillanceZone":"traffic","direction":null,"source":"flocksurveillance.org"}},{"type":"Feature","geometry":{"type":"Point","coordinates":[-111.976353,41.213849]},"properties":{"brand":"Flock Safety","operator":"","surveillanceZone":"traffic","direction":null,"source":"flocksurveillance.org"}},{"type":"Feature","geometry":{"type":"Point","coordinates":[-111.96228,41.218049]},"properties":{"brand":"Flock Safety","operator":"","surveillanceZone":"traffic","direction":null,"source":"flocksurveillance.org"}},{"type":"Feature","geometry":{"type":"Point","coordinates":[-111.959393,41.209922]},"properties":{"brand":"Flock Safety","operator":"","surveillanceZone":"traffic","direction":null,"source":"flocksurveillance.org"}},{"type":"Feature","geometry":{"type":"Point","coordinates":[-111.970303,41.221136]},"properties":{"brand":"Flock Safety","operator":"","surveillanceZone":"traffic","direction":null,"source":"flocksurveillance.org"}},{"type":"Feature","geometry":{"type":"Point","coordinates":[-111.959425,41.211795]},"properties":{"brand":"Flock Safety","operator":"","surveillanceZone":"traffic","direction":null,"source":"flocksurveillance.org"}},{"type":"Feature","geometry":{"type":"Point","coordinates":[-111.976309,41.218775]},"properties":{"brand":"Flock Safety","operator":"","surveillanceZone":"traffic","direction":null,"source":"flocksurveillance.org"}},{"type":"Feature","geometry":{"type":"Point","coordinates":[-111.978794,41.215144]},"properties":{"brand":"Flock Safety","operator":"","surveillanceZone":"traffic","direction":null,"source":"flocksurveillance.org"}},{"type":"Feature","geometry":{"type":"Point","coordinates":[-112.064534,41.150303]},"properties":{"brand":"Flock Safety","operator":"","surveillanceZone":"traffic","direction":286.6,"source":"flocksurveillance.org"}},{"type":"Feature","geometry":{"type":"Point","coordinates":[-111.959081,41.233999]},"properties":{"brand":"Flock Safety","operator":"","surveillanceZone":"traffic","direction":null,"source":"flocksurveillance.org"}},{"type":"Feature","geometry":{"type":"Point","coordinates":[-111.970443,41.215181]},"properties":{"brand":"Flock Safety","operator":"","surveillanceZone":"traffic","direction":null,"source":"flocksurveillance.org"}},{"type":"Feature","geometry":{"type":"Point","coordinates":[-111.901591,40.620986]},"properties":{"brand":"Flock Safety","operator":"","surveillanceZone":"traffic","direction":291.2,"source":"flocksurveillance.org"}},{"type":"Feature","geometry":{"type":"Point","coordinates":[-112.457194,40.599967]},"properties":{"brand":"Flock Safety","operator":"","surveillanceZone":"traffic","direction":210,"source":"flocksurveillance.org"}},{"type":"Feature","geometry":{"type":"Point","coordinates":[-112.371212,40.613657]},"properties":{"brand":"Flock Safety","operator":"","surveillanceZone":"traffic","direction":295.6,"source":"flocksurveillance.org"}},{"type":"Feature","geometry":{"type":"Point","coordinates":[-111.602493,40.144691]},"properties":{"brand":"Flock Safety","operator":"","surveillanceZone":"traffic","direction":null,"source":"flocksurveillance.org"}},{"type":"Feature","geometry":{"type":"Point","coordinates":[-111.602493,40.144691]},"properties":{"brand":"Flock Safety","operator":"","surveillanceZone":"traffic","direction":15.4,"source":"flocksurveillance.org"}},{"type":"Feature","geometry":{"type":"Point","coordinates":[-111.555568,40.148427]},"properties":{"brand":"Flock Safety","operator":"","surveillanceZone":"traffic","direction":306,"source":"flocksurveillance.org"}},{"type":"Feature","geometry":{"type":"Point","coordinates":[-112.033138,39.372954]},"properties":{"brand":"Flock Safety","operator":"","surveillanceZone":"traffic","direction":277.7,"source":"flocksurveillance.org"}},{"type":"Feature","geometry":{"type":"Point","coordinates":[-112.198888,39.563513]},"properties":{"brand":"Flock Safety","operator":"","surveillanceZone":"traffic","direction":53.8,"source":"flocksurveillance.org"}},{"type":"Feature","geometry":{"type":"Point","coordinates":[-111.873428,39.821011]},"properties":{"brand":"Flock Safety","operator":"","surveillanceZone":"traffic","direction":199.2,"source":"flocksurveillance.org"}},{"type":"Feature","geometry":{"type":"Point","coordinates":[-111.866341,39.748028]},"properties":{"brand":"Flock Safety","operator":"","surveillanceZone":"traffic","direction":277.9,"source":"flocksurveillance.org"}},{"type":"Feature","geometry":{"type":"Point","coordinates":[-113.834337,39.68401]},"properties":{"brand":"Flock Safety","operator":"","surveillanceZone":"traffic","direction":234.2,"source":"flocksurveillance.org"}},{"type":"Feature","geometry":{"type":"Point","coordinates":[-113.724024,39.901714]},"properties":{"brand":"Flock Safety","operator":"","surveillanceZone":"traffic","direction":155.2,"source":"flocksurveillance.org"}},{"type":"Feature","geometry":{"type":"Point","coordinates":[-111.92156,40.523576]},"properties":{"brand":"Flock Safety","operator":"","surveillanceZone":"traffic","direction":null,"source":"flocksurveillance.org"}},{"type":"Feature","geometry":{"type":"Point","coordinates":[-111.88791,40.504133]},"properties":{"brand":"Flock Safety","operator":"","surveillanceZone":"traffic","direction":null,"source":"flocksurveillance.org"}},{"type":"Feature","geometry":{"type":"Point","coordinates":[-111.92156,40.523576]},"properties":{"brand":"Flock Safety","operator":"","surveillanceZone":"traffic","direction":41.6,"source":"flocksurveillance.org"}},{"type":"Feature","geometry":{"type":"Point","coordinates":[-111.88791,40.504133]},"properties":{"brand":"Flock Safety","operator":"","surveillanceZone":"traffic","direction":357.7,"source":"flocksurveillance.org"}},{"type":"Feature","geometry":{"type":"Point","coordinates":[-111.775429,39.975725]},"properties":{"brand":"Flock Safety","operator":"","surveillanceZone":"traffic","direction":null,"source":"flocksurveillance.org"}},{"type":"Feature","geometry":{"type":"Point","coordinates":[-111.752267,39.99772]},"properties":{"brand":"Flock Safety","operator":"","surveillanceZone":"traffic","direction":null,"source":"flocksurveillance.org"}},{"type":"Feature","geometry":{"type":"Point","coordinates":[-111.82924,39.898373]},"properties":{"brand":"Flock Safety","operator":"","surveillanceZone":"traffic","direction":null,"source":"flocksurveillance.org"}},{"type":"Feature","geometry":{"type":"Point","coordinates":[-111.774269,39.975502]},"properties":{"brand":"Flock Safety","operator":"","surveillanceZone":"traffic","direction":null,"source":"flocksurveillance.org"}},{"type":"Feature","geometry":{"type":"Point","coordinates":[-111.82924,39.898373]},"properties":{"brand":"Flock Safety","operator":"","surveillanceZone":"traffic","direction":74.1,"source":"flocksurveillance.org"}},{"type":"Feature","geometry":{"type":"Point","coordinates":[-111.752267,39.99772]},"properties":{"brand":"Flock Safety","operator":"","surveillanceZone":"traffic","direction":262.7,"source":"flocksurveillance.org"}},{"type":"Feature","geometry":{"type":"Point","coordinates":[-111.774269,39.975502]},"properties":{"brand":"Flock Safety","operator":"","surveillanceZone":"traffic","direction":10.2,"source":"flocksurveillance.org"}},{"type":"Feature","geometry":{"type":"Point","coordinates":[-111.795492,39.960305]},"properties":{"brand":"Flock Safety","operator":"","surveillanceZone":"traffic","direction":67.7,"source":"flocksurveillance.org"}},{"type":"Feature","geometry":{"type":"Point","coordinates":[-111.775429,39.975725]},"properties":{"brand":"Flock Safety","operator":"","surveillanceZone":"traffic","direction":194.3,"source":"flocksurveillance.org"}},{"type":"Feature","geometry":{"type":"Point","coordinates":[-111.78578,39.964528]},"properties":{"brand":"Flock Safety","operator":"","surveillanceZone":"traffic","direction":46.7,"source":"flocksurveillance.org"}},{"type":"Feature","geometry":{"type":"Point","coordinates":[-111.752291,39.997704]},"properties":{"brand":"Flock Safety","operator":"","surveillanceZone":"traffic","direction":null,"source":"flocksurveillance.org"}},{"type":"Feature","geometry":{"type":"Point","coordinates":[-111.795485,39.9603]},"properties":{"brand":"Flock Safety","operator":"","surveillanceZone":"traffic","direction":null,"source":"flocksurveillance.org"}},{"type":"Feature","geometry":{"type":"Point","coordinates":[-111.78578,39.964532]},"properties":{"brand":"Flock Safety","operator":"","surveillanceZone":"traffic","direction":null,"source":"flocksurveillance.org"}},{"type":"Feature","geometry":{"type":"Point","coordinates":[-111.775621,39.975702]},"properties":{"brand":"Flock Safety","operator":"","surveillanceZone":"traffic","direction":null,"source":"flocksurveillance.org"}},{"type":"Feature","geometry":{"type":"Point","coordinates":[-111.774268,39.975498]},"properties":{"brand":"Flock Safety","operator":"","surveillanceZone":"traffic","direction":null,"source":"flocksurveillance.org"}},{"type":"Feature","geometry":{"type":"Point","coordinates":[-111.775621,39.975702]},"properties":{"brand":"Flock Safety","operator":"","surveillanceZone":"traffic","direction":155.7,"source":"flocksurveillance.org"}},{"type":"Feature","geometry":{"type":"Point","coordinates":[-111.774268,39.975498]},"properties":{"brand":"Flock Safety","operator":"","surveillanceZone":"traffic","direction":24.5,"source":"flocksurveillance.org"}},{"type":"Feature","geometry":{"type":"Point","coordinates":[-111.78578,39.964532]},"properties":{"brand":"Flock Safety","operator":"","surveillanceZone":"traffic","direction":36.6,"source":"flocksurveillance.org"}},{"type":"Feature","geometry":{"type":"Point","coordinates":[-111.752291,39.997704]},"properties":{"brand":"Flock Safety","operator":"","surveillanceZone":"traffic","direction":262.7,"source":"flocksurveillance.org"}},{"type":"Feature","geometry":{"type":"Point","coordinates":[-111.795485,39.9603]},"properties":{"brand":"Flock Safety","operator":"","surveillanceZone":"traffic","direction":77.3,"source":"flocksurveillance.org"}},{"type":"Feature","geometry":{"type":"Point","coordinates":[-111.746161,40.009599]},"properties":{"brand":"Flock Safety","operator":"","surveillanceZone":"traffic","direction":null,"source":"flocksurveillance.org"}},{"type":"Feature","geometry":{"type":"Point","coordinates":[-111.704629,40.046562]},"properties":{"brand":"Flock Safety","operator":"","surveillanceZone":"traffic","direction":null,"source":"flocksurveillance.org"}},{"type":"Feature","geometry":{"type":"Point","coordinates":[-111.698822,40.070959]},"properties":{"brand":"Flock Safety","operator":"","surveillanceZone":"traffic","direction":null,"source":"flocksurveillance.org"}},{"type":"Feature","geometry":{"type":"Point","coordinates":[-111.704629,40.046562]},"properties":{"brand":"Flock Safety","operator":"","surveillanceZone":"traffic","direction":201.9,"source":"flocksurveillance.org"}},{"type":"Feature","geometry":{"type":"Point","coordinates":[-111.698822,40.070959]},"properties":{"brand":"Flock Safety","operator":"","surveillanceZone":"traffic","direction":230,"source":"flocksurveillance.org"}},{"type":"Feature","geometry":{"type":"Point","coordinates":[-111.746161,40.009599]},"properties":{"brand":"Flock Safety","operator":"","surveillanceZone":"traffic","direction":82.2,"source":"flocksurveillance.org"}},{"type":"Feature","geometry":{"type":"Point","coordinates":[-111.821206,40.385683]},"properties":{"brand":"Flock Safety","operator":"","surveillanceZone":"traffic","direction":null,"source":"flocksurveillance.org"}},{"type":"Feature","geometry":{"type":"Point","coordinates":[-111.821206,40.385683]},"properties":{"brand":"Flock Safety","operator":"","surveillanceZone":"traffic","direction":140.6,"source":"flocksurveillance.org"}},{"type":"Feature","geometry":{"type":"Point","coordinates":[-112.2968,40.570595]},"properties":{"brand":"Flock Safety","operator":"","surveillanceZone":"traffic","direction":55.6,"source":"flocksurveillance.org"}},{"type":"Feature","geometry":{"type":"Point","coordinates":[-111.986417,40.67022]},"properties":{"brand":"Flock Safety","operator":"","surveillanceZone":"traffic","direction":16,"source":"flocksurveillance.org"}},{"type":"Feature","geometry":{"type":"Point","coordinates":[-111.885676,40.915209]},"properties":{"brand":"Flock Safety","operator":"","surveillanceZone":"traffic","direction":190.8,"source":"flocksurveillance.org"}},{"type":"Feature","geometry":{"type":"Point","coordinates":[-111.934192,40.588766]},"properties":{"brand":"Flock Safety","operator":"","surveillanceZone":"traffic","direction":null,"source":"flocksurveillance.org"}},{"type":"Feature","geometry":{"type":"Point","coordinates":[-111.934192,40.588766]},"properties":{"brand":"Flock Safety","operator":"","surveillanceZone":"traffic","direction":193.3,"source":"flocksurveillance.org"}},{"type":"Feature","geometry":{"type":"Point","coordinates":[-111.934192,40.588766]},"properties":{"brand":"Flock Safety","operator":"","surveillanceZone":"traffic","direction":60.4,"source":"flocksurveillance.org"}},{"type":"Feature","geometry":{"type":"Point","coordinates":[-111.934221,40.589738]},"properties":{"brand":"Flock Safety","operator":"","surveillanceZone":"traffic","direction":303.6,"source":"flocksurveillance.org"}},{"type":"Feature","geometry":{"type":"Point","coordinates":[-112.459211,40.595718]},"properties":{"brand":"Flock Safety","operator":"","surveillanceZone":"traffic","direction":244.7,"source":"flocksurveillance.org"}},{"type":"Feature","geometry":{"type":"Point","coordinates":[-112.459213,40.597022]},"properties":{"brand":"Flock Safety","operator":"","surveillanceZone":"traffic","direction":99.7,"source":"flocksurveillance.org"}},{"type":"Feature","geometry":{"type":"Point","coordinates":[-112.426195,40.599477]},"properties":{"brand":"Flock Safety","operator":"","surveillanceZone":"traffic","direction":54,"source":"flocksurveillance.org"}},{"type":"Feature","geometry":{"type":"Point","coordinates":[-111.971693,40.639814]},"properties":{"brand":"Flock Safety","operator":"","surveillanceZone":"traffic","direction":null,"source":"flocksurveillance.org"}},{"type":"Feature","geometry":{"type":"Point","coordinates":[-111.972154,40.641638]},"properties":{"brand":"Flock Safety","operator":"","surveillanceZone":"traffic","direction":null,"source":"flocksurveillance.org"}},{"type":"Feature","geometry":{"type":"Point","coordinates":[-111.967561,40.642767]},"properties":{"brand":"Flock Safety","operator":"","surveillanceZone":"traffic","direction":null,"source":"flocksurveillance.org"}},{"type":"Feature","geometry":{"type":"Point","coordinates":[-111.967561,40.642767]},"properties":{"brand":"Flock Safety","operator":"","surveillanceZone":"traffic","direction":200.4,"source":"flocksurveillance.org"}},{"type":"Feature","geometry":{"type":"Point","coordinates":[-111.971693,40.639814]},"properties":{"brand":"Flock Safety","operator":"","surveillanceZone":"traffic","direction":136,"source":"flocksurveillance.org"}},{"type":"Feature","geometry":{"type":"Point","coordinates":[-111.972154,40.641638]},"properties":{"brand":"Flock Safety","operator":"","surveillanceZone":"traffic","direction":291,"source":"flocksurveillance.org"}},{"type":"Feature","geometry":{"type":"Point","coordinates":[-109.868435,37.150211]},"properties":{"brand":"Flock Safety","operator":"","surveillanceZone":"traffic","direction":null,"source":"flocksurveillance.org"}},{"type":"Feature","geometry":{"type":"Point","coordinates":[-109.868435,37.150211]},"properties":{"brand":"Flock Safety","operator":"","surveillanceZone":"traffic","direction":243.4,"source":"flocksurveillance.org"}},{"type":"Feature","geometry":{"type":"Point","coordinates":[-109.889859,37.131989]},"properties":{"brand":"Flock Safety","operator":"","surveillanceZone":"traffic","direction":55.4,"source":"flocksurveillance.org"}},{"type":"Feature","geometry":{"type":"Point","coordinates":[-109.889859,37.131989]},"properties":{"brand":"Flock Safety","operator":"","surveillanceZone":"traffic","direction":null,"source":"flocksurveillance.org"}},{"type":"Feature","geometry":{"type":"Point","coordinates":[-110.765915,37.061636]},"properties":{"brand":"Flock Safety","operator":"","surveillanceZone":"traffic","direction":null,"source":"flocksurveillance.org"}},{"type":"Feature","geometry":{"type":"Point","coordinates":[-110.765915,37.061636]},"properties":{"brand":"Flock Safety","operator":"","surveillanceZone":"traffic","direction":277.9,"source":"flocksurveillance.org"}},{"type":"Feature","geometry":{"type":"Point","coordinates":[-110.766143,37.062128]},"properties":{"brand":"Flock Safety","operator":"","surveillanceZone":"traffic","direction":null,"source":"flocksurveillance.org"}},{"type":"Feature","geometry":{"type":"Point","coordinates":[-110.766143,37.062128]},"properties":{"brand":"Flock Safety","operator":"","surveillanceZone":"traffic","direction":200.7,"source":"flocksurveillance.org"}},{"type":"Feature","geometry":{"type":"Point","coordinates":[-110.765137,37.061787]},"properties":{"brand":"Flock Safety","operator":"","surveillanceZone":"traffic","direction":null,"source":"flocksurveillance.org"}},{"type":"Feature","geometry":{"type":"Point","coordinates":[-110.765137,37.061787]},"properties":{"brand":"Flock Safety","operator":"","surveillanceZone":"traffic","direction":357.6,"source":"flocksurveillance.org"}},{"type":"Feature","geometry":{"type":"Point","coordinates":[-111.911098,40.687921]},"properties":{"brand":"Flock Safety","operator":"","surveillanceZone":"traffic","direction":null,"source":"flocksurveillance.org"}},{"type":"Feature","geometry":{"type":"Point","coordinates":[-112.41255,37.964958]},"properties":{"brand":"Flock Safety","operator":"","surveillanceZone":"traffic","direction":null,"source":"flocksurveillance.org"}},{"type":"Feature","geometry":{"type":"Point","coordinates":[-112.41255,37.964958]},"properties":{"brand":"Flock Safety","operator":"","surveillanceZone":"traffic","direction":62.7,"source":"flocksurveillance.org"}},{"type":"Feature","geometry":{"type":"Point","coordinates":[-112.454149,37.630888]},"properties":{"brand":"Flock Safety","operator":"","surveillanceZone":"traffic","direction":null,"source":"flocksurveillance.org"}},{"type":"Feature","geometry":{"type":"Point","coordinates":[-111.427172,37.901161]},"properties":{"brand":"Flock Safety","operator":"","surveillanceZone":"traffic","direction":null,"source":"flocksurveillance.org"}},{"type":"Feature","geometry":{"type":"Point","coordinates":[-111.427172,37.901161]},"properties":{"brand":"Flock Safety","operator":"","surveillanceZone":"traffic","direction":190.4,"source":"flocksurveillance.org"}},{"type":"Feature","geometry":{"type":"Point","coordinates":[-112.454149,37.630888]},"properties":{"brand":"Flock Safety","operator":"","surveillanceZone":"traffic","direction":58.8,"source":"flocksurveillance.org"}},{"type":"Feature","geometry":{"type":"Point","coordinates":[-112.512653,37.488949]},"properties":{"brand":"Flock Safety","operator":"","surveillanceZone":"traffic","direction":null,"source":"flocksurveillance.org"}},{"type":"Feature","geometry":{"type":"Point","coordinates":[-112.526274,37.04366]},"properties":{"brand":"Flock Safety","operator":"","surveillanceZone":"traffic","direction":null,"source":"flocksurveillance.org"}},{"type":"Feature","geometry":{"type":"Point","coordinates":[-112.172904,37.072355]},"properties":{"brand":"Flock Safety","operator":"","surveillanceZone":"traffic","direction":null,"source":"flocksurveillance.org"}},{"type":"Feature","geometry":{"type":"Point","coordinates":[-112.743502,37.525066]},"properties":{"brand":"Flock Safety","operator":"","surveillanceZone":"traffic","direction":null,"source":"flocksurveillance.org"}},{"type":"Feature","geometry":{"type":"Point","coordinates":[-112.681019,37.223515]},"properties":{"brand":"Flock Safety","operator":"","surveillanceZone":"traffic","direction":null,"source":"flocksurveillance.org"}},{"type":"Feature","geometry":{"type":"Point","coordinates":[-112.526517,37.042176]},"properties":{"brand":"Flock Safety","operator":"","surveillanceZone":"traffic","direction":null,"source":"flocksurveillance.org"}},{"type":"Feature","geometry":{"type":"Point","coordinates":[-111.659914,37.076578]},"properties":{"brand":"Flock Safety","operator":"","surveillanceZone":"traffic","direction":null,"source":"flocksurveillance.org"}},{"type":"Feature","geometry":{"type":"Point","coordinates":[-112.833418,37.238781]},"properties":{"brand":"Flock Safety","operator":"","surveillanceZone":"traffic","direction":null,"source":"flocksurveillance.org"}},{"type":"Feature","geometry":{"type":"Point","coordinates":[-112.528892,37.00528]},"properties":{"brand":"Flock Safety","operator":"","surveillanceZone":"traffic","direction":null,"source":"flocksurveillance.org"}},{"type":"Feature","geometry":{"type":"Point","coordinates":[-112.525607,37.042892]},"properties":{"brand":"Flock Safety","operator":"","surveillanceZone":"traffic","direction":null,"source":"flocksurveillance.org"}},{"type":"Feature","geometry":{"type":"Point","coordinates":[-112.527739,37.043103]},"properties":{"brand":"Flock Safety","operator":"","surveillanceZone":"traffic","direction":null,"source":"flocksurveillance.org"}},{"type":"Feature","geometry":{"type":"Point","coordinates":[-112.681019,37.223515]},"properties":{"brand":"Flock Safety","operator":"","surveillanceZone":"traffic","direction":239.4,"source":"flocksurveillance.org"}},{"type":"Feature","geometry":{"type":"Point","coordinates":[-112.833418,37.238781]},"properties":{"brand":"Flock Safety","operator":"","surveillanceZone":"traffic","direction":17.7,"source":"flocksurveillance.org"}},{"type":"Feature","geometry":{"type":"Point","coordinates":[-112.512653,37.488949]},"properties":{"brand":"Flock Safety","operator":"","surveillanceZone":"traffic","direction":260.8,"source":"flocksurveillance.org"}},{"type":"Feature","geometry":{"type":"Point","coordinates":[-112.528892,37.00528]},"properties":{"brand":"Flock Safety","operator":"","surveillanceZone":"traffic","direction":77.2,"source":"flocksurveillance.org"}},{"type":"Feature","geometry":{"type":"Point","coordinates":[-112.512653,37.488949]},"properties":{"brand":"Flock Safety","operator":"","surveillanceZone":"traffic","direction":259.2,"source":"flocksurveillance.org"}},{"type":"Feature","geometry":{"type":"Point","coordinates":[-112.172904,37.072355]},"properties":{"brand":"Flock Safety","operator":"","surveillanceZone":"traffic","direction":221.6,"source":"flocksurveillance.org"}},{"type":"Feature","geometry":{"type":"Point","coordinates":[-112.526274,37.04366]},"properties":{"brand":"Flock Safety","operator":"","surveillanceZone":"traffic","direction":108.7,"source":"flocksurveillance.org"}},{"type":"Feature","geometry":{"type":"Point","coordinates":[-112.833418,37.238781]},"properties":{"brand":"Flock Safety","operator":"","surveillanceZone":"traffic","direction":8,"source":"flocksurveillance.org"}},{"type":"Feature","geometry":{"type":"Point","coordinates":[-111.659914,37.076578]},"properties":{"brand":"Flock Safety","operator":"","surveillanceZone":"traffic","direction":162.2,"source":"flocksurveillance.org"}},{"type":"Feature","geometry":{"type":"Point","coordinates":[-112.743502,37.525066]},"properties":{"brand":"Flock Safety","operator":"","surveillanceZone":"traffic","direction":335.5,"source":"flocksurveillance.org"}},{"type":"Feature","geometry":{"type":"Point","coordinates":[-112.526517,37.042176]},"properties":{"brand":"Flock Safety","operator":"","surveillanceZone":"traffic","direction":291.9,"source":"flocksurveillance.org"}},{"type":"Feature","geometry":{"type":"Point","coordinates":[-112.681019,37.223515]},"properties":{"brand":"Flock Safety","operator":"","surveillanceZone":"traffic","direction":238.9,"source":"flocksurveillance.org"}},{"type":"Feature","geometry":{"type":"Point","coordinates":[-112.527739,37.043103]},"properties":{"brand":"Flock Safety","operator":"","surveillanceZone":"traffic","direction":203.6,"source":"flocksurveillance.org"}},{"type":"Feature","geometry":{"type":"Point","coordinates":[-112.525607,37.042892]},"properties":{"brand":"Flock Safety","operator":"","surveillanceZone":"traffic","direction":13.7,"source":"flocksurveillance.org"}},{"type":"Feature","geometry":{"type":"Point","coordinates":[-112.525607,37.042892]},"properties":{"brand":"Flock Safety","operator":"","surveillanceZone":"traffic","direction":137.9,"source":"flocksurveillance.org"}},{"type":"Feature","geometry":{"type":"Point","coordinates":[-111.975506,41.176154]},"properties":{"brand":"Flock Safety","operator":"","surveillanceZone":"traffic","direction":null,"source":"flocksurveillance.org"}},{"type":"Feature","geometry":{"type":"Point","coordinates":[-111.857004,40.619288]},"properties":{"brand":"Flock Safety","operator":"","surveillanceZone":"traffic","direction":null,"source":"flocksurveillance.org"}},{"type":"Feature","geometry":{"type":"Point","coordinates":[-112.058683,41.139776]},"properties":{"brand":"Flock Safety","operator":"","surveillanceZone":"traffic","direction":20.5,"source":"flocksurveillance.org"}},{"type":"Feature","geometry":{"type":"Point","coordinates":[-112.009485,41.249371]},"properties":{"brand":"Flock Safety","operator":"","surveillanceZone":"traffic","direction":null,"source":"flocksurveillance.org"}},{"type":"Feature","geometry":{"type":"Point","coordinates":[-111.902646,40.620472]},"properties":{"brand":"Flock Safety","operator":"","surveillanceZone":"traffic","direction":null,"source":"flocksurveillance.org"}},{"type":"Feature","geometry":{"type":"Point","coordinates":[-111.899712,40.620993]},"properties":{"brand":"Flock Safety","operator":"","surveillanceZone":"traffic","direction":null,"source":"flocksurveillance.org"}},{"type":"Feature","geometry":{"type":"Point","coordinates":[-111.939148,40.750755]},"properties":{"brand":"Flock Safety","operator":"","surveillanceZone":"traffic","direction":null,"source":"flocksurveillance.org"}},{"type":"Feature","geometry":{"type":"Point","coordinates":[-111.999582,41.274208]},"properties":{"brand":"Flock Safety","operator":"","surveillanceZone":"traffic","direction":null,"source":"flocksurveillance.org"}},{"type":"Feature","geometry":{"type":"Point","coordinates":[-111.900144,40.699743]},"properties":{"brand":"Flock Safety","operator":"","surveillanceZone":"traffic","direction":31.4,"source":"flocksurveillance.org"}},{"type":"Feature","geometry":{"type":"Point","coordinates":[-111.727881,40.326237]},"properties":{"brand":"Flock Safety","operator":"","surveillanceZone":"traffic","direction":22.2,"source":"flocksurveillance.org"}},{"type":"Feature","geometry":{"type":"Point","coordinates":[-111.882582,40.767614]},"properties":{"brand":"Flock Safety","operator":"","surveillanceZone":"traffic","direction":null,"source":"flocksurveillance.org"}},{"type":"Feature","geometry":{"type":"Point","coordinates":[-111.969001,40.594663]},"properties":{"brand":"Flock Safety","operator":"","surveillanceZone":"traffic","direction":222.6,"source":"flocksurveillance.org"}},{"type":"Feature","geometry":{"type":"Point","coordinates":[-111.937228,40.751026]},"properties":{"brand":"Flock Safety","operator":"","surveillanceZone":"traffic","direction":null,"source":"flocksurveillance.org"}},{"type":"Feature","geometry":{"type":"Point","coordinates":[-111.914299,41.013197]},"properties":{"brand":"Flock Safety","operator":"","surveillanceZone":"traffic","direction":161.7,"source":"flocksurveillance.org"}},{"type":"Feature","geometry":{"type":"Point","coordinates":[-111.945413,40.696504]},"properties":{"brand":"Flock Safety","operator":"","surveillanceZone":"traffic","direction":22.6,"source":"flocksurveillance.org"}},{"type":"Feature","geometry":{"type":"Point","coordinates":[-111.939771,40.68225]},"properties":{"brand":"Flock Safety","operator":"","surveillanceZone":"traffic","direction":203.4,"source":"flocksurveillance.org"}},{"type":"Feature","geometry":{"type":"Point","coordinates":[-111.980125,40.622923]},"properties":{"brand":"Flock Safety","operator":"","surveillanceZone":"traffic","direction":null,"source":"flocksurveillance.org"}},{"type":"Feature","geometry":{"type":"Point","coordinates":[-112.025032,40.720369]},"properties":{"brand":"Flock Safety","operator":"","surveillanceZone":"traffic","direction":293.6,"source":"flocksurveillance.org"}},{"type":"Feature","geometry":{"type":"Point","coordinates":[-112.042938,40.638447]},"properties":{"brand":"Flock Safety","operator":"","surveillanceZone":"traffic","direction":26.2,"source":"flocksurveillance.org"}},{"type":"Feature","geometry":{"type":"Point","coordinates":[-111.932002,40.698644]},"properties":{"brand":"Flock Safety","operator":"","surveillanceZone":"traffic","direction":243.6,"source":"flocksurveillance.org"}},{"type":"Feature","geometry":{"type":"Point","coordinates":[-112.060531,40.696594]},"properties":{"brand":"Flock Safety","operator":"","surveillanceZone":"traffic","direction":197.7,"source":"flocksurveillance.org"}},{"type":"Feature","geometry":{"type":"Point","coordinates":[-112.011389,40.703969]},"properties":{"brand":"Flock Safety","operator":"","surveillanceZone":"traffic","direction":201.8,"source":"flocksurveillance.org"}},{"type":"Feature","geometry":{"type":"Point","coordinates":[-111.967456,40.725655]},"properties":{"brand":"Flock Safety","operator":"","surveillanceZone":"traffic","direction":18.8,"source":"flocksurveillance.org"}},{"type":"Feature","geometry":{"type":"Point","coordinates":[-111.986916,40.66646]},"properties":{"brand":"Flock Safety","operator":"","surveillanceZone":"traffic","direction":280.2,"source":"flocksurveillance.org"}},{"type":"Feature","geometry":{"type":"Point","coordinates":[-111.857075,40.619425]},"properties":{"brand":"Flock Safety","operator":"","surveillanceZone":"traffic","direction":null,"source":"flocksurveillance.org"}},{"type":"Feature","geometry":{"type":"Point","coordinates":[-112.274325,40.55903]},"properties":{"brand":"Flock Safety","operator":"","surveillanceZone":"traffic","direction":null,"source":"flocksurveillance.org"}},{"type":"Feature","geometry":{"type":"Point","coordinates":[-112.345934,40.552887]},"properties":{"brand":"Flock Safety","operator":"","surveillanceZone":"traffic","direction":134.5,"source":"flocksurveillance.org"}},{"type":"Feature","geometry":{"type":"Point","coordinates":[-111.890227,40.619542]},"properties":{"brand":"Flock Safety","operator":"","surveillanceZone":"traffic","direction":null,"source":"flocksurveillance.org"}},{"type":"Feature","geometry":{"type":"Point","coordinates":[-111.708696,40.273614]},"properties":{"brand":"Flock Safety","operator":"","surveillanceZone":"traffic","direction":20,"source":"flocksurveillance.org"}},{"type":"Feature","geometry":{"type":"Point","coordinates":[-111.914301,41.041429]},"properties":{"brand":"Flock Safety","operator":"","surveillanceZone":"traffic","direction":218.6,"source":"flocksurveillance.org"}},{"type":"Feature","geometry":{"type":"Point","coordinates":[-112.076872,41.176065]},"properties":{"brand":"Flock Safety","operator":"","surveillanceZone":"traffic","direction":null,"source":"flocksurveillance.org"}},{"type":"Feature","geometry":{"type":"Point","coordinates":[-111.879663,40.75441]},"properties":{"brand":"Flock Safety","operator":"","surveillanceZone":"traffic","direction":null,"source":"flocksurveillance.org"}},{"type":"Feature","geometry":{"type":"Point","coordinates":[-111.974536,41.220397]},"properties":{"brand":"Flock Safety","operator":"","surveillanceZone":"traffic","direction":null,"source":"flocksurveillance.org"}},{"type":"Feature","geometry":{"type":"Point","coordinates":[-111.65456,40.128724]},"properties":{"brand":"Flock Safety","operator":"","surveillanceZone":"traffic","direction":120.6,"source":"flocksurveillance.org"}},{"type":"Feature","geometry":{"type":"Point","coordinates":[-109.500156,38.744435]},"properties":{"brand":"Flock Safety","operator":"","surveillanceZone":"traffic","direction":null,"source":"flocksurveillance.org"}},{"type":"Feature","geometry":{"type":"Point","coordinates":[-112.269329,40.806542]},"properties":{"brand":"Flock Safety","operator":"","surveillanceZone":"traffic","direction":null,"source":"flocksurveillance.org"}},{"type":"Feature","geometry":{"type":"Point","coordinates":[-111.950783,41.038328]},"properties":{"brand":"Flock Safety","operator":"","surveillanceZone":"traffic","direction":210.9,"source":"flocksurveillance.org"}},{"type":"Feature","geometry":{"type":"Point","coordinates":[-112.369235,40.567589]},"properties":{"brand":"Flock Safety","operator":"","surveillanceZone":"traffic","direction":348.8,"source":"flocksurveillance.org"}},{"type":"Feature","geometry":{"type":"Point","coordinates":[-111.65765,40.282717]},"properties":{"brand":"Flock Safety","operator":"","surveillanceZone":"traffic","direction":16.6,"source":"flocksurveillance.org"}},{"type":"Feature","geometry":{"type":"Point","coordinates":[-111.935963,40.646142]},"properties":{"brand":"Flock Safety","operator":"","surveillanceZone":"traffic","direction":72,"source":"flocksurveillance.org"}},{"type":"Feature","geometry":{"type":"Point","coordinates":[-111.734049,40.289153]},"properties":{"brand":"Flock Safety","operator":"","surveillanceZone":"traffic","direction":298.3,"source":"flocksurveillance.org"}},{"type":"Feature","geometry":{"type":"Point","coordinates":[-111.671856,40.296988]},"properties":{"brand":"Flock Safety","operator":"","surveillanceZone":"traffic","direction":201.2,"source":"flocksurveillance.org"}},{"type":"Feature","geometry":{"type":"Point","coordinates":[-111.862122,39.559687]},"properties":{"brand":"Flock Safety","operator":"","surveillanceZone":"traffic","direction":null,"source":"flocksurveillance.org"}},{"type":"Feature","geometry":{"type":"Point","coordinates":[-111.773415,40.438599]},"properties":{"brand":"Flock Safety","operator":"","surveillanceZone":"traffic","direction":103.9,"source":"flocksurveillance.org"}},{"type":"Feature","geometry":{"type":"Point","coordinates":[-112.006565,41.229054]},"properties":{"brand":"Flock Safety","operator":"","surveillanceZone":"traffic","direction":283.1,"source":"flocksurveillance.org"}},{"type":"Feature","geometry":{"type":"Point","coordinates":[-111.722819,40.312399]},"properties":{"brand":"Flock Safety","operator":"","surveillanceZone":"traffic","direction":123,"source":"flocksurveillance.org"}},{"type":"Feature","geometry":{"type":"Point","coordinates":[-111.978143,41.220907]},"properties":{"brand":"Flock Safety","operator":"","surveillanceZone":"traffic","direction":null,"source":"flocksurveillance.org"}},{"type":"Feature","geometry":{"type":"Point","coordinates":[-111.680471,40.265398]},"properties":{"brand":"Flock Safety","operator":"","surveillanceZone":"traffic","direction":164.1,"source":"flocksurveillance.org"}},{"type":"Feature","geometry":{"type":"Point","coordinates":[-111.981866,41.230991]},"properties":{"brand":"Flock Safety","operator":"","surveillanceZone":"traffic","direction":null,"source":"flocksurveillance.org"}},{"type":"Feature","geometry":{"type":"Point","coordinates":[-111.711689,40.271439]},"properties":{"brand":"Flock Safety","operator":"","surveillanceZone":"traffic","direction":118.9,"source":"flocksurveillance.org"}},{"type":"Feature","geometry":{"type":"Point","coordinates":[-111.986319,40.638708]},"properties":{"brand":"Flock Safety","operator":"","surveillanceZone":"traffic","direction":110.9,"source":"flocksurveillance.org"}},{"type":"Feature","geometry":{"type":"Point","coordinates":[-112.019831,41.166475]},"properties":{"brand":"Flock Safety","operator":"","surveillanceZone":"traffic","direction":null,"source":"flocksurveillance.org"}},{"type":"Feature","geometry":{"type":"Point","coordinates":[-111.78144,40.421943]},"properties":{"brand":"Flock Safety","operator":"","surveillanceZone":"traffic","direction":null,"source":"flocksurveillance.org"}},{"type":"Feature","geometry":{"type":"Point","coordinates":[-111.916844,40.771243]},"properties":{"brand":"Flock Safety","operator":"","surveillanceZone":"traffic","direction":null,"source":"flocksurveillance.org"}},{"type":"Feature","geometry":{"type":"Point","coordinates":[-111.890135,40.919455]},"properties":{"brand":"Flock Safety","operator":"","surveillanceZone":"traffic","direction":252.2,"source":"flocksurveillance.org"}},{"type":"Feature","geometry":{"type":"Point","coordinates":[-111.899999,40.620412]},"properties":{"brand":"Flock Safety","operator":"","surveillanceZone":"traffic","direction":null,"source":"flocksurveillance.org"}},{"type":"Feature","geometry":{"type":"Point","coordinates":[-111.85612,40.621773]},"properties":{"brand":"Flock Safety","operator":"","surveillanceZone":"traffic","direction":null,"source":"flocksurveillance.org"}},{"type":"Feature","geometry":{"type":"Point","coordinates":[-111.916187,40.740658]},"properties":{"brand":"Flock Safety","operator":"","surveillanceZone":"traffic","direction":null,"source":"flocksurveillance.org"}},{"type":"Feature","geometry":{"type":"Point","coordinates":[-112.026199,41.168871]},"properties":{"brand":"Flock Safety","operator":"","surveillanceZone":"traffic","direction":null,"source":"flocksurveillance.org"}},{"type":"Feature","geometry":{"type":"Point","coordinates":[-112.026106,41.184012]},"properties":{"brand":"Flock Safety","operator":"","surveillanceZone":"traffic","direction":null,"source":"flocksurveillance.org"}},{"type":"Feature","geometry":{"type":"Point","coordinates":[-111.958205,41.209707]},"properties":{"brand":"Flock Safety","operator":"","surveillanceZone":"traffic","direction":null,"source":"flocksurveillance.org"}},{"type":"Feature","geometry":{"type":"Point","coordinates":[-111.947951,41.495478]},"properties":{"brand":"Flock Safety","operator":"","surveillanceZone":"traffic","direction":null,"source":"flocksurveillance.org"}},{"type":"Feature","geometry":{"type":"Point","coordinates":[-112.006165,40.651938]},"properties":{"brand":"Flock Safety","operator":"","surveillanceZone":"traffic","direction":301.3,"source":"flocksurveillance.org"}},{"type":"Feature","geometry":{"type":"Point","coordinates":[-112.028419,40.704471]},"properties":{"brand":"Flock Safety","operator":"","surveillanceZone":"traffic","direction":11.8,"source":"flocksurveillance.org"}},{"type":"Feature","geometry":{"type":"Point","coordinates":[-111.892667,40.686875]},"properties":{"brand":"Flock Safety","operator":"","surveillanceZone":"traffic","direction":16.2,"source":"flocksurveillance.org"}},{"type":"Feature","geometry":{"type":"Point","coordinates":[-111.896023,40.741732]},"properties":{"brand":"Flock Safety","operator":"","surveillanceZone":"traffic","direction":106.8,"source":"flocksurveillance.org"}},{"type":"Feature","geometry":{"type":"Point","coordinates":[-111.973693,41.210227]},"properties":{"brand":"Flock Safety","operator":"","surveillanceZone":"traffic","direction":null,"source":"flocksurveillance.org"}},{"type":"Feature","geometry":{"type":"Point","coordinates":[-112.026283,41.176271]},"properties":{"brand":"Flock Safety","operator":"","surveillanceZone":"traffic","direction":null,"source":"flocksurveillance.org"}},{"type":"Feature","geometry":{"type":"Point","coordinates":[-111.899515,40.72725]},"properties":{"brand":"Flock Safety","operator":"","surveillanceZone":"traffic","direction":null,"source":"flocksurveillance.org"}},{"type":"Feature","geometry":{"type":"Point","coordinates":[-111.878879,40.906771]},"properties":{"brand":"Flock Safety","operator":"","surveillanceZone":"traffic","direction":107.7,"source":"flocksurveillance.org"}},{"type":"Feature","geometry":{"type":"Point","coordinates":[-111.885449,40.913005]},"properties":{"brand":"Flock Safety","operator":"","surveillanceZone":"traffic","direction":102,"source":"flocksurveillance.org"}},{"type":"Feature","geometry":{"type":"Point","coordinates":[-111.735919,40.319764]},"properties":{"brand":"Flock Safety","operator":"","surveillanceZone":"traffic","direction":132.8,"source":"flocksurveillance.org"}},{"type":"Feature","geometry":{"type":"Point","coordinates":[-111.895347,40.741691]},"properties":{"brand":"Flock Safety","operator":"","surveillanceZone":"traffic","direction":109.7,"source":"flocksurveillance.org"}},{"type":"Feature","geometry":{"type":"Point","coordinates":[-112.027512,41.190809]},"properties":{"brand":"Flock Safety","operator":"","surveillanceZone":"traffic","direction":null,"source":"flocksurveillance.org"}},{"type":"Feature","geometry":{"type":"Point","coordinates":[-112.024013,41.161836]},"properties":{"brand":"Flock Safety","operator":"","surveillanceZone":"traffic","direction":211.9,"source":"flocksurveillance.org"}},{"type":"Feature","geometry":{"type":"Point","coordinates":[-112.026193,41.155918]},"properties":{"brand":"Flock Safety","operator":"","surveillanceZone":"traffic","direction":null,"source":"flocksurveillance.org"}},{"type":"Feature","geometry":{"type":"Point","coordinates":[-111.885008,40.58899]},"properties":{"brand":"Flock Safety","operator":"","surveillanceZone":"traffic","direction":114.1,"source":"flocksurveillance.org"}},{"type":"Feature","geometry":{"type":"Point","coordinates":[-112.026238,41.183537]},"properties":{"brand":"Flock Safety","operator":"","surveillanceZone":"traffic","direction":null,"source":"flocksurveillance.org"}},{"type":"Feature","geometry":{"type":"Point","coordinates":[-111.938758,40.784722]},"properties":{"brand":"Flock Safety","operator":"","surveillanceZone":"traffic","direction":null,"source":"flocksurveillance.org"}},{"type":"Feature","geometry":{"type":"Point","coordinates":[-111.93501,40.783519]},"properties":{"brand":"Flock Safety","operator":"","surveillanceZone":"traffic","direction":null,"source":"flocksurveillance.org"}},{"type":"Feature","geometry":{"type":"Point","coordinates":[-111.887827,40.736773]},"properties":{"brand":"Flock Safety","operator":"","surveillanceZone":"traffic","direction":null,"source":"flocksurveillance.org"}},{"type":"Feature","geometry":{"type":"Point","coordinates":[-111.856681,40.72315]},"properties":{"brand":"Flock Safety","operator":"","surveillanceZone":"traffic","direction":265.4,"source":"flocksurveillance.org"}},{"type":"Feature","geometry":{"type":"Point","coordinates":[-111.837674,39.684994]},"properties":{"brand":"Flock Safety","operator":"","surveillanceZone":"traffic","direction":null,"source":"flocksurveillance.org"}},{"type":"Feature","geometry":{"type":"Point","coordinates":[-111.863505,39.709953]},"properties":{"brand":"Flock Safety","operator":"","surveillanceZone":"traffic","direction":11.7,"source":"flocksurveillance.org"}},{"type":"Feature","geometry":{"type":"Point","coordinates":[-111.928907,40.687104]},"properties":{"brand":"Flock Safety","operator":"","surveillanceZone":"traffic","direction":null,"source":"flocksurveillance.org"}},{"type":"Feature","geometry":{"type":"Point","coordinates":[-112.042474,41.19609]},"properties":{"brand":"Flock Safety","operator":"","surveillanceZone":"traffic","direction":null,"source":"flocksurveillance.org"}},{"type":"Feature","geometry":{"type":"Point","coordinates":[-111.980577,41.231222]},"properties":{"brand":"Flock Safety","operator":"","surveillanceZone":"traffic","direction":null,"source":"flocksurveillance.org"}},{"type":"Feature","geometry":{"type":"Point","coordinates":[-111.61041,40.15961]},"properties":{"brand":"Flock Safety","operator":"","surveillanceZone":"traffic","direction":122.6,"source":"flocksurveillance.org"}},{"type":"Feature","geometry":{"type":"Point","coordinates":[-111.990286,41.245382]},"properties":{"brand":"Flock Safety","operator":"","surveillanceZone":"traffic","direction":null,"source":"flocksurveillance.org"}},{"type":"Feature","geometry":{"type":"Point","coordinates":[-112.103343,39.959322]},"properties":{"brand":"Flock Safety","operator":"","surveillanceZone":"traffic","direction":242.4,"source":"flocksurveillance.org"}},{"type":"Feature","geometry":{"type":"Point","coordinates":[-112.025198,40.766044]},"properties":{"brand":"Flock Safety","operator":"","surveillanceZone":"traffic","direction":null,"source":"flocksurveillance.org"}},{"type":"Feature","geometry":{"type":"Point","coordinates":[-111.992087,40.744083]},"properties":{"brand":"Flock Safety","operator":"","surveillanceZone":"traffic","direction":null,"source":"flocksurveillance.org"}},{"type":"Feature","geometry":{"type":"Point","coordinates":[-111.938849,40.761195]},"properties":{"brand":"Flock Safety","operator":"","surveillanceZone":"traffic","direction":null,"source":"flocksurveillance.org"}},{"type":"Feature","geometry":{"type":"Point","coordinates":[-111.989011,41.259519]},"properties":{"brand":"Flock Safety","operator":"","surveillanceZone":"traffic","direction":null,"source":"flocksurveillance.org"}},{"type":"Feature","geometry":{"type":"Point","coordinates":[-111.959282,41.227724]},"properties":{"brand":"Flock Safety","operator":"","surveillanceZone":"traffic","direction":null,"source":"flocksurveillance.org"}},{"type":"Feature","geometry":{"type":"Point","coordinates":[-111.902564,40.62011]},"properties":{"brand":"Flock Safety","operator":"","surveillanceZone":"traffic","direction":null,"source":"flocksurveillance.org"}},{"type":"Feature","geometry":{"type":"Point","coordinates":[-112.315697,40.509293]},"properties":{"brand":"Flock Safety","operator":"","surveillanceZone":"traffic","direction":255,"source":"flocksurveillance.org"}},{"type":"Feature","geometry":{"type":"Point","coordinates":[-111.969482,40.594929]},"properties":{"brand":"Flock Safety","operator":"","surveillanceZone":"traffic","direction":308.7,"source":"flocksurveillance.org"}},{"type":"Feature","geometry":{"type":"Point","coordinates":[-111.984772,40.613483]},"properties":{"brand":"Flock Safety","operator":"","surveillanceZone":"traffic","direction":266.1,"source":"flocksurveillance.org"}},{"type":"Feature","geometry":{"type":"Point","coordinates":[-111.853554,40.721044]},"properties":{"brand":"Flock Safety","operator":"","surveillanceZone":"traffic","direction":null,"source":"flocksurveillance.org"}},{"type":"Feature","geometry":{"type":"Point","coordinates":[-111.939442,40.770206]},"properties":{"brand":"Flock Safety","operator":"","surveillanceZone":"traffic","direction":null,"source":"flocksurveillance.org"}},{"type":"Feature","geometry":{"type":"Point","coordinates":[-111.915147,40.620806]},"properties":{"brand":"Flock Safety","operator":"","surveillanceZone":"traffic","direction":null,"source":"flocksurveillance.org"}},{"type":"Feature","geometry":{"type":"Point","coordinates":[-111.897079,40.633029]},"properties":{"brand":"Flock Safety","operator":"","surveillanceZone":"traffic","direction":114.2,"source":"flocksurveillance.org"}},{"type":"Feature","geometry":{"type":"Point","coordinates":[-111.783611,40.420922]},"properties":{"brand":"Flock Safety","operator":"","surveillanceZone":"traffic","direction":null,"source":"flocksurveillance.org"}},{"type":"Feature","geometry":{"type":"Point","coordinates":[-111.916732,40.760885]},"properties":{"brand":"Flock Safety","operator":"","surveillanceZone":"traffic","direction":null,"source":"flocksurveillance.org"}},{"type":"Feature","geometry":{"type":"Point","coordinates":[-111.89778,40.633012]},"properties":{"brand":"Flock Safety","operator":"","surveillanceZone":"traffic","direction":109.3,"source":"flocksurveillance.org"}},{"type":"Feature","geometry":{"type":"Point","coordinates":[-111.794679,40.698551]},"properties":{"brand":"Flock Safety","operator":"","surveillanceZone":"traffic","direction":98.9,"source":"flocksurveillance.org"}},{"type":"Feature","geometry":{"type":"Point","coordinates":[-111.923022,40.740758]},"properties":{"brand":"Flock Safety","operator":"","surveillanceZone":"traffic","direction":null,"source":"flocksurveillance.org"}},{"type":"Feature","geometry":{"type":"Point","coordinates":[-112.024427,40.642103]},"properties":{"brand":"Flock Safety","operator":"","surveillanceZone":"traffic","direction":108.4,"source":"flocksurveillance.org"}},{"type":"Feature","geometry":{"type":"Point","coordinates":[-111.971011,41.167626]},"properties":{"brand":"Flock Safety","operator":"","surveillanceZone":"traffic","direction":null,"source":"flocksurveillance.org"}},{"type":"Feature","geometry":{"type":"Point","coordinates":[-111.938794,40.726369]},"properties":{"brand":"Flock Safety","operator":"","surveillanceZone":"traffic","direction":null,"source":"flocksurveillance.org"}},{"type":"Feature","geometry":{"type":"Point","coordinates":[-111.900727,40.74156]},"properties":{"brand":"Flock Safety","operator":"","surveillanceZone":"traffic","direction":15,"source":"flocksurveillance.org"}},{"type":"Feature","geometry":{"type":"Point","coordinates":[-111.946153,40.841926]},"properties":{"brand":"Flock Safety","operator":"","surveillanceZone":"traffic","direction":190,"source":"flocksurveillance.org"}},{"type":"Feature","geometry":{"type":"Point","coordinates":[-112.024978,40.771246]},"properties":{"brand":"Flock Safety","operator":"","surveillanceZone":"traffic","direction":null,"source":"flocksurveillance.org"}},{"type":"Feature","geometry":{"type":"Point","coordinates":[-111.939399,40.789753]},"properties":{"brand":"Flock Safety","operator":"","surveillanceZone":"traffic","direction":null,"source":"flocksurveillance.org"}},{"type":"Feature","geometry":{"type":"Point","coordinates":[-111.939898,40.842488]},"properties":{"brand":"Flock Safety","operator":"","surveillanceZone":"traffic","direction":null,"source":"flocksurveillance.org"}},{"type":"Feature","geometry":{"type":"Point","coordinates":[-112.002101,41.196213]},"properties":{"brand":"Flock Safety","operator":"","surveillanceZone":"traffic","direction":62.9,"source":"flocksurveillance.org"}},{"type":"Feature","geometry":{"type":"Point","coordinates":[-111.939055,40.79156]},"properties":{"brand":"Flock Safety","operator":"","surveillanceZone":"traffic","direction":null,"source":"flocksurveillance.org"}},{"type":"Feature","geometry":{"type":"Point","coordinates":[-111.917291,40.760876]},"properties":{"brand":"Flock Safety","operator":"","surveillanceZone":"traffic","direction":null,"source":"flocksurveillance.org"}},{"type":"Feature","geometry":{"type":"Point","coordinates":[-111.885126,40.591579]},"properties":{"brand":"Flock Safety","operator":"","surveillanceZone":"traffic","direction":283.2,"source":"flocksurveillance.org"}},{"type":"Feature","geometry":{"type":"Point","coordinates":[-112.064352,41.125945]},"properties":{"brand":"Flock Safety","operator":"","surveillanceZone":"traffic","direction":113.6,"source":"flocksurveillance.org"}},{"type":"Feature","geometry":{"type":"Point","coordinates":[-112.338105,40.542593]},"properties":{"brand":"Flock Safety","operator":"","surveillanceZone":"traffic","direction":null,"source":"flocksurveillance.org"}},{"type":"Feature","geometry":{"type":"Point","coordinates":[-111.860849,40.624398]},"properties":{"brand":"Flock Safety","operator":"","surveillanceZone":"traffic","direction":null,"source":"flocksurveillance.org"}}]}